ordem;processo;area;pontuacao_nao_calibrada;resultado_historico;rodada
1;880.044/2010;2113;0.962992263521997;1;8
2;301.031/2019;3908;0.8599036417465293;1;8
3;860.586/2016;4362;0.8573952479954796;0;8
4;860.698/2010;4545;0.8518066522538186;1;8
5;840.240/2018;4489;0.8508294936819071;0;8
6;826.084/2020;4369;0.8217850528577867;1;8
7;810.086/2016;3937;0.8194845824317579;1;8
8;803.239/2011;669;0.815283472516165;1;8
9;880.418/2008;2143;0.8108657507746811;0;8
10;300.484/2017;4208;0.8056442436374015;0;8
11;811.463/2016;4008;0.8054273317346372;0;8
12;880.154/2008;4167;0.803378271428414;0;8
13;300.485/2017;4298;0.8026922762124683;0;8
14;810.600/2016;3965;0.8011928199061153;0;8
15;878.019/2010;3748;0.8004870713388793;0;8
16;810.477/2008;3954;0.7993999591724223;0;8
17;878.095/2011;4562;0.7983863562733464;0;8
18;861.635/2012;4128;0.796685106760061;1;8
19;806.413/2012;2955;0.7948997662239076;0;8
20;896.389/2010;4995;0.7899782811143375;1;8
21;300.384/2018;4271;0.7766656315644306;0;8
22;878.094/2012;4374;0.7758272240075836;1;8
23;300.116/2020;4260;0.7754453704673141;0;8
24;300.925/2017;3899;0.7736002389491182;1;8
25;810.561/2010;3961;0.7706934438048457;1;8
26;810.565/2010;3962;0.7706934438048457;1;8
27;811.034/2009;3987;0.7698518735182339;1;8
28;811.025/2009;3985;0.7685132197256327;1;8
29;810.308/2019;4421;0.7683792124661996;1;8
30;811.062/2009;3994;0.7677348183304479;1;8
31;811.014/2009;3982;0.7658801340515781;0;8
32;811.021/2009;3983;0.7641725823440265;1;8
33;811.028/2009;3986;0.7641725823440265;1;8
34;826.492/2017;4549;0.7624573372059771;0;8
35;810.418/2017;4544;0.7616525436790247;0;8
36;861.104/2016;1712;0.7607794765728754;0;8
37;803.156/2013;646;0.7606785564682239;1;8
38;820.967/2008;1055;0.759014836111381;0;8
39;866.525/2015;1915;0.7541604358978341;0;8
40;860.584/2017;1644;0.7531816738642505;0;8
41;300.203/2016;3841;0.7511934310324526;1;8
42;300.912/2019;4452;0.749895383191341;0;8
43;861.416/2013;4125;0.74967127016839;0;8
44;803.306/2013;676;0.7488325033962026;0;8
45;826.479/2013;4424;0.7473460238825109;1;8
46;860.406/2015;3730;0.746245538297468;0;8
47;803.308/2013;678;0.7442292562355663;1;8
48;820.761/2007;4997;0.7368315454761118;0;8
49;810.346/2017;805;0.7367642233504127;0;8
50;811.051/2009;3988;0.733142916488033;1;8
51;811.055/2009;3989;0.733142916488033;1;8
52;811.058/2009;3990;0.733142916488033;1;8
53;811.059/2009;3991;0.733142916488033;1;8
54;811.060/2009;3992;0.733142916488033;1;8
55;811.061/2009;3993;0.733142916488033;1;8
56;811.063/2009;3995;0.733142916488033;1;8
57;811.064/2009;3996;0.733142916488033;0;8
58;811.065/2009;3997;0.733142916488033;0;8
59;811.066/2009;3998;0.733142916488033;1;8
60;840.306/2016;3833;0.7296801722925653;0;8
61;860.983/2014;4236;0.7263287389229175;0;8
62;846.132/2017;4085;0.725795382876061;0;8
63;300.762/2013;312;0.7246565864294152;1;8
64;811.341/2015;4005;0.7246077956902239;1;8
65;846.133/2017;4086;0.7225352531825544;1;8
66;803.112/2012;641;0.7209688239080225;1;8
67;878.136/2016;4354;0.7208323822758547;0;8
68;810.058/2011;3936;0.7207780665037558;1;8
69;840.309/2017;3362;0.7199195724198725;0;8
70;803.207/2013;657;0.7192840479116618;0;8
71;803.209/2013;660;0.7192840479116618;0;8
72;803.210/2013;661;0.7192840479116618;0;8
73;810.286/2019;2389;0.7192246216912589;1;8
74;803.208/2013;659;0.7191487822111786;0;8
75;300.819/2009;338;0.7187539322736476;0;8
76;840.385/2017;2998;0.718608776530883;0;8
77;803.111/2012;640;0.7176898568675877;1;8
78;300.818/2010;337;0.716938562053717;0;8
79;803.178/2015;651;0.716789601763972;0;8
80;803.103/2014;639;0.7148714635740715;0;8
81;840.079/2016;2525;0.7148516809021132;1;8
82;300.880/2011;364;0.7129429488986567;0;8
83;810.022/2018;779;0.711765652541362;1;8
84;848.141/2020;4518;0.71144023297124;0;8
85;300.187/2019;4294;0.711289390657935;0;8
86;803.202/2017;656;0.7107789181132581;0;8
87;300.139/2018;3838;0.7105228357414931;1;8
88;300.429/2017;2378;0.7092925648557842;1;8
89;860.141/2018;1564;0.7087714667665382;1;8
90;803.393/2011;691;0.7083746622396327;0;8
91;810.597/2010;3964;0.7082596388512777;1;8
92;803.077/2009;633;0.7080460838180052;0;8
93;803.411/2009;692;0.7078787269450914;0;8
94;803.273/2013;674;0.7075943514147246;0;8
95;300.599/2010;264;0.7058998835709714;1;8
96;860.413/2014;4444;0.7048126940720867;0;8
97;840.160/2015;2528;0.7035681603349565;1;8
98;803.322/2012;680;0.7026151129865948;1;8
99;840.163/2015;2529;0.702409209084499;0;8
100;861.083/2017;4121;0.7024032276497041;0;8
101;848.041/2015;2478;0.7023189910833653;0;8
102;860.027/2018;1548;0.7018367728576506;1;8
103;811.504/2014;4479;0.7012154080523513;0;8
104;803.054/2005;628;0.701101692958811;0;8
105;890.964/2014;2217;0.7010709309686263;1;8
106;820.187/2019;977;0.7003437169303361;1;8
107;810.953/2017;859;0.6995508558516687;1;8
108;803.211/2013;662;0.6993423469908558;0;8
109;803.212/2013;663;0.6992070812903728;0;8
110;300.181/2009;147;0.6989586781680791;0;8
111;301.147/2009;419;0.6972822985204216;0;8
112;811.043/2016;863;0.6939510286223286;1;8
113;866.370/2016;1909;0.6934997410448658;0;8
114;810.414/2017;3949;0.692224711409154;0;8
115;866.557/2017;3406;0.6921084723007457;0;8
116;303.340/2018;4278;0.6918337501964759;1;8
117;811.070/2017;866;0.6907894064934571;0;8
118;300.939/2019;3900;0.6905502574795698;0;8
119;810.117/2018;786;0.6898045578443441;0;8
120;300.091/2020;3598;0.687827624721672;0;8
121;820.768/2006;4957;0.6873325499951266;0;8
122;826.562/2016;4051;0.6867821917435608;0;8
123;806.125/2017;747;0.6843898900417422;0;8
124;803.073/2009;631;0.682983813746144;1;8
125;800.493/2011;557;0.6828282957924708;0;8
126;848.255/2019;1464;0.6802636719823999;0;8
127;803.164/2018;648;0.6799112642159979;0;8
128;890.278/2016;2186;0.6794011303566695;1;8
129;826.393/2017;1095;0.6786124155768937;0;8
130;815.742/2016;942;0.6781977349877614;0;8
131;860.219/2018;4445;0.6772662531467302;0;8
132;860.388/2014;4460;0.6765387832129005;1;8
133;803.010/2018;615;0.6764816538376107;0;8
134;848.661/2010;1492;0.6758078835691806;0;8
135;300.430/2017;2379;0.6755203040907757;1;8
136;811.688/2015;2395;0.6753539525922734;0;8
137;846.450/2007;3713;0.6752744857982553;0;8
138;820.205/2011;980;0.6732281402321338;0;8
139;840.010/2018;1371;0.6731542615471365;0;8
140;806.288/2012;769;0.6731400754240573;0;8
141;848.210/2016;4090;0.6720890583275128;0;8
142;803.081/2016;637;0.6715415190884865;0;8
143;810.413/2017;812;0.6710847159586084;0;8
144;300.777/2017;321;0.6708879331056836;0;8
145;848.071/2017;1421;0.670298250585499;0;8
146;861.936/2005;4131;0.6696834207592126;0;8
147;300.436/2018;215;0.668300565982401;1;8
148;300.921/2019;372;0.6679138250118022;0;8
149;861.165/2015;4477;0.6671858429398445;1;8
150;810.457/2021;4538;0.6655624469916261;0;8
151;821.282/2014;1068;0.6643750223648867;0;8
152;848.651/2010;2479;0.6642960519378376;0;8
153;300.747/2019;309;0.663251424475472;0;8
154;820.874/2013;1045;0.6631061360396726;0;8
155;810.587/2020;832;0.6630633268280711;0;8
156;300.678/2018;283;0.6616256996335756;0;8
157;300.321/2018;3852;0.6608341767861656;1;8
158;846.552/2011;3205;0.6600044880815908;0;8
159;803.011/2009;616;0.6595513255083761;0;8
160;861.214/2013;4335;0.6593643553430363;0;8
161;300.775/2017;319;0.6592879229466049;0;8
162;811.764/2015;896;0.6589421993767222;0;8
163;826.064/2019;4546;0.6579611450612904;0;8
164;301.051/2016;2328;0.6577425601512946;0;8
165;860.364/2016;4346;0.6574576265100468;0;8
166;860.635/2020;4457;0.6573101356427039;0;8
167;861.072/2017;1707;0.6571054382947297;0;8
168;803.272/2016;673;0.6567368403235017;0;8
169;810.857/2015;2393;0.6558835344668265;0;8
170;820.836/2002;4920;0.6551647890563753;1;8
171;810.348/2015;806;0.654455129462819;0;8
172;300.612/2018;3870;0.6528713817779481;1;8
173;810.472/2017;4517;0.6526504403837319;0;8
174;800.836/2008;4945;0.6520947876889379;1;8
175;300.684/2009;286;0.6517058564538301;0;8
176;810.477/2009;4381;0.6515350915711079;0;8
177;806.043/2017;738;0.6506623228844401;0;8
178;811.222/2014;4002;0.6499263119106728;0;8
179;800.200/2019;507;0.6498301598077548;0;8
180;810.251/2019;4393;0.6487211325646716;0;8
181;811.261/2013;4003;0.6484555434824291;0;8
182;300.608/2010;2337;0.6482891058065926;1;8
183;810.888/2014;4442;0.6473289553789822;0;8
184;810.984/2015;861;0.6467564488972672;1;8
185;300.830/2017;342;0.6462821164794653;1;8
186;300.187/2016;3839;0.6459320596897808;1;8
187;300.125/2021;134;0.6454605022478277;1;8
188;826.177/2018;1076;0.6450633404772698;1;8
189;300.572/2022;3865;0.6446728447541592;1;8
190;810.669/2014;3967;0.6439599007275727;0;8
191;810.098/2019;4328;0.6438669757352506;0;8
192;810.291/2014;801;0.6434666282527105;0;8
193;300.802/2017;331;0.6434491982952818;0;8
194;878.001/2016;2435;0.6433513233523664;0;8
195;810.483/2016;2476;0.6422383798317642;0;8
196;300.612/2017;4291;0.6421014671052208;0;8
197;860.429/2016;4113;0.6419919285269051;0;8
198;300.744/2021;307;0.6419538983243651;1;8
199;300.318/2019;182;0.6417566598328553;0;8
200;810.533/2013;826;0.6410418684539558;0;8
201;800.221/2005;4954;0.6404021011762586;1;8
202;810.792/2009;3971;0.6398952015177108;0;8
203;300.285/2018;3847;0.639638347201188;0;8
204;300.776/2017;320;0.6386406805010961;0;8
205;884.063/2016;3760;0.6381980487889821;0;8
206;300.725/2022;3877;0.6379292728312487;1;8
207;890.003/2013;4170;0.6375134096369813;1;8
208;826.697/2021;1126;0.6374504330556546;0;8
209;300.544/2011;248;0.6370903511498592;0;8
210;826.314/2014;1090;0.63668643471768;1;8
211;300.251/2019;4253;0.6363644070553054;1;8
212;803.026/2007;619;0.6359774456880352;0;8
213;300.780/2017;323;0.6359517871778573;0;8
214;860.732/2021;4458;0.6354943072290185;0;8
215;300.474/2022;3861;0.6351733779359332;1;8
216;800.427/2014;2356;0.6347243627838817;1;8
217;890.422/2015;2202;0.6345793287971109;1;8
218;826.885/2016;4064;0.6344932228370929;0;8
219;820.409/2005;4924;0.6341305685159118;0;8
220;860.970/2009;1699;0.6339413181972529;0;8
221;803.234/2012;3627;0.6335624061638555;0;8
222;871.268/2020;2036;0.6333785377978091;1;8
223;860.278/2018;1594;0.6322743791368487;0;8
224;832.392/2016;1276;0.6319265359463523;0;8
225;860.811/2021;4459;0.6314610224964956;0;8
226;860.070/2016;4102;0.6314380371304086;0;8
227;884.120/2011;3764;0.631277922641783;0;8
228;848.038/2022;4352;0.6312746941604089;1;8
229;803.378/2008;689;0.6304119363271763;0;8
230;850.498/2015;3722;0.6294744579451793;0;8
231;804.490/2008;724;0.628666377044079;0;8
232;815.129/2016;2288;0.6285349249310989;0;8
233;806.344/2012;4243;0.6285144813924483;0;8
234;804.491/2008;725;0.6284583250264205;0;8
235;804.492/2008;726;0.6284583250264205;0;8
236;810.181/2019;2300;0.6284570279578152;1;8
237;810.288/2016;3823;0.6281472791843462;0;8
238;810.610/2014;834;0.628013855469432;1;8
239;846.073/2019;3681;0.6278166375535655;1;8
240;810.983/2015;860;0.6276282151340625;1;8
241;848.327/2015;1477;0.6275739895412401;0;8
242;810.940/2017;4581;0.6272585702392676;0;8
243;826.837/2016;3649;0.6269892598611723;0;8
244;848.253/2017;1463;0.6268929195840468;1;8
245;848.032/2022;2480;0.6268780611832133;0;8
246;861.353/2008;4124;0.6268599539212116;0;8
247;810.081/2017;782;0.6266663309766667;0;8
248;811.327/2014;880;0.626260790254705;0;8
249;803.383/2008;690;0.6262367295081872;1;8
250;810.567/2015;3832;0.6261416054092919;1;8
251;848.140/2015;4529;0.6261132506367968;0;8
252;848.238/2022;4416;0.626105470055498;1;8
253;860.494/2021;4539;0.6259685372380237;0;8
254;300.314/2016;3850;0.6259192622535261;0;8
255;860.067/2016;4101;0.6248977574148282;0;8
256;803.806/2008;715;0.6247409380648782;0;8
257;821.446/2001;4951;0.6247268690775739;0;8
258;810.387/2015;810;0.6244092690115947;1;8
259;811.393/2011;4007;0.624361466124525;0;8
260;810.424/2015;813;0.624295814723945;1;8
261;300.653/2021;3871;0.6241951139257512;1;8
262;815.483/2015;921;0.6239009444145811;0;8
263;300.778/2017;322;0.6237130739736185;0;8
264;810.197/2010;793;0.6229055355888066;1;8
265;300.208/2021;3842;0.6220859169710646;1;8
266;815.327/2014;2335;0.6220515909723202;1;8
267;810.366/2021;4514;0.6220316021703202;1;8
268;816.077/2013;958;0.6219172698366212;0;8
269;826.008/2016;1073;0.6218137566846212;0;8
270;804.346/2008;722;0.6212177059425454;1;8
271;860.515/2016;4115;0.6211755625590814;1;8
272;884.019/2004;3758;0.6209687383259502;1;8
273;848.071/2013;1420;0.6206746074102797;0;8
274;300.099/2020;4284;0.6202462284650039;1;8
275;300.339/2019;4303;0.6199798550781666;0;8
276;860.225/2018;4104;0.619806035147403;1;8
277;300.462/2022;222;0.6197936122083414;0;8
278;810.349/2014;2390;0.6195442278650327;1;8
279;810.254/2017;796;0.6195118696021874;1;8
280;300.743/2020;3879;0.6193892604231023;1;8
281;848.215/2013;1453;0.6180804659666292;0;8
282;810.878/2010;853;0.618061869646597;1;8
283;800.668/2011;2470;0.617949370845175;0;8
284;890.289/2015;2187;0.617560799603124;1;8
285;810.119/2015;787;0.6172148495011561;0;8
286;300.486/2020;228;0.6171012083685014;1;8
287;300.618/2020;2452;0.6171012083685014;0;8
288;810.675/2014;838;0.6170993550742542;0;8
289;301.229/2013;426;0.616825456502142;1;8
290;810.144/2010;4330;0.6165875182059091;0;8
291;810.337/2019;804;0.6161840051569275;0;8
292;810.283/2015;798;0.6161357776094941;1;8
293;840.441/2011;1390;0.6160138609966038;0;8
294;811.439/2015;885;0.6156647453253061;1;8
295;890.432/2016;4175;0.6144909956963485;0;8
296;815.763/2017;948;0.6137758163032462;0;8
297;810.196/2013;792;0.6136900009853344;1;8
298;806.189/2013;750;0.6131557948745265;0;8
299;300.898/2014;3896;0.6128794173045151;1;8
300;811.153/2017;3825;0.6126226995174905;0;8
301;880.175/2006;4994;0.6122372600475656;1;8
302;820.672/2005;4923;0.6122112568227996;1;8
303;826.820/2016;4387;0.6118499478871754;0;8
304;860.592/2013;4341;0.6117412757020053;0;8
305;803.207/2015;658;0.6111983771397217;1;8
306;806.249/2011;766;0.6110680708839406;0;8
307;803.143/2009;645;0.6103328718343778;0;8
308;301.054/2013;402;0.6101959710625581;0;8
309;803.186/2014;653;0.6100476997484857;0;8
310;300.207/2020;149;0.6088781299266959;0;8
311;878.066/2017;4534;0.608126488153016;1;8
312;860.285/2015;4107;0.607783168898932;0;8
313;810.293/2017;802;0.6076736038514349;0;8
314;811.495/2012;886;0.6075804514610427;0;8
315;803.618/2008;706;0.6073144757697522;0;8
316;811.049/2015;864;0.6070903128559144;0;8
317;806.460/2011;774;0.606496363167139;1;8
318;300.349/2021;3854;0.605492581514423;0;8
319;810.054/2020;4511;0.6051797632853694;0;8
320;860.910/2008;1693;0.6042464966970562;1;8
321;811.659/2015;4012;0.6042230400364416;0;8
322;803.022/2020;617;0.6033220249053198;0;8
323;806.105/2017;4274;0.6027345148563459;0;8
324;860.982/2015;3734;0.6026483848015768;0;8
325;871.307/2015;2039;0.6024990631702812;0;8
326;803.073/2017;632;0.601733783032632;0;8
327;826.203/2011;1082;0.6011522169526635;0;8
328;848.046/2018;1416;0.6009525554571356;0;8
329;811.441/2011;4428;0.6007405792994096;1;8
330;300.599/2018;266;0.5998063056226636;0;8
331;810.726/2019;4486;0.5994950003759468;1;8
332;810.299/2016;4547;0.5992317635493906;1;8
333;800.625/2017;576;0.5992234702264294;1;8
334;870.644/2017;2006;0.5987881130913999;0;8
335;821.521/2013;1072;0.5986422911897891;1;8
336;803.215/2010;664;0.598619946003904;1;8
337;803.217/2010;665;0.598619946003904;0;8
338;803.218/2010;666;0.598619946003904;0;8
339;803.220/2010;668;0.598619946003904;0;8
340;860.375/2018;4111;0.5985777059220655;1;8
341;300.948/2020;3901;0.5980632472826928;1;8
342;300.438/2022;3860;0.5979082058937342;1;8
343;811.184/2017;873;0.5973934593322114;1;8
344;300.435/2018;214;0.5973014719302999;0;8
345;861.015/2021;4385;0.5972758731269967;0;8
346;811.250/1996;3802;0.5970330443934461;1;8
347;860.801/2017;1671;0.5966573208830556;0;8
348;826.485/2014;1105;0.596150661675763;0;8
349;300.409/2021;3857;0.5960124964232006;0;8
350;300.192/2023;4499;0.5951869138623888;1;8
351;804.225/2008;716;0.5950861647218164;1;8
352;300.225/2018;155;0.5947746806549055;0;8
353;803.487/2009;697;0.5944498773239073;1;8
354;810.758/2017;843;0.5940571377016033;0;8
355;803.219/2010;667;0.5939728806618332;0;8
356;833.127/2015;1315;0.5936876199132705;0;8
357;811.592/2015;889;0.5936378643857776;0;8
358;884.071/2014;2156;0.5934518433123553;0;8
359;300.851/2020;3891;0.5934422141368447;1;8
360;300.113/2019;2465;0.593299553864236;0;8
361;811.324/2012;879;0.5932049724093496;1;8
362;803.346/2010;681;0.5929874534339014;0;8
363;803.347/2010;682;0.5929874534339014;0;8
364;803.349/2010;684;0.5929874534339014;0;8
365;803.350/2010;685;0.5929874534339014;0;8
366;803.351/2010;686;0.5929874534339014;0;8
367;803.352/2010;687;0.5929874534339014;0;8
368;884.024/2016;3759;0.5929700783180716;0;8
369;803.449/2012;695;0.5927235621128952;1;8
370;826.544/2016;1115;0.5926180365699355;1;8
371;810.244/2016;3631;0.5925942114485192;0;8
372;884.165/2015;3766;0.5925338799143302;0;8
373;871.914/2016;4157;0.592352480940738;0;8
374;810.814/2014;849;0.5922222155711103;0;8
375;810.058/2018;781;0.5920675130569453;1;8
376;803.141/2009;644;0.5915933332102397;0;8
377;870.901/2015;2025;0.5910701204848791;0;8
378;803.486/2009;696;0.5908067348817453;0;8
379;884.016/2016;3757;0.5906208402951519;1;8
380;860.688/2018;1657;0.5903557022558487;0;8
381;810.019/2016;4438;0.5902737058823255;1;8
382;810.504/2014;3957;0.5899009100213377;1;8
383;301.405/2022;4406;0.5897550050270381;1;8
384;811.664/2015;892;0.5894828018735593;0;8
385;848.065/2016;1418;0.5891387049057891;0;8
386;300.209/2021;3843;0.5886840653076706;0;8
387;848.602/2011;4522;0.5886776328356047;0;8
388;300.851/2018;350;0.5883068378335097;0;8
389;820.569/2014;1016;0.5880509895624844;0;8
390;820.910/2010;1050;0.5880423116642094;0;8
391;803.241/2013;2285;0.5875516251617107;0;8
392;840.028/2023;4425;0.5875242629044151;0;8
393;300.803/2017;333;0.5873300231492202;0;8
394;810.509/2017;2297;0.5873130632489105;1;8
395;810.167/2018;3630;0.5864629371419955;0;8
396;300.429/2020;212;0.5864140027691374;0;8
397;878.121/2013;2098;0.5861181130992572;0;8
398;800.672/2016;582;0.5860359751734066;0;8
399;810.120/2018;2346;0.5859484153102271;0;8
400;840.119/2017;1376;0.5859207390342316;0;8
401;820.351/2013;994;0.5857813875699003;0;8
402;846.229/2017;3706;0.5853996848027043;1;8
403;803.153/2011;2509;0.5853974340633548;0;8
404;858.057/2009;4332;0.5852189454318037;1;8
405;810.578/2018;830;0.5848666541072459;1;8
406;803.308/2012;677;0.584805306789496;0;8
407;810.880/2017;854;0.5837952850962754;0;8
408;811.096/2013;4000;0.5836848393451058;0;8
409;815.468/2017;2333;0.5830733436954154;0;8
410;815.560/2016;2339;0.5820630335510301;0;8
411;810.088/2016;783;0.581909176474963;0;8
412;803.311/2012;679;0.5818939570644209;0;8
413;848.103/2013;2455;0.5818603700882228;0;8
414;803.420/2009;2289;0.5815473438603332;1;8
415;800.778/2011;594;0.5813397691706168;1;8
416;811.575/2015;888;0.5811362180562542;1;8
417;848.268/2015;4092;0.5801507672162856;0;8
418;803.359/2011;688;0.580089750551239;0;8
419;826.259/2020;4450;0.58004096473104;0;8
420;803.187/2014;654;0.5799347669447094;0;8
421;896.140/2018;4415;0.5799102971923619;1;8
422;300.303/2019;3848;0.5799027390584294;1;8
423;300.802/2021;332;0.5795197999501941;0;8
424;811.512/2012;4011;0.578535893879926;0;8
425;848.020/2013;1414;0.5784622553861427;0;8
426;810.127/2018;3249;0.5780030898252436;0;8
427;896.044/2014;2224;0.577758560152764;0;8
428;815.110/2018;903;0.5775143181043277;0;8
429;810.410/2015;4345;0.5772676009111519;0;8
430;810.468/2018;2298;0.577112982439626;1;8
431;878.057/2019;2095;0.5769257888151219;1;8
432;810.487/2017;819;0.5768461736877679;1;8
433;811.091/2012;868;0.576694404691148;0;8
434;815.819/2011;951;0.5766082269723614;0;8
435;815.370/2018;915;0.5765877878858281;0;8
436;810.585/2021;4392;0.5764777761037211;0;8
437;850.076/2013;3718;0.5764316453146489;0;8
438;810.406/2003;4437;0.5762196658685877;0;8
439;803.189/2014;655;0.5760948976636636;0;8
440;890.420/2016;2201;0.5760946416246537;1;8
441;896.738/1995;4861;0.5756595449198757;0;8
442;806.094/2014;743;0.5754278009729026;0;8
443;846.070/2016;3680;0.5752958533140683;0;8
444;848.184/2015;1439;0.5751941322819482;0;8
445;860.846/2018;4363;0.5747478504441588;0;8
446;810.676/2010;839;0.5744471240209674;1;8
447;860.320/2021;1603;0.5743793287374046;0;8
448;300.082/2022;119;0.573651926235771;0;8
449;811.297/2013;4402;0.5734232535217776;0;8
450;811.152/2017;871;0.573340774800835;0;8
451;884.147/2014;3765;0.5725086811472828;1;8
452;826.635/2015;4550;0.5722953795528427;0;8
453;300.843/2018;3890;0.5720969817948504;1;8
454;811.072/2008;4408;0.5718973964726263;0;8
455;870.314/2012;2881;0.5718445089425009;0;8
456;303.198/2018;463;0.571527533648611;1;8
457;860.720/2016;4116;0.5704869246596274;0;8
458;872.048/2017;2058;0.5701646287685657;1;8
459;803.094/2009;638;0.5700708826007104;1;8
460;810.581/2016;831;0.5699370171734057;0;8
461;890.235/2017;2181;0.5695488649054697;0;8
462;300.115/2019;4218;0.5693118723673659;0;8
463;826.262/2014;1086;0.5692683842622426;0;8
464;803.770/2011;713;0.5692433756096362;0;8
465;300.818/2019;4296;0.5692124059294142;1;8
466;846.145/2018;3691;0.568902580606636;1;8
467;300.775/2019;4265;0.5687060472955119;0;8
468;846.143/2018;3688;0.5685419044321998;1;8
469;884.085/2011;3763;0.5682332215070572;0;8
470;300.786/2019;4249;0.5682162631492753;1;8
471;890.851/2012;4180;0.5679151482199396;0;8
472;840.081/2017;2526;0.5674719409164005;0;8
473;810.091/2018;3938;0.5673960196010742;1;8
474;827.012/2014;4065;0.5673146582627955;0;8
475;303.118/2018;458;0.5671481412655898;1;8
476;810.021/2017;4386;0.5671306437662842;1;8
477;300.732/2023;4495;0.5667917161920899;1;8
478;840.366/2012;1389;0.5666900593785739;1;8
479;840.365/2012;1388;0.5666575707495939;1;8
480;896.018/2011;2222;0.5666140116190442;0;8
481;300.774/2019;4297;0.5666033135079471;0;8
482;861.186/2022;3348;0.5665586806972325;0;8
483;848.151/2014;1433;0.5664503851031568;0;8
484;300.977/2016;388;0.5664273390268607;0;8
485;846.449/2007;3712;0.5661402103287834;0;8
486;810.795/2016;3972;0.5660460233277723;0;8
487;826.357/2016;1091;0.5660214478516755;0;8
488;860.733/2011;4228;0.5658671411419335;0;8
489;810.370/2016;3946;0.5657980896058051;0;8
490;301.230/2020;428;0.5657697644560683;1;8
491;811.485/2015;4010;0.5654411436306351;1;8
492;846.146/2018;3693;0.5654337960346433;1;8
493;810.456/2008;3953;0.5652672844368514;1;8
494;810.797/2016;846;0.5645982490805814;1;8
495;810.813/2014;848;0.5645903273802627;0;8
496;800.715/2021;588;0.5637945937636158;1;8
497;846.144/2017;3689;0.5637884490900757;0;8
498;872.105/2014;4351;0.5637172531950253;0;8
499;811.187/2010;875;0.5637027440984301;0;8
500;896.258/2011;4192;0.563656393661008;0;8
501;878.045/2005;4946;0.5635578976911884;1;8
502;300.790/2019;4211;0.5635390684960075;1;8
503;811.035/2012;862;0.5634850816436787;0;8
504;896.520/2011;4197;0.5632879838603867;0;8
505;810.786/2016;844;0.5631906959219884;0;8
506;300.610/2018;3869;0.5631564791849774;1;8
507;864.088/2016;4136;0.5630057664533538;1;8
508;300.769/2019;4255;0.5629063659547768;0;8
509;810.945/2017;3981;0.5628783111010044;0;8
510;826.049/2017;4338;0.5626969962822732;1;8
511;303.114/2017;456;0.5626605300544442;1;8
512;890.073/2015;2173;0.5625085723368562;1;8
513;820.656/2016;1021;0.5625006800698028;0;8
514;810.331/2020;2460;0.5623583411067866;0;8
515;300.539/2017;246;0.5623127280241629;0;8
516;300.791/2019;4277;0.562303251919801;1;8
517;810.263/2016;3942;0.5621344862992166;0;8
518;810.132/2018;790;0.5617609822724964;0;8
519;884.050/2015;2150;0.5614885970243328;0;8
520;846.144/2018;3690;0.561312104996411;1;8
521;300.776/2019;4272;0.5612212226999241;0;8
522;846.178/2016;3700;0.5610770349945756;0;8
523;878.100/2017;2361;0.5608434848457731;0;8
524;811.085/2010;4507;0.5604410170347701;1;8
525;861.064/2021;1705;0.5603718481100048;1;8
526;846.066/2009;3679;0.5602927533954553;0;8
527;810.558/2015;3960;0.5602093974240471;0;8
528;872.145/2014;4159;0.5601897791654971;0;8
529;886.136/2019;4395;0.5596019877637455;0;8
530;896.320/2012;3795;0.5595701328144267;0;8
531;896.490/2014;3781;0.5594918069278462;0;8
532;840.998/2011;2447;0.5592842454682873;0;8
533;810.485/2015;3955;0.5588524959857517;0;8
534;848.085/2000;2481;0.5587980473448129;0;8
535;860.376/2009;4112;0.5587613061809101;0;8
536;300.764/2019;4276;0.5587218519061662;0;8
537;860.562/2020;3044;0.5585914846076265;0;8
538;300.142/2018;3604;0.5582469932386607;0;8
539;811.083/2016;3999;0.5580786519177054;0;8
540;826.475/2013;4044;0.5578071725070924;0;8
541;840.134/2014;4074;0.5576168404979673;0;8
542;300.773/2019;4258;0.5571273951620044;0;8
543;872.795/2016;3747;0.5570927289532226;0;8
544;861.332/2014;1743;0.5570785920615152;0;8
545;810.941/2011;857;0.557063965685222;0;8
546;840.318/2018;4081;0.5566299395974877;1;8
547;820.873/2013;4027;0.5565211969542347;0;8
548;896.096/2016;4187;0.556479697992537;1;8
549;810.368/2011;3945;0.5564701027890328;1;8
550;896.046/2014;2225;0.5564546395824499;1;8
551;811.291/2015;4004;0.5556554183008277;1;8
552;811.023/2014;3984;0.5555130841733226;1;8
553;872.039/2010;4958;0.5555112054136158;0;8
554;860.096/2018;4478;0.555362142012071;0;8
555;811.429/2014;3638;0.5553500504027165;0;8
556;803.039/2011;625;0.5552113685601185;0;8
557;800.856/2012;597;0.5550203854627623;0;8
558;815.857/2016;955;0.5550099099357073;0;8
559;844.042/2018;1395;0.5549994943230718;0;8
560;810.352/2017;807;0.5549418641285184;1;8
561;820.153/2015;4016;0.5549413636736859;1;8
562;803.008/2009;613;0.5549192236305065;0;8
563;810.783/2013;3970;0.5547596706184836;1;8
564;846.044/2016;3674;0.5544247045810139;0;8
565;884.013/2009;3756;0.5543699176209984;0;8
566;801.095/2011;4996;0.5542529705154202;1;8
567;810.569/2015;2391;0.5542041361376466;1;8
568;840.107/2018;4073;0.5541707776486448;0;8
569;880.083/2016;2122;0.5541174940531463;0;8
570;880.376/2010;2142;0.553905750106774;1;8
571;300.772/2019;4290;0.553569091700974;0;8
572;880.077/2009;4943;0.5535658045369035;1;8
573;810.807/2015;2392;0.5534537367957747;0;8
574;300.257/2020;168;0.5531530589914863;1;8
575;810.646/2006;3824;0.5530600800273834;1;8
576;896.356/2014;4193;0.5528407424731128;0;8
577;810.011/2014;778;0.5527377228081886;1;8
578;878.103/2013;4165;0.5526893251578167;1;8
579;810.288/2011;800;0.5525491162343239;1;8
580;880.085/2017;2124;0.5524683441518571;1;8
581;896.187/2015;4191;0.5522744372263799;0;8
582;810.360/2021;4488;0.5522248015029082;0;8
583;815.509/2012;927;0.5520036208264985;0;8
584;848.197/2017;1446;0.5519725974505368;0;8
585;810.648/2012;4331;0.5518050813526992;0;8
586;810.509/2004;3807;0.551600036096244;0;8
587;810.802/2014;2986;0.5514935047994665;0;8
588;800.285/2019;516;0.5513324000967198;0;8
589;800.650/2016;579;0.551155357572933;0;8
590;811.423/2013;882;0.5508929879566451;0;8
591;871.875/2014;4156;0.5508739782708906;1;8
592;810.518/2012;823;0.5508472442985148;0;8
593;864.087/2016;4135;0.5507031683274587;1;8
594;840.153/2017;4077;0.550674045622501;0;8
595;840.010/2017;3661;0.5503250497287496;0;8
596;880.012/2019;2108;0.5501133709249545;0;8
597;810.358/2012;808;0.5500080421129637;1;8
598;300.779/2019;4273;0.5499636399482225;1;8
599;300.390/2021;196;0.5499360902599966;0;8
600;840.140/2017;4075;0.5499024198285976;0;8
601;840.229/2014;4078;0.5496259369829255;0;8
602;840.230/2014;4079;0.5496259369829255;0;8
603;810.260/2018;797;0.5492113324183506;0;8
604;800.464/2017;3623;0.5491083129765036;0;8
605;811.058/2017;865;0.5489324751841363;0;8
606;896.489/1996;4840;0.5482909843934017;0;8
607;880.061/2013;2118;0.5482113644878626;1;8
608;811.111/2012;2394;0.5480173706380254;1;8
609;815.694/2011;2334;0.5479076181084074;1;8
610;810.383/2017;3155;0.5477045657460836;0;8
611;810.384/2017;3156;0.5477045657460836;0;8
612;810.386/2017;3157;0.5477045657460836;0;8
613;810.387/2017;3158;0.5477045657460836;0;8
614;864.143/2017;4138;0.5476806575987127;1;8
615;810.840/2006;852;0.5476406149808126;0;8
616;300.787/2019;4261;0.5474822337565198;1;8
617;846.103/2016;3684;0.5469769599195515;0;8
618;810.119/2018;788;0.5467957119169239;0;8
619;815.502/2015;924;0.5467220930822224;0;8
620;300.766/2019;4299;0.5465781933524795;0;8
621;846.043/2016;3673;0.5465763345666067;0;8
622;810.697/2018;4483;0.5462783582733913;1;8
623;300.785/2019;4202;0.546197926788929;0;8
624;300.778/2019;4286;0.546197926788929;1;8
625;300.782/2019;4304;0.546197926788929;0;8
626;300.670/2018;4280;0.5461297669467469;0;8
627;300.784/2019;4237;0.5460349234952542;0;8
628;810.696/2018;4379;0.5460224209673668;0;8
629;810.695/2018;4382;0.5460224209673668;0;8
630;871.657/2021;4516;0.5460146849973465;0;8
631;810.932/2011;856;0.5458902503407921;0;8
632;896.653/2013;3790;0.5458836709658358;1;8
633;301.104/2011;3617;0.5457912556283581;0;8
634;804.451/2008;723;0.5454958785011639;0;8
635;884.062/2012;4168;0.545477944412985;0;8
636;826.187/2018;4324;0.5454081200354833;0;8
637;303.220/2018;465;0.5452963820356742;0;8
638;803.414/2011;693;0.5449625707333644;0;8
639;810.944/2017;858;0.5446496899492619;1;8
640;860.747/2019;4375;0.5445414856943908;0;8
641;803.081/2011;636;0.5445246097273019;0;8
642;800.514/2016;3928;0.5444807182808736;1;8
643;815.368/2017;914;0.5439771512315882;0;8
644;300.567/2021;2353;0.5439562746496863;0;8
645;826.226/2018;4380;0.5439526598567361;0;8
646;890.316/2015;2190;0.5439266986873859;0;8
647;860.282/2018;1595;0.5438838486722218;0;8
648;800.471/2017;550;0.5438669896484646;0;8
649;810.799/2014;2304;0.5438170337573142;1;8
650;815.678/2016;2332;0.5433287045511589;1;8
651;810.301/2009;3944;0.5432929535021322;0;8
652;840.001/2012;2524;0.5431992147357348;0;8
653;300.976/2016;3903;0.5431990334667331;0;8
654;810.679/2017;840;0.5431911281268127;0;8
655;860.590/2012;1645;0.543180362646319;0;8
656;826.292/2017;1089;0.5429404374833577;0;8
657;810.516/2012;822;0.5429194098859023;0;8
658;826.419/2005;1098;0.5427979307244625;0;8
659;848.270/2017;1468;0.5425254355778517;1;8
660;806.034/2016;733;0.5424764581894594;0;8
661;810.856/1995;3822;0.5424198169590404;1;8
662;811.196/2016;876;0.542339993985924;1;8
663;826.379/2016;1094;0.5422041369278798;0;8
664;861.266/2015;4409;0.5421760521648317;0;8
665;872.101/2014;4158;0.5420123193705445;0;8
666;810.181/2021;4464;0.541899041201452;0;8
667;830.290/2021;4515;0.5418354365758027;0;8
668;810.534/2009;827;0.5418054051422797;1;8
669;300.229/2021;158;0.5415781300152194;0;8
670;890.236/2009;4172;0.5415369611143994;0;8
671;811.123/2015;870;0.5415313457561396;0;8
672;810.628/2006;835;0.5413709310461285;1;8
673;815.726/2010;940;0.5409996627682492;0;8
674;826.466/2017;1101;0.5406327426908919;1;8
675;848.070/2015;1419;0.540273970019696;0;8
676;880.505/2011;2146;0.5402047618181407;1;8
677;826.002/2018;4451;0.5401017795069648;1;8
678;846.246/2013;3708;0.5400406835598711;1;8
679;840.196/2018;2290;0.5399379316757154;0;8
680;810.443/2012;815;0.539921527638473;0;8
681;844.053/2014;4364;0.5396339409014478;1;8
682;860.019/2012;3025;0.5396294256944819;0;8
683;811.279/2011;878;0.5395897945907738;1;8
684;810.045/2015;780;0.5395144650263682;1;8
685;300.227/2021;156;0.5392807533096939;0;8
686;860.904/2017;4537;0.5389675472626101;0;8
687;870.965/2014;2027;0.5389673328416889;0;8
688;896.409/2007;2265;0.5386981207198083;0;8
689;860.162/2013;1570;0.5384231027799472;0;8
690;810.165/2018;4548;0.538422106123547;0;8
691;871.667/2021;4569;0.5383253632144034;0;8
692;840.126/2015;1377;0.5379898543846056;0;8
693;803.428/2010;694;0.5379798266161551;0;8
694;860.434/2013;1619;0.5378853067701207;0;8
695;861.648/2021;4536;0.537784323408392;0;8
696;860.189/2018;4344;0.5377596086045909;0;8
697;815.462/2010;2336;0.5377165900984779;1;8
698;848.310/2014;4094;0.5375019709204168;0;8
699;815.751/2007;945;0.537434135422083;0;8
700;810.100/1993;784;0.5374195086106351;0;8
701;800.588/2017;3624;0.5373591317823991;0;8
702;810.148/1998;3940;0.5372834804527241;1;8
703;848.586/2007;1491;0.5371942209188998;0;8
704;300.397/2019;200;0.5361106483103618;1;8
705;871.156/2018;3407;0.5359136475778873;0;8
706;810.655/2013;837;0.5358132531738022;0;8
707;878.028/2001;4163;0.5355012965761581;0;8
708;803.581/2011;701;0.535492258811464;1;8
709;826.161/2017;4035;0.5352734525051996;1;8
710;815.815/2009;2453;0.5350094603322574;0;8
711;810.835/2015;3978;0.53478748026651;1;8
712;803.528/2011;698;0.5347402373595681;1;8
713;803.576/2011;700;0.5345881870378271;1;8
714;803.591/2011;702;0.5345881870378271;1;8
715;803.592/2011;703;0.5345881870378271;1;8
716;803.594/2011;704;0.5345881870378271;1;8
717;803.608/2011;705;0.5345881870378271;1;8
718;803.667/2011;707;0.5345881870378271;0;8
719;815.009/2012;898;0.5339195696660136;0;8
720;815.372/2018;916;0.5338875259103131;0;8
721;810.644/2020;3966;0.5338057416927632;1;8
722;300.167/2021;145;0.5331384342354885;1;8
723;800.506/2014;558;0.5328209100964996;1;8
724;896.409/2008;2266;0.5326655286858017;0;8
725;300.110/2020;129;0.5326569321516755;0;8
726;810.389/2015;3947;0.5315250236844483;0;8
727;300.893/2011;367;0.5315104066690246;1;8
728;840.476/2012;3194;0.5312540608072942;0;8
729;806.003/2008;2308;0.5311237943615824;0;8
730;815.220/2018;908;0.5310129086341744;0;8
731;820.478/2015;1008;0.5307617869615838;0;8
732;803.348/2013;683;0.5306998542740899;0;8
733;810.502/2017;821;0.5306786309560978;0;8
734;846.235/2014;2567;0.5306726867537551;0;8
735;815.749/2012;943;0.5305403755393455;0;8
736;890.899/2014;4181;0.5303074893835449;0;8
737;810.032/2022;4528;0.5301016571098547;1;8
738;896.138/2015;4348;0.5299784352034258;0;8
739;890.255/2003;4173;0.5298410891055024;0;8
740;826.238/2010;4310;0.5298099206311524;1;8
741;800.618/2014;574;0.5297990893893209;1;8
742;840.325/2014;4083;0.529774014549563;0;8
743;860.598/2016;4307;0.5297577253537554;0;8
744;300.608/2019;268;0.5296360189566008;0;8
745;803.543/2011;699;0.5293758226633047;0;8
746;810.907/2009;855;0.5288915943121449;1;8
747;810.244/2018;795;0.5288751647008153;1;8
748;811.433/2014;884;0.5287826420103491;1;8
749;840.512/2013;2368;0.5286516663980549;0;8
750;811.212/2011;877;0.5283498376784854;1;8
751;810.044/2002;3935;0.5283157798662658;1;8
752;896.191/2013;2444;0.5281483507884733;0;8
753;880.119/2010;4998;0.5278185344678716;1;8
754;811.162/2016;872;0.527766129063804;0;8
755;806.141/2014;749;0.52743620379629;0;8
756;860.934/2017;2471;0.5271387466949599;1;8
757;301.229/2020;427;0.5270770085688244;0;8
758;848.319/2016;1476;0.5268621660320725;1;8
759;860.052/2020;4414;0.5268267919159686;0;8
760;848.447/2011;2592;0.5266303367907282;0;8
761;826.563/2017;3326;0.5265616165915048;0;8
762;820.158/2012;4017;0.5264374193614445;0;8
763;890.598/2010;4178;0.526392056557302;0;8
764;820.837/2016;1034;0.52613178992524;0;8
765;810.501/2008;3956;0.5259567969114075;1;8
766;803.057/2018;629;0.5259169748595419;1;8
767;810.699/2007;842;0.5256876377624596;0;8
768;826.515/2017;1111;0.5256564625620028;0;8
769;896.084/1999;4186;0.5253634017295162;0;8
770;300.345/2017;188;0.5249516481422128;1;8
771;300.316/2019;181;0.5246083266045348;1;8
772;300.789/2019;4248;0.5245621988678258;1;8
773;810.818/2015;851;0.5244030433540143;0;8
774;803.247/2012;670;0.5243023252366309;1;8
775;803.248/2012;671;0.5243023252366309;0;8
776;803.249/2012;672;0.5243023252366309;1;8
777;800.088/2016;3621;0.5241834769950781;0;8
778;826.485/2017;4513;0.5241705531694628;0;8
779;815.565/2008;930;0.5241232319452276;0;8
780;815.141/2009;3315;0.5240599619544868;0;8
781;820.408/2006;998;0.523896432077927;0;8
782;896.276/1998;3568;0.5237829451431839;0;8
783;851.645/2011;4497;0.5234597767895875;0;8
784;890.186/2017;2179;0.5232262837161177;0;8
785;820.996/2000;1058;0.522785032642616;0;8
786;860.101/2019;1557;0.522778590858936;0;8
787;300.731/2023;4496;0.5227681194091655;1;8
788;810.308/2010;803;0.5227609812283937;0;8
789;800.124/2017;3793;0.5226915914556736;0;8
790;850.099/2015;4096;0.5225913452381981;0;8
791;848.130/2018;4433;0.5225654732501775;0;8
792;896.848/2008;4993;0.5223006590352645;0;8
793;846.110/2013;3685;0.522067118352627;1;8
794;896.724/2008;3794;0.5220133031614129;0;8
795;806.092/2017;741;0.5219814451474384;0;8
796;826.424/2018;4340;0.521933029108141;1;8
797;890.272/2018;2185;0.5218871218912133;0;8
798;890.362/2017;2194;0.5217228788352548;0;8
799;300.123/2018;4238;0.5217211172152335;1;8
800;896.004/2019;4526;0.5215256891283893;0;8
801;896.041/2016;3773;0.5212308167110342;0;8
802;815.891/2016;956;0.5211898874947902;0;8
803;800.052/2017;485;0.5207462444339791;0;8
804;303.115/2017;457;0.5206417584108644;1;8
805;826.476/2017;4045;0.5204842612219149;1;8
806;810.716/2021;4484;0.5203702853182143;0;8
807;820.851/2015;1037;0.52019458326981;0;8
808;810.524/2006;3958;0.5193955747092862;1;8
809;804.261/2008;718;0.5193272809583537;1;8
810;848.327/2013;4095;0.5191235760871643;0;8
811;810.278/2009;2324;0.5189981932780677;1;8
812;300.026/2020;107;0.5189569309441944;1;8
813;300.962/2021;3902;0.5189387469888281;1;8
814;846.233/2011;2566;0.5189014346391224;0;8
815;804.247/2008;717;0.5188268512700348;1;8
816;804.291/2008;719;0.5188268512700348;0;8
817;804.309/2008;721;0.5188268512700348;1;8
818;890.231/2018;2940;0.5186452659319187;0;8
819;301.283/2020;3918;0.518586553224756;0;8
820;810.868/2014;3637;0.5185170098284957;1;8
821;810.066/2016;4325;0.5180990058625765;0;8
822;896.624/2009;3788;0.5179693073616495;0;8
823;815.854/2016;2327;0.5178998118624945;0;8
824;890.028/2016;2171;0.5178703926545007;0;8
825;866.444/2015;1912;0.5176283171872427;1;8
826;806.038/2016;736;0.517599825320334;0;8
827;848.353/2011;1478;0.5171270317089792;0;8
828;826.083/2017;4034;0.5170500360476524;1;8
829;861.210/2021;4306;0.5169779733577761;1;8
830;810.078/2006;4329;0.5167888291672194;0;8
831;810.389/2017;2952;0.5166616050277846;0;8
832;873.465/2011;2085;0.5166167624850828;0;8
833;890.454/2016;4176;0.5165375450532388;0;8
834;820.468/2006;1007;0.5162208450266969;0;8
835;846.042/2016;3672;0.5160806102865827;0;8
836;846.182/2010;3702;0.5159582232760636;0;8
837;826.479/2016;4046;0.5155243739039855;1;8
838;300.788/2019;4281;0.5154223518574926;1;8
839;806.029/2017;3628;0.5153272997741601;0;8
840;840.281/2016;1383;0.515313960957417;0;8
841;300.769/2021;315;0.5149215970218712;0;8
842;810.390/2017;2964;0.5148458868706031;0;8
843;810.391/2017;2965;0.5148458868706031;0;8
844;811.102/2014;869;0.5147844467695125;1;8
845;870.959/2017;3357;0.5147607005202222;0;8
846;896.147/2015;2237;0.5145221361306086;0;8
847;821.332/2013;1070;0.5142576503597616;1;8
848;880.021/2002;2110;0.5140003659165289;1;8
849;826.417/2019;1097;0.5138691565653923;0;8
850;810.101/1993;785;0.5135274212353755;1;8
851;810.233/2011;4372;0.5134336705138478;1;8
852;800.551/2014;2359;0.5131918740553729;0;8
853;810.267/2010;3943;0.5130065491559195;0;8
854;803.284/2010;675;0.5128596505303109;0;8
855;848.078/2017;2406;0.5127889840931632;0;8
856;896.064/2014;2230;0.5125147433740684;0;8
857;810.989/2010;4342;0.512376979816696;1;8
858;300.579/2019;258;0.5121635403768616;0;8
859;840.324/2014;4082;0.5119655887970708;0;8
860;826.539/2018;4519;0.5119394338119163;0;8
861;810.083/2016;3826;0.5117785621552368;0;8
862;844.064/2017;2347;0.5116841791686011;0;8
863;840.014/2019;3353;0.5116118646845603;1;8
864;815.606/2006;3642;0.5114407645335183;0;8
865;860.408/2018;4323;0.511255371278863;1;8
866;846.098/2016;4084;0.5111353076641673;0;8
867;827.106/2013;4365;0.5109232915707287;0;8
868;806.041/2007;737;0.5107492844320033;1;8
869;848.274/2017;1469;0.5105108182993194;0;8
870;800.761/2012;591;0.5103196107649222;0;8
871;826.360/2018;4321;0.5101588115138204;0;8
872;826.550/2017;4050;0.5100517368025466;0;8
873;800.418/2015;535;0.5099460263224833;0;8
874;846.117/2016;2549;0.509762501704808;0;8
875;826.549/2017;4049;0.5097237185401934;0;8
876;300.425/2018;211;0.5096621925457613;0;8
877;872.441/2013;4161;0.5096560722274377;0;8
878;810.954/2008;4480;0.5096025210647487;1;8
879;848.459/2008;1484;0.5094796805296553;0;8
880;820.757/2007;1030;0.5094678741175874;0;8
881;826.752/2016;4061;0.5092490060995118;0;8
882;896.149/2013;4190;0.5092103712699835;1;8
883;803.178/2009;650;0.5091867134102278;1;8
884;820.872/2013;1044;0.5091144331031124;0;8
885;810.066/2004;4449;0.5090521925596047;1;8
886;811.291/2012;4426;0.5088925410415152;1;8
887;850.068/2015;1497;0.5080718923161716;0;8
888;810.134/2008;3939;0.5078877799528851;1;8
889;806.196/2012;751;0.5076326999694025;0;8
890;806.228/2012;762;0.5076326999694025;0;8
891;810.596/2014;833;0.5074627843101164;0;8
892;300.105/2023;4455;0.5073726282236237;0;8
893;806.035/2013;734;0.5071525315568524;0;8
894;826.442/2017;1100;0.5071448852499885;1;8
895;800.108/2017;491;0.5070124548498951;0;8
896;841.144/2011;1393;0.5067676752011518;0;8
897;802.511/1975;2387;0.5065911099708725;0;8
898;804.295/2008;720;0.5064572664557776;0;8
899;820.105/2015;3643;0.5064205311218802;0;8
900;811.715/2015;894;0.506239303235947;0;8
901;848.203/2011;1447;0.5061167539708966;0;8
902;860.810/2018;1673;0.5059888688193396;0;8
903;810.352/2006;3632;0.5056809754243747;0;8
904;860.293/2016;1599;0.5054451979486465;0;8
905;896.367/2000;4347;0.5054007635981101;0;8
906;303.403/2018;473;0.5053741181854475;0;8
907;846.025/2015;3670;0.5052957303083481;0;8
908;820.848/2016;1036;0.5052636502211264;0;8
909;840.474/2012;3193;0.5052496742858632;0;8
910;301.129/2021;3911;0.505167557910051;1;8
911;896.059/1999;2227;0.504709732631982;0;8
912;878.042/2018;2360;0.5045707516913276;0;8
913;810.800/2018;3635;0.5043569700144227;1;8
914;871.527/2021;3335;0.5043112187805774;0;8
915;810.596/2015;3963;0.5041379092195643;0;8
916;811.566/2015;3240;0.5041365793080295;0;8
917;860.019/2019;1547;0.5040902689383582;0;8
918;873.217/2009;4955;0.5039216345070959;0;8
919;848.444/2011;3397;0.5036621483795396;0;8
920;840.121/2019;2527;0.5036060177403101;0;8
921;826.065/2018;1075;0.503356314499788;0;8
922;810.553/2019;2970;0.5031952677895148;1;8
923;848.100/2015;4089;0.5030453904568601;0;8
924;810.216/1994;2299;0.5029746550344569;1;8
925;848.204/2018;1448;0.5028386029678039;1;8
926;878.071/2016;3751;0.5027205786262304;1;8
927;810.540/2021;3959;0.5023088042087013;0;8
928;866.111/2018;2664;0.5021883188074889;1;8
929;810.531/2011;825;0.5020381714910238;0;8
930;848.218/2017;1455;0.501984373425238;0;8
931;846.185/2015;3704;0.5019488101916872;0;8
932;820.035/2015;962;0.5018222580136061;0;8
933;896.664/2011;2276;0.5017985393212652;0;8
934;810.565/2019;2977;0.501752366554947;1;8
935;300.941/2016;375;0.5016168969923375;0;8
936;820.496/2015;2400;0.5015048715260165;0;8
937;826.476/2010;1103;0.5013809708477276;1;8
938;872.272/2016;4160;0.501373905747723;1;8
939;861.514/2011;1760;0.501266372612311;0;8
940;300.406/2019;204;0.5011558592509069;0;8
941;811.075/2012;867;0.5009855114000249;1;8
942;846.148/2018;3694;0.500811486690735;0;8
943;896.788/2009;2280;0.5006611860975169;0;8
944;826.553/2017;1116;0.5004616857499171;0;8
945;820.588/2017;1017;0.5004108008503969;0;8
946;860.748/2019;4367;0.500364261043258;0;8
947;846.183/2013;2559;0.500107958012631;0;8
948;873.218/2009;4956;0.4999447967392345;0;8
949;810.477/1990;817;0.4998133277656656;0;8
950;890.263/2013;2184;0.4996658238953271;0;8
951;820.275/2019;2484;0.49964175948408257;0;8
952;810.395/2018;811;0.49945579597370493;0;8
953;815.047/2018;2313;0.49938558669708255;0;8
954;300.082/2017;118;0.49938460588845096;0;8
955;840.130/2017;1378;0.49923351698537544;0;8
956;832.295/2014;4069;0.49899406910503;0;8
957;815.011/2017;899;0.498777779242233;1;8
958;800.606/2016;3625;0.498321538336924;0;8
959;896.097/2010;2233;0.4981327073914708;0;8
960;811.674/2014;893;0.49787407593050764;0;8
961;810.571/2004;829;0.4970567247319408;0;8
962;815.244/2012;2305;0.49695488410907923;1;8
963;832.844/2016;1302;0.49683006276102193;1;8
964;844.036/2019;2348;0.49679226195500414;0;8
965;820.252/2018;985;0.49656660438605627;0;8
966;815.434/2017;4014;0.49647387727289954;0;8
967;810.978/2018;4337;0.4964602489642574;0;8
968;896.169/2016;2242;0.49615924303472625;0;8
969;896.318/1998;4805;0.4961479506766299;1;8
970;810.557/2003;3816;0.4961406772625301;0;8
971;810.652/2017;836;0.49601245372214914;0;8
972;826.020/2016;4563;0.4956164182551357;0;8
973;811.024/2015;4506;0.49543589058682724;0;8
974;800.050/2017;484;0.49527001374492674;0;8
975;300.088/2015;120;0.49506004787225116;0;8
976;300.025/2020;106;0.4948031298311169;1;8
977;800.395/2015;3926;0.4946986368109749;0;8
978;810.941/2006;3980;0.4945727851707827;1;8
979;871.742/2016;4435;0.4945667163424152;0;8
980;810.040/2019;3828;0.49446947838836663;1;8
981;896.119/2017;4334;0.49420161125081064;0;8
982;848.212/2017;1452;0.4941979568334881;0;8
983;810.724/2019;4313;0.4939653195670168;1;8
984;815.426/2010;919;0.49393592935197683;0;8
985;896.044/2001;3567;0.493893444128485;0;8
986;800.687/2016;585;0.49352223565455994;0;8
987;815.492/2015;922;0.49342599675239285;1;8
988;810.182/2015;791;0.49340698111241743;0;8
989;896.243/2014;2252;0.49330862542355036;0;8
990;815.537/2007;2331;0.4932142863896924;0;8
991;891.081/1994;2220;0.49310311161721065;0;8
992;811.382/2013;4006;0.4930655467758744;0;8
993;303.084/2017;3920;0.4929218849509062;0;8
994;840.152/2009;4076;0.4928219526566279;0;8
995;815.775/2017;950;0.4926678452675175;0;8
996;821.307/2014;1069;0.4925158700546752;1;8
997;810.019/2009;3932;0.49248469506689235;0;8
998;810.546/2019;2967;0.4921432308061013;1;8
999;810.547/2019;2968;0.4921432308061013;1;8
1000;810.556/2019;2971;0.4921432308061013;1;8
1001;810.559/2019;2972;0.4921432308061013;1;8
1002;810.563/2019;2975;0.4921432308061013;1;8
1003;810.564/2019;2976;0.4921432308061013;1;8
1004;870.226/2020;1986;0.4919157895292493;0;8
1005;846.021/2017;3669;0.49163988395369823;0;8
1006;810.537/2018;3827;0.4915479199471226;1;8
1007;810.725/2019;4314;0.49146516015529607;0;8
1008;811.624/2015;3241;0.4914609298692107;1;8
1009;884.166/2014;3767;0.49135027875040854;0;8
1010;300.913/2021;3897;0.49128087342030874;0;8
1011;300.604/2018;3609;0.49127050715808074;1;8
1012;820.806/2015;1032;0.4910565146208951;0;8
1013;880.098/2004;2126;0.4908195835677996;1;8
1014;800.242/2017;510;0.49041019423899257;0;8
1015;820.064/2016;4558;0.4900934276574304;0;8
1016;884.044/2009;2148;0.4900209702889123;0;8
1017;800.259/2016;512;0.48976968969195583;0;8
1018;896.781/1995;3572;0.4896734425274563;0;8
1019;846.119/2015;3686;0.48964626338307043;0;8
1020;300.239/2019;3606;0.4896161510480444;1;8
1021;870.934/2018;4152;0.48956125144553836;0;8
1022;303.123/2017;3921;0.4895141978826153;0;8
1023;870.754/2017;3738;0.48940885035710163;0;8
1024;896.662/2001;2275;0.4893687091673642;1;8
1025;815.115/2016;904;0.48929441470093404;0;8
1026;826.623/2016;4053;0.48923999679228897;0;8
1027;810.405/2018;4378;0.48922987930678424;1;8
1028;301.003/2021;394;0.48895922605235537;1;8
1029;830.359/2012;3408;0.4889273574506881;0;8
1030;810.535/2018;3830;0.48892679902640857;1;8
1031;810.291/2018;4343;0.4888702781706455;0;8
1032;300.346/2021;3853;0.4886827851720171;0;8
1033;826.607/2014;4521;0.48861795115725126;0;8
1034;860.039/2004;1550;0.48858268633903446;0;8
1035;810.473/2017;3810;0.4882356005299831;0;8
1036;815.037/2017;902;0.48807070340991293;0;8
1037;815.078/1999;2340;0.4880186854728654;0;8
1038;871.944/2014;2056;0.4878799039310363;1;8
1039;800.477/2017;552;0.4878489948160918;0;8
1040;820.627/2010;2295;0.48783580293919754;0;8
1041;800.357/2016;523;0.4877941066280459;1;8
1042;846.205/2018;4088;0.48744973082989795;0;8
1043;810.968/2013;4448;0.4874155643294744;0;8
1044;810.131/2015;3215;0.4873536174285649;0;8
1045;810.132/2015;3216;0.4873536174285649;0;8
1046;810.694/2015;841;0.48733445771101475;0;8
1047;820.438/2016;1001;0.4871290497210894;0;8
1048;848.194/2015;3015;0.4871208801697788;1;8
1049;880.111/2011;2127;0.4870892830280655;0;8
1050;880.126/2011;2437;0.4870892830280655;0;8
1051;800.367/2016;525;0.487083801512199;0;8
1052;840.074/2015;4525;0.487027322138507;0;8
1053;826.441/2017;2292;0.4869974518081487;1;8
1054;811.485/2013;4009;0.4869643382488072;0;8
1055;815.750/2012;944;0.4869318313722732;0;8
1056;810.668/2006;3633;0.486876156016387;1;8
1057;811.171/2016;101;0.48686723224939044;0;8
1058;826.554/2017;1118;0.4864533504503904;0;8
1059;840.064/2008;3664;0.48643715555732003;0;8
1060;800.511/2016;559;0.48633024345041215;0;8
1061;800.512/2016;560;0.48633024345041215;0;8
1062;896.354/2015;2261;0.4861876853340637;1;8
1063;810.120/2015;3191;0.4860917610600013;0;8
1064;826.171/2019;4508;0.48574547319627215;0;8
1065;870.496/2011;3737;0.48545181992991365;0;8
1066;300.016/2019;105;0.48539319594049507;1;8
1067;840.030/2015;1373;0.485290981126647;0;8
1068;810.095/1985;3819;0.4852500088809774;1;8
1069;810.076/2018;4405;0.4850493132375112;1;8
1070;810.282/2019;2486;0.48497448552400296;1;8
1071;801.080/2010;2296;0.48493619952204603;1;8
1072;848.300/2018;1473;0.4847369700676259;0;8
1073;801.028/2010;602;0.4846643010052762;0;8
1074;300.413/2010;208;0.484580659519822;0;8
1075;896.397/2014;2264;0.48426912732483857;1;8
1076;848.469/2011;1485;0.4840511498424949;0;8
1077;884.191/2021;3127;0.483954681661787;0;8
1078;896.064/2011;2229;0.4838989542261735;0;8
1079;826.135/2016;2990;0.4838649605624199;0;8
1080;302.456/2015;440;0.4838645123108354;0;8
1081;840.308/2016;1385;0.4837587579410688;1;8
1082;800.599/2009;2342;0.4837473769951379;1;8
1083;800.605/2017;570;0.48370788582509355;0;8
1084;860.552/2017;1637;0.48355918974410483;0;8
1085;810.551/2019;2969;0.48351050884037317;1;8
1086;810.262/2018;4383;0.4834501922489216;0;8
1087;800.699/2016;586;0.4834264394624357;0;8
1088;871.324/2016;3743;0.48335689266105414;0;8
1089;810.122/2002;789;0.4833525082319778;0;8
1090;300.092/2009;121;0.4833243882773463;0;8
1091;850.142/2016;3719;0.48332152439770415;0;8
1092;810.285/2015;799;0.4832685276562091;0;8
1093;300.917/2017;370;0.48326307503084054;0;8
1094;811.185/2017;874;0.4831511634772123;0;8
1095;890.335/2015;4174;0.4831025433093963;0;8
1096;840.254/2013;3171;0.4829826182085083;0;8
1097;800.620/2013;575;0.4828684639349369;0;8
1098;860.128/2013;1562;0.4828631403256663;0;8
1099;848.008/2017;1411;0.482650953448021;0;8
1100;300.667/2018;3872;0.48263005806328907;0;8
1101;890.808/2013;2214;0.48262936434452786;0;8
1102;860.422/2018;4349;0.48246578462791817;0;8
1103;896.152/2015;2238;0.4824485281853202;0;8
1104;803.041/2017;627;0.4823867380256997;0;8
1105;300.462/2020;2468;0.4823307027101462;0;8
1106;848.269/2017;1467;0.4823201530211834;0;8
1107;811.687/2015;3813;0.48224562272527516;0;8
1108;301.021/2021;3615;0.4822059628580483;1;8
1109;846.174/2016;3699;0.4821573976527708;0;8
1110;826.486/2017;4047;0.48199654153192323;1;8
1111;880.111/2019;3754;0.48194391720079127;1;8
1112;815.506/2011;926;0.48178508772907164;0;8
1113;803.037/2017;624;0.4817115961740873;0;8
1114;826.673/2016;4060;0.48167581950898175;1;8
1115;870.385/2016;1991;0.4815425175004635;0;8
1116;810.405/2014;3820;0.48152498740439437;0;8
1117;871.139/2011;2885;0.4814888866385658;0;8
1118;871.138/2011;3334;0.4814888866385658;0;8
1119;871.184/2017;2034;0.48143994475894697;0;8
1120;848.158/2010;1435;0.4814346824500133;0;8
1121;811.117/2009;3803;0.4813859208453302;0;8
1122;300.536/2020;3864;0.4813248004018009;0;8
1123;820.598/2018;1018;0.4812080388344369;0;8
1124;815.642/2015;935;0.4811092317973012;1;8
1125;815.722/2016;939;0.48100651735186856;0;8
1126;810.451/2011;816;0.48092935355156846;0;8
1127;300.058/2021;117;0.48085865953595786;0;8
1128;301.022/2022;4461;0.4806239365881666;0;8
1129;810.519/2011;3253;0.4804199815464107;1;8
1130;815.341/2015;3639;0.48017324923466453;0;8
1131;826.630/2016;4054;0.48011415163370835;0;8
1132;300.161/2021;142;0.4798898833136205;0;8
1133;866.554/2015;1918;0.479876174158296;0;8
1134;300.853/2011;351;0.47987363051043724;0;8
1135;871.684/2019;2051;0.47986839700607775;1;8
1136;871.083/2015;4153;0.4796906113474065;0;8
1137;811.035/2010;3590;0.4795754692116681;0;8
1138;840.192/2009;2530;0.47956740208651505;0;8
1139;860.296/2016;3202;0.4794522126591328;0;8
1140;840.300/2016;1384;0.4792510463918995;0;8
1141;840.036/2017;3662;0.4792098159315261;0;8
1142;840.039/2017;3663;0.4792098159315261;0;8
1143;848.215/2015;1454;0.47907028405582686;0;8
1144;864.266/2010;4140;0.4786816070144537;0;8
1145;810.077/2018;3629;0.4786623445711881;1;8
1146;826.640/2017;4057;0.47840125677735074;0;8
1147;800.056/2017;487;0.47835357177286253;1;8
1148;848.456/2011;1483;0.4783419732517224;0;8
1149;800.178/2016;503;0.4782536471711706;0;8
1150;890.085/2017;2372;0.47821403773053306;1;8
1151;821.353/2014;1071;0.47807709889096706;0;8
1152;800.279/2014;2294;0.47786176758940224;1;8
1153;810.806/2021;847;0.47778079379509913;1;8
1154;300.535/2009;244;0.47774653390294397;0;8
1155;806.022/2015;732;0.4775856424720533;0;8
1156;810.522/2017;824;0.47745473203564504;1;8
1157;815.404/2016;917;0.477374936017469;0;8
1158;810.005/1985;3930;0.47711537150234656;1;8
1159;810.006/1985;3931;0.4770123987200477;1;8
1160;832.202/2014;1263;0.47693849173009334;0;8
1161;826.276/2018;4366;0.47644740211861475;0;8
1162;800.762/2015;593;0.4764296366834786;1;8
1163;831.106/2015;1200;0.4764168883847243;0;8
1164;890.414/2015;2439;0.4763896327748527;0;8
1165;833.912/2013;1346;0.476268107230408;0;8
1166;896.548/2008;3783;0.47621490064976013;0;8
1167;826.493/2016;4048;0.47609844349498637;0;8
1168;848.207/2016;1449;0.4759960045922701;0;8
1169;301.263/2020;430;0.47595798921679644;0;8
1170;848.476/2011;1486;0.47581922643500213;1;8
1171;896.215/2015;2246;0.4756664420419403;1;8
1172;848.268/2016;1466;0.47557236044845264;0;8
1173;878.084/2016;2096;0.47554797037307117;0;8
1174;300.666/2018;4295;0.47533058180143894;0;8
1175;300.407/2021;3856;0.4750379218884931;1;8
1176;810.088/2017;2388;0.4750274256363867;0;8
1177;826.490/2018;4520;0.4749332571746495;0;8
1178;300.276/2019;171;0.4748600613576117;1;8
1179;810.820/2017;3977;0.47481746456284674;0;8
1180;878.069/2018;4201;0.47475863604672053;0;8
1181;826.446/2017;4043;0.47461478338254853;0;8
1182;820.046/2001;4015;0.4744883863121829;0;8
1183;820.010/2010;960;0.47438470894722484;0;8
1184;810.186/1983;3941;0.4743659583861172;1;8
1185;896.599/2011;2273;0.4741938487000903;1;8
1186;866.463/2018;2679;0.47419181958360923;0;8
1187;300.828/2017;341;0.4740906104868666;0;8
1188;896.238/2016;2251;0.47391110112307416;0;8
1189;826.321/2017;4039;0.47389779242569124;0;8
1190;896.733/2011;2278;0.47387071284769416;0;8
1191;800.386/2015;531;0.47386817445632146;0;8
1192;861.329/2011;3071;0.4736977948644314;1;8
1193;880.001/2015;2106;0.4734187134763101;0;8
1194;300.858/2017;354;0.47336733414479254;0;8
1195;811.036/2010;3591;0.47334569892421113;0;8
1196;300.833/2009;344;0.4732488069166905;0;8
1197;810.569/2006;828;0.4729417447888646;0;8
1198;860.607/2017;4502;0.47275580349675334;0;8
1199;815.852/2011;954;0.4726310289955254;0;8
1200;866.712/2017;2692;0.47248155052638396;0;8
1201;301.038/2016;399;0.4723119423290033;0;8
1202;820.506/2016;4315;0.47216482320528846;0;8
1203;872.204/2016;3745;0.4721040451566054;1;8
1204;300.494/2019;230;0.4720849698682135;0;8
1205;890.524/2011;2206;0.4718619066841799;0;8
1206;848.246/2018;1461;0.47176470575693047;0;8
1207;800.682/2008;4941;0.4716792623363454;0;8
1208;300.238/2021;162;0.47160453956446025;1;8
1209;300.346/2019;189;0.47153154504714856;1;8
1210;300.570/2018;4233;0.471189631451442;1;8
1211;890.259/2018;2183;0.4709339856936746;1;8
1212;810.050/2015;3805;0.4709277728150519;1;8
1213;300.122/2017;3837;0.4708312113164248;0;8
1214;300.034/2020;3834;0.47059034808154176;0;8
1215;866.698/2018;2691;0.4705643707905753;0;8
1216;896.687/2003;4918;0.4703224892629282;0;8
1217;300.557/2019;2466;0.4701266919181574;0;8
1218;302.906/2015;4552;0.4696263882973723;0;8
1219;300.578/2016;3867;0.4695787725583562;0;8
1220;861.639/2013;4535;0.4691467834394497;0;8
1221;801.069/2008;4942;0.46914181991658876;0;8
1222;896.793/2011;2281;0.46907197750748025;0;8
1223;890.896/2014;2441;0.469035678960868;0;8
1224;831.301/2017;1218;0.46865989598672453;0;8
1225;820.479/2012;2399;0.4681458389955889;0;8
1226;810.499/2013;820;0.46814516263407313;1;8
1227;800.332/2014;522;0.46809933757086397;1;8
1228;810.802/2021;3636;0.46802973098238987;1;8
1229;861.184/2012;3067;0.46801179042471736;0;8
1230;896.098/2013;4189;0.46797768696173025;0;8
1231;301.190/2013;2381;0.46796889267723973;0;8
1232;878.001/2015;2093;0.4678873939805741;0;8
1233;300.445/2013;217;0.46783247485932966;0;8
1234;303.402/2018;3923;0.467755325104442;0;8
1235;300.592/2023;4481;0.46752229035058485;0;8
1236;830.727/2018;4288;0.4673856939108714;1;8
1237;815.497/2015;923;0.46727560142154895;0;8
1238;860.808/2010;1672;0.4672516274943703;1;8
1239;840.112/2015;1375;0.4672456679552716;0;8
1240;300.164/2018;4224;0.4669730199955488;0;8
1241;800.364/2017;524;0.46674650356977326;0;8
1242;815.531/2015;928;0.46666647270631034;0;8
1243;300.782/2012;324;0.46652357524051036;0;8
1244;800.102/2007;490;0.46647383315384316;1;8
1245;831.255/2016;1213;0.4663650193340035;0;8
1246;890.255/2018;2182;0.466342813499932;0;8
1247;830.527/2014;4066;0.4661274562306075;1;8
1248;840.200/2013;1381;0.46599088827041885;0;8
1249;896.097/2013;4188;0.46592777608829;0;8
1250;820.723/2003;1025;0.4658494271772872;0;8
1251;848.268/2014;1465;0.46583666483195935;0;8
1252;300.808/2017;334;0.4658307179305856;0;8
1253;300.434/2022;4439;0.4656908844910902;0;8
1254;800.313/2018;518;0.4656484649363281;0;8
1255;850.155/2015;3720;0.4656177445511769;0;8
1256;820.423/1996;3644;0.46522502898002965;0;8
1257;800.370/2017;526;0.46520220526502093;0;8
1258;300.760/2022;4355;0.46502016733290163;0;8
1259;840.199/2013;1380;0.4646613416902039;0;8
1260;300.014/2019;4215;0.46463005745841773;0;8
1261;832.335/2014;1273;0.4646241155086661;0;8
1262;300.923/2020;3898;0.46455790888599097;0;8
1263;304.101/2017;474;0.46448690589512803;0;8
1264;815.780/2016;2398;0.4644015889048056;0;8
1265;870.440/2018;1994;0.46422711148272;0;8
1266;831.862/2016;1249;0.4641194576555326;0;8
1267;815.411/2017;918;0.4639313892877258;0;8
1268;890.301/2016;2189;0.4638277989957112;0;8
1269;878.060/2018;3750;0.46376558621215613;0;8
1270;831.320/2020;1220;0.4637464467375998;0;8
1271;830.714/2016;1174;0.4637191801105561;0;8
1272;820.899/2001;1048;0.46365709139024486;0;8
1273;300.136/2014;137;0.46363769939980287;0;8
1274;815.447/2015;2396;0.46341805709755013;0;8
1275;870.435/2020;1993;0.4628111216684682;0;8
1276;810.480/2010;818;0.462718210427296;0;8
1277;831.997/2007;5000;0.462365460439992;0;8
1278;300.217/2018;151;0.46233513904772755;0;8
1279;840.534/2017;3666;0.4622870270280581;0;8
1280;880.286/2007;2139;0.4622746313156203;0;8
1281;896.102/2009;2234;0.4622674353296881;0;8
1282;890.324/2015;2375;0.46216240987763646;1;8
1283;884.047/2012;4578;0.4620917423475113;0;8
1284;800.718/2008;590;0.46206649637913944;0;8
1285;861.796/2010;1770;0.46182685868771345;0;8
1286;848.267/2016;4091;0.461799874136508;0;8
1287;833.065/2014;1313;0.46122284658732277;1;8
1288;300.289/2011;173;0.46110603888831614;0;8
1289;890.027/2016;2170;0.4608711816398529;0;8
1290;820.636/2018;1020;0.46085036687996983;0;8
1291;871.004/2021;4440;0.4606695064495971;0;8
1292;831.299/2017;1216;0.46055740900978986;0;8
1293;896.003/2013;2442;0.46054039538809577;0;8
1294;800.396/2015;3927;0.46031179046075127;0;8
1295;833.076/2012;3454;0.4600871704053949;0;8
1296;826.491/2017;1109;0.459905277752329;0;8
1297;880.016/2017;2109;0.45988894453417567;1;8
1298;826.078/2017;4033;0.4598819428390701;1;8
1299;820.832/2010;2403;0.4597419953271411;0;8
1300;860.485/2018;3186;0.4596617824792287;0;8
1301;300.264/2014;3797;0.459510644533781;0;8
1302;800.545/2017;561;0.4592229383575321;0;8
1303;800.547/2017;562;0.4592229383575321;0;8
1304;301.156/2021;420;0.4591374527554104;0;8
1305;800.028/2017;481;0.4590555901225855;0;8
1306;303.337/2018;4268;0.4588688539705479;0;8
1307;300.529/2010;242;0.45885289498248877;0;8
1308;300.578/2019;257;0.45883327497954285;0;8
1309;890.324/2014;2191;0.4585226281142702;0;8
1310;820.161/2012;4018;0.45839013712053805;1;8
1311;820.319/2008;991;0.45785947915635683;0;8
1312;820.320/2008;992;0.45785947915635683;0;8
1313;820.416/2021;999;0.45762800983613416;0;8
1314;300.866/2019;358;0.457501177331124;0;8
1315;800.003/2016;476;0.4573911416308564;0;8
1316;830.027/2019;1130;0.45728085675388336;0;8
1317;878.095/2015;4164;0.4572479083007644;0;8
1318;831.319/2020;1219;0.4571616482492255;0;8
1319;300.971/2019;385;0.4571472538566232;1;8
1320;810.815/2020;3974;0.45710642427621284;1;8
1321;810.814/2020;3973;0.456710809273854;1;8
1322;810.816/2020;3975;0.456710809273854;1;8
1323;810.817/2020;3976;0.456710809273854;1;8
1324;811.430/2014;883;0.4566802304342051;0;8
1325;833.037/2014;1312;0.45662132439234787;0;8
1326;300.251/2021;3845;0.4563192965377543;0;8
1327;896.253/2016;2253;0.4562616460930129;0;8
1328;830.780/2017;1177;0.45605902792376285;0;8
1329;880.195/2007;2133;0.456056798975522;0;8
1330;826.641/2016;4058;0.4559667917866773;0;8
1331;300.859/2016;3892;0.4558777477104731;0;8
1332;890.209/2016;2180;0.45583720952048506;0;8
1333;826.525/2016;1113;0.4558287963405646;0;8
1334;848.085/2016;1423;0.45566483123308027;1;8
1335;300.948/2016;378;0.4556235209262648;0;8
1336;884.167/2015;2925;0.45532561690923834;1;8
1337;811.653/2015;890;0.4551723697647915;0;8
1338;860.410/2014;1617;0.4549762346599053;0;8
1339;896.078/2020;3775;0.4549261964980755;0;8
1340;810.089/2005;3818;0.4547076996816647;0;8
1341;861.568/2013;4127;0.4546017401861949;0;8
1342;800.479/2014;553;0.45453781213632377;1;8
1343;890.395/2015;2199;0.45444242112093863;0;8
1344;301.063/2019;405;0.4544067156404308;0;8
1345;826.200/2018;4429;0.45413572593045487;0;8
1346;870.752/2016;2014;0.4539131177618918;0;8
1347;896.166/2014;2239;0.45366079101287565;0;8
1348;871.670/2012;2050;0.4536094660138475;0;8
1349;848.164/2011;1438;0.4535653472802081;1;8
1350;848.018/2018;2591;0.453512514631743;0;8
1351;872.939/2015;2083;0.4533786568381405;1;8
1352;846.077/2020;2999;0.4533641230615424;0;8
1353;811.654/2015;891;0.45316086092780317;0;8
1354;300.514/2019;238;0.4530325804807806;0;8
1355;890.698/2014;2208;0.4530234259564921;1;8
1356;872.969/2016;4430;0.45300367083434406;0;8
1357;872.958/2016;4432;0.45300367083434406;0;8
1358;300.552/2011;251;0.45293346507048565;0;8
1359;300.463/2018;4270;0.4528927183261605;1;8
1360;866.096/2018;2654;0.45285605235800364;1;8
1361;871.792/2016;2054;0.45275952246527584;1;8
1362;872.966/2016;4431;0.45275565496132825;0;8
1363;810.574/2017;3814;0.45274997955003876;1;8
1364;896.687/2011;2277;0.4527207411567361;0;8
1365;800.480/2014;554;0.45251983367603765;1;8
1366;800.444/2017;540;0.4522130894498266;0;8
1367;833.026/2014;1309;0.45212124419875455;0;8
1368;826.299/2019;2293;0.4520674140808507;0;8
1369;815.023/2008;900;0.45199169152849267;0;8
1370;815.024/2008;901;0.45199169152849267;1;8
1371;300.839/2020;3889;0.45193027303007466;1;8
1372;801.028/2012;603;0.45191637741544183;0;8
1373;810.916/2011;3979;0.4518733187830523;0;8
1374;890.138/2017;2370;0.4517725572020898;0;8
1375;890.018/2007;4370;0.45165076645073166;0;8
1376;848.248/2018;1462;0.45154072637735404;0;8
1377;890.397/1992;3563;0.45144840570253075;0;8
1378;860.381/2016;3037;0.45137060267085655;0;8
1379;826.511/2018;2991;0.45120540155431;0;8
1380;848.009/2019;1412;0.4509738308842731;0;8
1381;846.102/2015;2474;0.45092361145326587;0;8
1382;810.922/2022;4501;0.45086635833836936;0;8
1383;300.886/2017;3895;0.4506861159619822;1;8
1384;833.562/2014;1333;0.4505237700306587;0;8
1385;896.260/2015;2254;0.45052097620274956;0;8
1386;810.450/2021;4200;0.4502688287073141;0;8
1387;891.140/1994;4795;0.4502338260842667;0;8
1388;826.201/2018;4462;0.45021617524548635;0;8
1389;810.631/2014;2984;0.45011713568026057;0;8
1390;848.223/2016;1458;0.45008936603886596;0;8
1391;878.049/2019;3749;0.4500350637224961;0;8
1392;826.607/2017;1120;0.4499982494096087;0;8
1393;815.351/2003;3640;0.4498769890573086;0;8
1394;815.350/2008;913;0.44970208790567706;0;8
1395;300.294/2011;175;0.44963175677915557;1;8
1396;832.181/2016;1261;0.44953673132325656;0;8
1397;300.406/2021;205;0.44941512157371755;0;8
1398;826.638/2017;3647;0.4492880469255343;1;8
1399;846.155/2015;2552;0.4492475753286119;0;8
1400;860.325/2018;1605;0.44915877315326336;0;8
1401;848.301/2012;1474;0.4490756583642889;0;8
1402;300.716/2019;298;0.4490022715624067;0;8
1403;811.122/2011;4398;0.4489441518986654;0;8
1404;861.299/2015;2414;0.44890970938217634;0;8
1405;826.512/2018;2992;0.44889296736994333;0;8
1406;886.330/2012;2938;0.44885987853349096;0;8
1407;300.447/2014;2380;0.4488514243399037;0;8
1408;872.814/2016;2079;0.4487736653094169;0;8
1409;896.901/2006;2283;0.4485218580709659;0;8
1410;803.759/2008;710;0.44841641765211393;1;8
1411;878.155/2007;2436;0.44838070545618175;1;8
1412;810.032/2014;3934;0.4483536660429417;0;8
1413;803.772/2008;714;0.44825782691381305;1;8
1414;896.280/1998;3570;0.44819461750237066;0;8
1415;870.668/2014;2882;0.44796240718826785;0;8
1416;896.017/2018;3772;0.44792371476056775;1;8
1417;880.973/2008;2907;0.4479010249757792;0;8
1418;848.006/2012;1410;0.44784385746294064;0;8
1419;800.314/2017;519;0.44782916163638453;1;8
1420;826.850/2016;4063;0.4477361784113776;1;8
1421;846.019/2016;3668;0.4477035189028058;0;8
1422;860.862/2018;3188;0.4473642441987598;0;8
1423;301.197/2022;4404;0.4472128594660181;0;8
1424;803.754/2008;708;0.44718392066027124;0;8
1425;866.666/2020;1925;0.44715809302805803;0;8
1426;810.004/2005;4851;0.4471415338245649;0;8
1427;860.682/2017;3733;0.4470678051074371;0;8
1428;866.085/2020;1892;0.44700868054437254;1;8
1429;896.075/2011;2231;0.44693492787562183;0;8
1430;810.560/2019;2973;0.44682161881883303;1;8
1431;810.561/2019;2974;0.44682161881883303;1;8
1432;810.566/2019;2978;0.44682161881883303;1;8
1433;890.071/2013;2172;0.44679627678713174;0;8
1434;880.224/2012;2135;0.4466926742265551;1;8
1435;826.642/2016;4059;0.4466016378991464;0;8
1436;300.580/2019;259;0.4464966427920224;0;8
1437;896.168/2016;2241;0.4464178720733733;0;8
1438;800.462/2013;2344;0.44631979303131275;1;8
1439;303.341/2018;4301;0.4462861089864687;1;8
1440;810.720/2021;3969;0.4462380201913891;0;8
1441;800.281/2017;4360;0.44616869244436597;0;8
1442;300.885/2022;4454;0.44613823368578726;0;8
1443;896.284/2012;2257;0.44607074344981895;0;8
1444;803.758/2008;709;0.4460224118041608;1;8
1445;806.063/2016;4241;0.4458694514443084;0;8
1446;300.990/2021;3905;0.44564717861006004;0;8
1447;860.822/2017;1674;0.44560323327211165;1;8
1448;810.046/2014;4407;0.4455265009113675;0;8
1449;800.117/2011;4988;0.44551714036943296;0;8
1450;800.118/2011;4989;0.44551714036943296;1;8
1451;800.120/2011;4990;0.44551714036943296;0;8
1452;846.158/2015;2553;0.4454347072774556;0;8
1453;896.278/1998;3569;0.44539556457655877;0;8
1454;303.125/2018;459;0.4453954297669615;0;8
1455;866.302/2018;2674;0.4453694962998521;1;8
1456;866.109/2018;2662;0.4453582297667442;1;8
1457;800.424/2013;536;0.4453455365795339;0;8
1458;801.086/2012;3626;0.44534079714985314;0;8
1459;300.107/2019;128;0.44516936441740357;1;8
1460;800.669/2015;580;0.4451663912109082;0;8
1461;844.030/2017;4555;0.44490701749157363;0;8
1462;300.800/2018;330;0.4448783809173724;0;8
1463;890.011/2022;2169;0.4448735924530131;0;8
1464;300.739/2019;304;0.44476707395283055;0;8
1465;826.776/2016;1127;0.44476184709100525;1;8
1466;870.077/2019;1961;0.4446143229137843;0;8
1467;826.246/2017;4037;0.444397913945434;0;8
1468;300.574/2018;256;0.44433528840139275;0;8
1469;848.161/2012;1436;0.44410303907373627;0;8
1470;830.666/2016;1169;0.4440641069973155;0;8
1471;300.655/2017;3611;0.44403370248503593;0;8
1472;831.849/2017;1247;0.4440016817768005;0;8
1473;301.128/2016;3910;0.4439487596036566;0;8
1474;880.084/2011;2123;0.4437570222504238;1;8
1475;896.503/2007;4196;0.44371879242041207;0;8
1476;846.183/2011;3703;0.44371383569092854;0;8
1477;815.229/2009;909;0.4436387524932252;1;8
1478;896.285/2016;2258;0.44352281642277347;0;8
1479;871.104/2017;3113;0.44347911025970105;0;8
1480;800.055/2017;486;0.44333387157855125;0;8
1481;300.279/2019;172;0.44329113351683386;0;8
1482;300.872/2021;362;0.44320485834606005;1;8
1483;886.036/2012;4759;0.4429585854505751;0;8
1484;866.343/2017;4566;0.44293677389430247;0;8
1485;866.347/2017;4568;0.44293677389430247;0;8
1486;846.154/2015;2551;0.442896035753129;0;8
1487;866.101/2018;2656;0.44287592229017425;1;8
1488;848.230/2015;1459;0.4428565104997845;0;8
1489;800.613/2011;572;0.44284482768841116;0;8
1490;800.614/2011;573;0.44284482768841116;0;8
1491;800.628/2011;577;0.44284482768841116;1;8
1492;800.680/2011;584;0.44284482768841116;0;8
1493;800.631/2011;2384;0.44284482768841116;0;8
1494;800.691/2011;2385;0.44284482768841116;1;8
1495;820.146/2010;4864;0.442821290201853;0;8
1496;800.245/2015;511;0.44272455118436493;0;8
1497;810.674/2016;3808;0.4427176686617618;1;8
1498;810.675/2016;3809;0.4427176686617618;1;8
1499;303.105/2017;4262;0.4426022196894696;1;8
1500;896.751/2011;2279;0.4424469358302972;1;8
1501;861.415/2014;1750;0.4423222812157063;0;8
1502;826.664/2012;4339;0.4422902492076277;1;8
1503;896.832/2009;4198;0.4422069332695744;0;8
1504;815.579/2014;931;0.4421973648761234;0;8
1505;826.391/2004;4921;0.44216486641888175;0;8
1506;848.818/2011;1493;0.4421569809091644;0;8
1507;810.740/2018;3634;0.44191715823363054;0;8
1508;301.036/2020;398;0.4417885484325287;0;8
1509;880.078/2011;2121;0.44161742667165166;1;8
1510;300.600/2018;4259;0.44143196243997884;0;8
1511;800.018/2020;2477;0.441124141665932;0;8
1512;300.466/2021;225;0.4410245840983647;0;8
1513;896.639/2006;2274;0.4409740205437199;0;8
1514;866.344/2017;4565;0.44095818104609613;0;8
1515;866.346/2017;4567;0.44095818104609613;0;8
1516;848.223/2013;1457;0.4408476086866364;0;8
1517;300.251/2022;3846;0.44083204302525225;1;8
1518;815.192/2015;906;0.4408307628531376;0;8
1519;831.300/2015;1217;0.4407739688509078;0;8
1520;896.058/2008;4184;0.4407365046666065;0;8
1521;803.768/2008;711;0.44066222425087864;1;8
1522;803.769/2008;712;0.44066222425087864;0;8
1523;890.966/1994;4700;0.4406459596855274;0;8
1524;870.297/2012;3206;0.4405772506722849;0;8
1525;832.155/2009;1260;0.44054294519591697;0;8
1526;820.576/2010;3488;0.4405384595954123;0;8
1527;803.070/2015;630;0.4404890792756809;0;8
1528;826.283/2020;3297;0.4403698460711116;1;8
1529;815.760/2016;947;0.4403613068546342;0;8
1530;300.081/2022;3835;0.44035461227921346;0;8
1531;810.587/1973;99;0.440336538233097;1;8
1532;860.091/2012;4103;0.4402525614295015;0;8
1533;300.410/2023;4401;0.4402239604267285;0;8
1534;300.309/2021;3849;0.4401631183368362;0;8
1535;300.745/2020;308;0.4401430963569308;0;8
1536;890.832/2012;2215;0.44008641036127083;0;8
1537;860.692/2018;1658;0.44006512019993704;0;8
1538;800.416/2009;2343;0.43991639215254186;1;8
1539;300.504/2019;4246;0.43987693339438655;0;8
1540;848.286/2016;1472;0.43982600299761443;0;8
1541;301.162/2011;421;0.43979322753868644;0;8
1542;300.554/2021;254;0.43969532146361157;1;8
1543;300.771/2011;316;0.4395825687432178;0;8
1544;300.865/2019;357;0.4395689008705781;0;8
1545;890.457/2012;3770;0.43945176823983656;0;8
1546;880.121/2014;2129;0.439365017247759;1;8
1547;300.782/2016;3613;0.4392441158864067;0;8
1548;300.034/2019;4475;0.43917884479393937;0;8
1549;840.340/2016;1387;0.4391724012106629;0;8
1550;848.123/2014;3012;0.4391261938278316;0;8
1551;810.106/2009;4400;0.43898131959547726;1;8
1552;303.221/2018;466;0.4388379400985196;0;8
1553;300.978/2016;389;0.4388370235136262;0;8
1554;860.584/2019;3319;0.43882569280360634;0;8
1555;860.497/2021;4540;0.4388065816183587;0;8
1556;300.599/2012;265;0.43875219682070843;0;8
1557;811.164/2016;4001;0.43871483129343986;1;8
1558;890.157/1992;3559;0.4386906375862194;0;8
1559;300.687/2009;4472;0.4386443069765541;0;8
1560;830.015/2015;1129;0.4386320247666973;0;8
1561;897.036/2007;2284;0.438594766397274;0;8
1562;820.670/2011;1022;0.4385365098065649;0;8
1563;820.318/2008;990;0.43849258657055556;0;8
1564;815.344/2016;912;0.4384879104036883;0;8
1565;302.239/2015;438;0.4383800880376282;0;8
1566;861.416/2014;1751;0.43830293444481006;0;8
1567;826.122/2019;3361;0.43829875262064805;0;8
1568;826.117/2019;3371;0.43829875262064805;0;8
1569;866.303/2018;2675;0.43824110419305984;0;8
1570;810.107/2013;4512;0.43822538069713995;0;8
1571;866.043/2017;2646;0.4382041027682709;0;8
1572;890.301/2014;4326;0.43817327985740395;0;8
1573;826.481/2016;1104;0.4381312999263294;0;8
1574;880.241/2011;2137;0.4381298608950046;0;8
1575;302.590/2015;442;0.438028210296437;1;8
1576;800.034/2012;482;0.4379967344105126;0;8
1577;866.953/2017;2787;0.43784935933022145;1;8
1578;810.449/2012;3952;0.4378023911574572;1;8
1579;826.632/2010;4848;0.4377518562763771;1;8
1580;848.239/2018;1460;0.43770153273328277;0;8
1581;846.233/2013;3707;0.4376797028569126;0;8
1582;896.235/2016;2250;0.4376794745137211;0;8
1583;303.094/2017;454;0.4375629045484847;0;8
1584;300.250/2022;3844;0.4374669128353235;1;8
1585;300.677/2021;282;0.43745979149169956;0;8
1586;846.168/2017;4087;0.4373897591231312;0;8
1587;300.376/2022;194;0.43724934233765955;0;8
1588;300.927/2019;373;0.4372099809296754;0;8
1589;890.723/2012;4179;0.4371621605662965;0;8
1590;800.334/2017;3925;0.43712878528778987;0;8
1591;301.011/2020;3906;0.4370848670576317;1;8
1592;815.846/2010;952;0.43707093510004863;0;8
1593;820.729/2021;3645;0.43706972814794753;0;8
1594;820.640/1993;4925;0.4370547068573355;0;8
1595;304.118/2017;2357;0.436988991085361;0;8
1596;815.850/2010;953;0.43675538368382383;0;8
1597;840.234/2013;4080;0.4366398141542302;0;8
1598;846.615/2011;2587;0.4365353324416025;0;8
1599;851.163/2011;4098;0.43650546019559094;0;8
1600;300.639/2021;274;0.4362923115909938;0;8
1601;896.178/2014;2321;0.4362726728085326;0;8
1602;890.238/2016;2374;0.4362689875451886;1;8
1603;820.458/2006;1006;0.43624682271863974;1;8
1604;810.789/2018;845;0.4362300826126041;0;8
1605;815.232/2013;911;0.4361181050038285;1;8
1606;848.387/2013;3390;0.4360742285630257;0;8
1607;848.119/2017;3131;0.435968059771526;0;8
1608;848.065/2009;2497;0.435917379336934;0;8
1609;810.448/2012;3951;0.4358882497433158;0;8
1610;300.146/2018;139;0.4358750244562528;0;8
1611;810.058/1985;3829;0.4358725021897417;1;8
1612;896.296/2011;2259;0.43580728257442297;1;8
1613;800.137/2018;493;0.43580049039208546;0;8
1614;896.617/2013;3787;0.4355850566799986;1;8
1615;871.089/2016;2032;0.4355050411004477;0;8
1616;826.238/2013;1085;0.4354075722070188;1;8
1617;810.818/2006;850;0.4352593801718893;0;8
1618;896.603/2013;3786;0.43525703841764535;1;8
1619;300.217/2022;152;0.4351927269437141;0;8
1620;300.136/2013;3603;0.43515160479077714;0;8
1621;848.124/2014;3013;0.4351450952810681;1;8
1622;820.896/2015;1047;0.435134886998729;0;8
1623;848.114/2018;1427;0.43510243100082324;0;8
1624;810.049/2001;4773;0.43504613472296794;0;8
1625;820.743/2015;1028;0.43490873305252253;1;8
1626;896.334/2014;2445;0.43481315911958907;0;8
1627;890.334/2006;2193;0.4346981856400053;0;8
1628;896.370/2006;4194;0.43460790710054364;0;8
1629;880.018/2017;3299;0.43457437041691127;1;8
1630;860.376/2012;1610;0.43449967105821174;0;8
1631;880.233/2011;2136;0.43438752838906347;1;8
1632;826.119/2019;3372;0.4343434950262443;0;8
1633;861.474/2009;4391;0.4343356038625205;0;8
1634;867.016/2017;2829;0.4342586550034242;1;8
1635;846.091/2017;3682;0.4341358630839487;0;8
1636;806.080/2018;739;0.4341175107839066;1;8
1637;811.722/2015;895;0.43408751497820036;0;8
1638;300.230/2018;159;0.4340380288639584;1;8
1639;848.189/2017;1441;0.4338067370318271;0;8
1640;848.190/2017;1442;0.4338067370318271;0;8
1641;848.191/2017;1443;0.4338067370318271;0;8
1642;800.401/2012;534;0.43377386233865145;0;8
1643;800.378/2009;530;0.4337377168323321;0;8
1644;830.875/2019;1185;0.4337348803459387;1;8
1645;300.129/2020;3602;0.43372520452690416;1;8
1646;826.211/2017;4036;0.43370183159582726;0;8
1647;300.330/2009;2338;0.4336726943578773;1;8
1648;300.664/2022;2307;0.4336036069284575;0;8
1649;820.439/1990;1002;0.4333453157978006;0;8
1650;880.265/2013;2902;0.43333009766198505;1;8
1651;848.294/2016;4093;0.43328708964175144;0;8
1652;300.438/2021;3859;0.43326393172175653;0;8
1653;896.216/2012;2247;0.433247059924456;0;8
1654;840.281/2010;4579;0.4330553496175121;0;8
1655;810.429/2010;3347;0.4330189779630265;0;8
1656;300.544/2017;249;0.4329505391705554;0;8
1657;300.823/2009;339;0.43283985173040107;0;8
1658;848.025/2017;1415;0.4327660221192185;0;8
1659;815.694/2016;937;0.4327547955169264;0;8
1660;831.578/2014;1233;0.432725440252847;0;8
1661;810.669/2018;2323;0.4327001907695671;0;8
1662;833.499/2014;1332;0.43268285093397707;1;8
1663;846.102/2020;3000;0.4326213366059133;0;8
1664;300.093/2018;3836;0.4326170288796352;0;8
1665;800.444/2015;539;0.43257782486981006;0;8
1666;800.447/2015;541;0.43257782486981006;0;8
1667;800.455/2015;544;0.43257782486981006;0;8
1668;846.060/2018;3677;0.43249115244340053;0;8
1669;846.520/2012;3715;0.4323761198142646;0;8
1670;815.230/2013;910;0.4320977492081805;1;8
1671;896.075/2016;4185;0.43208137555250803;0;8
1672;303.190/2017;462;0.43206612280070916;0;8
1673;878.050/2019;2367;0.43202539998052325;0;8
1674;886.429/2013;4169;0.4319055466917995;0;8
1675;896.059/2010;2228;0.4317589204913687;0;8
1676;846.016/2007;2540;0.43173512598628655;1;8
1677;848.116/2018;1429;0.43170008453107633;0;8
1678;896.338/2012;2260;0.4316807451244498;0;8
1679;800.316/2012;520;0.43168018155208493;0;8
1680;896.018/2018;2223;0.4316741733364807;0;8
1681;826.321/2008;4832;0.43166032792850434;0;8
1682;848.207/2017;1450;0.43165656782186557;0;8
1683;848.208/2017;1451;0.43165656782186557;0;8
1684;848.220/2017;1456;0.43165656782186557;0;8
1685;300.298/2011;176;0.4316524460650069;0;8
1686;826.208/2018;1083;0.4315656397760609;0;8
1687;815.219/2013;907;0.43155447935095526;0;8
1688;846.007/2012;2538;0.43153706387406765;0;8
1689;880.458/2011;2145;0.43150931708623996;1;8
1690;810.376/2010;3247;0.4314818269891635;0;8
1691;300.650/2019;276;0.431469843933357;0;8
1692;815.585/2014;3641;0.43146613762925856;0;8
1693;846.129/2016;3687;0.43146451448821044;0;8
1694;848.162/2018;1437;0.4314251742753481;0;8
1695;800.181/2019;504;0.43142137112136586;0;8
1696;848.192/2017;1444;0.4313726365055694;0;8
1697;826.808/2016;3648;0.4313639946582438;1;8
1698;826.143/2015;4473;0.4312992543616017;0;8
1699;870.686/2016;2011;0.4311999081869228;0;8
1700;300.975/2009;387;0.43119719856269983;0;8
1701;302.796/2015;446;0.4310401259094421;0;8
1702;846.014/2017;3798;0.4309731293319971;0;8
1703;810.359/1984;3817;0.43094289127492946;1;8
1704;815.427/2015;920;0.43088020892928564;0;8
1705;826.569/2017;3646;0.43076865517606466;1;8
1706;833.085/2015;3658;0.43073563349242594;0;8
1707;300.446/2009;219;0.43072266921028207;0;8
1708;800.432/2016;3622;0.43070117399584695;0;8
1709;301.172/2021;3913;0.43065149748229586;0;8
1710;860.281/2017;4356;0.4306372578960369;1;8
1711;300.865/2021;3893;0.4306369519438459;0;8
1712;886.117/2021;3382;0.43062319174576286;0;8
1713;815.763/2015;2330;0.4305825490689195;0;8
1714;805.495/1976;4910;0.43056235241207585;1;8
1715;860.868/2018;3197;0.4304734844473074;0;8
1716;896.041/2017;4183;0.4304637777306548;0;8
1717;810.235/1999;4384;0.430452657336052;0;8
1718;300.638/2021;273;0.4304284691594187;0;8
1719;800.147/2011;496;0.43042112017386835;0;8
1720;800.148/2011;497;0.43042112017386835;0;8
1721;800.151/2011;500;0.43042112017386835;1;8
1722;800.154/2011;501;0.43042112017386835;0;8
1723;800.375/2014;529;0.4302774044827083;1;8
1724;862.035/2011;2422;0.43027079662435763;1;8
1725;846.528/2011;2585;0.43025361766031467;0;8
1726;896.378/2010;2262;0.4302109350137269;0;8
1727;861.546/2014;1763;0.4301678662735284;0;8
1728;826.375/2009;2404;0.4301380418294624;0;8
1729;844.050/2016;1396;0.430129769874634;0;8
1730;300.907/2020;368;0.43002640006041376;0;8
1731;896.568/2013;2941;0.4299800600307409;1;8
1732;810.202/2007;4779;0.4299238702791166;0;8
1733;846.112/2012;2548;0.4299206202464407;0;8
1734;820.452/2012;1005;0.4298521166428222;1;8
1735;848.231/2019;3250;0.4298454558693572;0;8
1736;820.193/2018;978;0.4298323343562262;0;8
1737;300.367/2022;3855;0.4298316041903552;0;8
1738;820.841/2011;1035;0.429816127846294;0;8
1739;826.647/2016;1123;0.42977800137726335;0;8
1740;896.547/2014;2272;0.42973075895354923;1;8
1741;848.279/2012;2345;0.42957123203873326;0;8
1742;300.686/2021;288;0.429526757394485;1;8
1743;821.263/2014;1067;0.4294371260592515;0;8
1744;300.592/2017;262;0.4293809859297778;0;8
1745;848.314/2016;1475;0.42935745406216397;0;8
1746;840.535/2017;1391;0.42933028181012917;0;8
1747;800.149/2011;498;0.4293260852954889;1;8
1748;833.608/2013;1335;0.429322371014327;1;8
1749;810.672/2012;3968;0.42930756774209555;0;8
1750;815.754/2001;2316;0.42921694003345434;0;8
1751;815.608/2010;933;0.4291980602202482;0;8
1752;826.497/2014;1110;0.4291747500517322;0;8
1753;846.164/2015;2556;0.42913679436910523;1;8
1754;846.095/2020;1405;0.4290921471433907;1;8
1755;302.902/2015;447;0.42908743046514325;0;8
1756;848.553/2008;1489;0.42904042039635676;1;8
1757;806.106/2018;2309;0.42903284620581056;0;8
1758;806.105/2018;2311;0.42903284620581056;0;8
1759;806.135/2015;748;0.4289447813213135;1;8
1760;890.216/2016;4171;0.4289384558027045;0;8
1761;871.024/2016;4350;0.42884262167174225;0;8
1762;846.030/2012;2541;0.428822868684315;0;8
1763;860.412/2019;1618;0.42880816201415234;1;8
1764;300.632/2011;271;0.42878767157436964;0;8
1765;803.024/2020;618;0.4287764658885642;1;8
1766;300.849/2009;4471;0.42872680748358577;0;8
1767;800.586/2010;566;0.428453071793881;1;8
1768;886.073/2011;2164;0.42841263833390775;0;8
1769;846.101/2020;1406;0.4283735828185109;1;8
1770;840.331/2014;1386;0.42835755469148934;0;8
1771;846.028/2018;3671;0.42822168279395584;0;8
1772;866.826/2014;4147;0.42821837929472084;1;8
1773;890.436/2008;2204;0.4281636899366334;1;8
1774;826.616/2016;4052;0.4281444767015216;0;8
1775;826.101/2009;4835;0.4281428305786059;0;8
1776;300.299/2018;4223;0.4280363315882941;0;8
1777;800.335/2016;2382;0.4279873116994176;0;8
1778;300.993/2009;391;0.42793992022699456;0;8
1779;878.045/2019;2094;0.42788466543704234;0;8
1780;811.287/2013;3435;0.427873869232284;0;8
1781;846.315/2013;2575;0.42787202743886404;1;8
1782;301.089/2011;409;0.42786576097426604;0;8
1783;826.518/2002;1112;0.4278521127716725;0;8
1784;848.401/2013;1482;0.42784886684678924;0;8
1785;820.830/2010;2401;0.42782115292252004;0;8
1786;896.906/2006;3792;0.42780260937906506;0;8
1787;846.010/2012;2539;0.42779752906210233;0;8
1788;820.066/2012;963;0.4277596390201511;0;8
1789;820.212/2017;983;0.4277475928039152;0;8
1790;300.545/2017;4275;0.42771895267759547;0;8
1791;800.608/2016;571;0.4276431012037258;0;8
1792;300.994/2013;393;0.42763613196549854;0;8
1793;830.539/2016;1162;0.427476803444916;0;8
1794;300.442/2018;216;0.42743558036537416;0;8
1795;844.092/2014;2303;0.42742937678643983;0;8
1796;800.145/2019;494;0.4272924763034423;0;8
1797;846.199/2017;1407;0.4272585126709097;0;8
1798;800.150/2011;499;0.4272484622217987;1;8
1799;300.070/2018;4234;0.427138392630808;1;8
1800;840.924/2011;2536;0.427127805211439;0;8
1801;860.722/2021;4500;0.42704940858615215;0;8
1802;846.154/2009;3267;0.42704503383529513;0;8
1803;821.107/2014;1060;0.42699997846609505;0;8
1804;880.105/2014;3141;0.42696434640262304;0;8
1805;303.359/2018;471;0.42686389962254173;0;8
1806;300.733/2019;302;0.4267792540013888;0;8
1807;830.726/2018;3149;0.42675771713543936;0;8
1808;800.436/2014;538;0.4267220990883246;0;8
1809;870.531/2018;4333;0.42672111567771515;0;8
1810;878.078/2017;3753;0.42664235599564215;0;8
1811;815.503/2013;925;0.4266373107178555;0;8
1812;886.078/2017;3769;0.426614970325946;0;8
1813;300.069/2018;4217;0.4265694108434682;1;8
1814;301.398/2009;437;0.4265293342846137;0;8
1815;866.736/2020;1928;0.42651501582765644;1;8
1816;300.188/2021;3840;0.4264968580540637;0;8
1817;880.055/1993;2895;0.42643669951273844;0;8
1818;830.601/2014;1165;0.42641352229717366;0;8
1819;860.209/2018;1581;0.4264108724122932;0;8
1820;896.576/2011;2943;0.4263815923498424;0;8
1821;860.506/2022;3379;0.42636159114866096;0;8
1822;300.730/2014;299;0.42635279043029944;0;8
1823;300.675/2022;3876;0.42630384955441025;1;8
1824;846.053/2016;3675;0.42630163172949187;0;8
1825;866.612/2017;4146;0.42620629299370694;0;8
1826;301.197/2010;423;0.4260457323328744;0;8
1827;870.547/2016;2002;0.4258789436229328;0;8
1828;848.279/2018;1470;0.4258783613292974;0;8
1829;861.108/2016;4122;0.42587744990170484;0;8
1830;870.518/2015;1998;0.4258414461662155;0;8
1831;870.520/2015;2000;0.4258414461662155;0;8
1832;832.722/2016;4263;0.42583439951286706;1;8
1833;300.756/2022;4309;0.4257704135766994;0;8
1834;300.743/2021;306;0.4254966088587492;0;8
1835;301.113/2021;415;0.4254966088587492;0;8
1836;300.553/2016;252;0.42543359477621806;0;8
1837;832.312/2014;1270;0.4254259494307228;0;8
1838;833.331/2014;1325;0.42533256903303396;1;8
1839;880.951/1994;2906;0.4252721027835754;0;8
1840;840.277/2012;1382;0.4251512628478108;0;8
1841;846.123/2014;2550;0.42508025888893175;0;8
1842;300.045/2017;113;0.4250786956613914;0;8
1843;870.516/2015;1997;0.42506366838843773;0;8
1844;870.519/2015;1999;0.42506366838843773;0;8
1845;870.522/2015;2001;0.42506366838843773;0;8
1846;878.008/2021;4422;0.42506011547175543;0;8
1847;302.494/2015;441;0.42486292990134916;0;8
1848;303.360/2018;472;0.4248296956374229;0;8
1849;846.155/2016;3695;0.4247911487548436;0;8
1850;831.161/2010;1208;0.42476853035133383;0;8
1851;800.109/2009;492;0.4247174309087735;0;8
1852;848.319/2014;3016;0.424680302842132;0;8
1853;886.115/2015;2930;0.4246489934161545;0;8
1854;820.468/2010;4022;0.4245801218058997;0;8
1855;846.681/2011;2589;0.42456321032498084;0;8
1856;862.957/2011;2644;0.4245569699446827;0;8
1857;832.378/2016;1275;0.4245320121847168;0;8
1858;866.919/2017;2763;0.42441703487633065;0;8
1859;896.167/2016;2240;0.42440967801204865;0;8
1860;826.365/2015;1093;0.424383899710051;0;8
1861;861.490/2014;2949;0.4243655105589689;1;8
1862;886.053/2004;2163;0.4242479152078476;0;8
1863;846.279/2012;2571;0.4242353028808772;1;8
1864;833.979/2013;1347;0.4240958217319003;0;8
1865;300.243/2012;163;0.42407524220628456;0;8
1866;833.402/2014;1329;0.4240014162930713;0;8
1867;846.700/2011;2590;0.42397778318388607;0;8
1868;890.479/2006;4177;0.42391138178284804;0;8
1869;846.291/2012;3189;0.4238939004298343;0;8
1870;300.835/2009;345;0.4237409585608955;0;8
1871;300.809/2019;335;0.42367999538942325;0;8
1872;871.527/2016;2887;0.4236636973768552;0;8
1873;820.831/2010;2402;0.4235287485949848;0;8
1874;826.805/2016;4062;0.42349023568764665;0;8
1875;846.288/2012;2572;0.42348069691131773;0;8
1876;870.847/2019;4531;0.42339623376047913;0;8
1877;820.085/2016;968;0.4233797416416388;0;8
1878;300.951/2016;379;0.4233481660206183;0;8
1879;896.513/2007;3782;0.4233202226032527;0;8
1880;860.375/2021;4441;0.42320326592459817;0;8
1881;860.892/2017;3333;0.4231865781712229;1;8
1882;820.748/2016;1029;0.42318177441310023;0;8
1883;848.062/2020;4327;0.4231719913500587;0;8
1884;866.448/2015;2950;0.4231361317182767;0;8
1885;810.388/1983;3800;0.4230928527455717;0;8
1886;867.045/2018;2853;0.42305380968691275;0;8
1887;880.137/2014;2130;0.4230203941686917;1;8
1888;810.224/2015;794;0.4229685904464811;0;8
1889;300.466/2019;224;0.4228727769122163;1;8
1890;884.073/2005;3143;0.4227255379079804;0;8
1891;870.800/2018;2017;0.42271525686661904;0;8
1892;303.138/2018;3831;0.42268192226473145;0;8
1893;890.848/2012;3771;0.4226388390027909;1;8
1894;884.084/2014;3762;0.4226171550062726;0;8
1895;300.963/2011;382;0.42260499193535084;0;8
1896;870.894/2019;3739;0.4225429552112958;0;8
1897;300.056/2020;116;0.42250552840018774;1;8
1898;870.673/2020;4151;0.4224545522445236;1;8
1899;300.033/2015;110;0.4222782573947058;0;8
1900;884.040/2016;3120;0.4222435234123407;0;8
1901;866.104/2018;2658;0.4222366003097159;0;8
1902;300.189/2019;4209;0.4222115472706876;0;8
1903;846.181/2012;3701;0.42215400345598636;0;8
1904;830.924/1990;1188;0.4221493975064782;0;8
1905;880.048/2017;2115;0.4221417174311733;1;8
1906;820.738/2016;1027;0.42203637664641597;0;8
1907;826.394/2016;1096;0.4220341302303403;0;8
1908;890.984/2011;2218;0.422008669494549;0;8
1909;846.085/2017;2545;0.4219897481760144;1;8
1910;301.046/2013;401;0.42198920071215584;0;8
1911;848.059/2013;1417;0.4219685442317936;0;8
1912;800.325/2012;521;0.4219678728863662;0;8
1913;301.247/2021;3916;0.42192094152649195;1;8
1914;872.095/2021;3377;0.42188079301132675;1;8
1915;821.313/2001;4999;0.421873202176322;0;8
1916;878.101/2015;2097;0.4218515392639043;0;8
1917;302.645/2015;444;0.4218216905495798;0;8
1918;884.003/2016;3755;0.4217873149526583;1;8
1919;880.120/2016;2899;0.42178552547070536;0;8
1920;826.601/2015;4427;0.4217499843255053;0;8
1921;871.232/2016;4155;0.42167503278408647;0;8
1922;884.059/2005;2152;0.4216558765271321;0;8
1923;884.061/2005;2153;0.4216558765271321;0;8
1924;884.066/2005;2154;0.4216558765271321;0;8
1925;884.067/2005;2155;0.4216558765271321;0;8
1926;300.490/2022;229;0.4216276325578773;0;8
1927;820.892/2016;1046;0.421592668694162;0;8
1928;884.018/2005;2913;0.4215397483911663;0;8
1929;884.063/2005;2918;0.4215397483911663;0;8
1930;884.064/2005;2919;0.4215397483911663;1;8
1931;826.281/2015;1088;0.42153466048347715;1;8
1932;300.952/2016;380;0.4214801088342641;1;8
1933;820.367/2013;2366;0.42141967447993395;0;8
1934;848.182/2016;3139;0.42139506451348746;0;8
1935;820.273/2004;986;0.4213665868799531;0;8
1936;800.670/2015;581;0.4213631496581987;0;8
1937;300.355/2010;190;0.4213628687175607;0;8
1938;896.127/2005;3128;0.42124342518439156;0;8
1939;868.244/2016;3735;0.4212278849483922;0;8
1940;896.575/2011;2942;0.4211617380483791;0;8
1941;303.196/2018;3922;0.42116132297722353;0;8
1942;884.082/2014;2921;0.4211520076457089;0;8
1943;884.072/2005;2157;0.4211491606564365;0;8
1944;884.074/2005;2158;0.4211491606564365;0;8
1945;846.311/2013;2573;0.42113480186996777;0;8
1946;300.650/2010;275;0.4211291553353819;0;8
1947;870.235/2017;3110;0.42110872928217524;0;8
1948;896.654/2013;2314;0.42107800556965796;0;8
1949;884.075/2005;3137;0.42106231764512764;0;8
1950;300.392/2012;197;0.4210513301640146;0;8
1951;810.698/2009;3242;0.42080901019386013;0;8
1952;861.695/2021;4503;0.4208080523930704;0;8
1953;868.018/2018;3147;0.4207354171701523;0;8
1954;846.150/2014;3265;0.4205697393299022;0;8
1955;826.401/2015;4040;0.4205156683650404;0;8
1956;800.762/2012;592;0.4205073146262369;0;8
1957;860.527/2016;1634;0.42049718713997936;0;8
1958;870.645/2016;2008;0.4204915670935051;0;8
1959;870.920/2021;3112;0.42048230048524715;0;8
1960;300.672/2022;3874;0.42044046962803205;0;8
1961;300.731/2013;301;0.4204269100069551;0;8
1962;848.382/2012;1481;0.42030214528899373;0;8
1963;820.690/2018;2467;0.42029592192478027;0;8
1964;815.773/2015;949;0.4202662101965775;0;8
1965;300.392/2020;198;0.4202032844622108;0;8
1966;860.783/2019;1667;0.4201184042537876;1;8
1967;300.588/2021;261;0.4200664101848311;0;8
1968;886.319/2009;2937;0.420035656999331;0;8
1969;302.248/2015;439;0.4200258620779207;0;8
1970;870.239/2017;3111;0.42001727601619093;0;8
1971;821.186/2014;1065;0.41995402824865197;1;8
1972;800.399/2011;533;0.41990297017813294;0;8
1973;815.581/2016;932;0.4198890507482838;0;8
1974;300.096/2021;123;0.41988426110833005;0;8
1975;896.631/2011;3789;0.41985587034517663;0;8
1976;820.829/2016;1033;0.4198550168050515;0;8
1977;871.877/2018;2055;0.41980577492608073;0;8
1978;820.543/2010;1012;0.41980354303904444;0;8
1979;860.022/2019;2628;0.4197842479349602;0;8
1980;870.133/2019;3736;0.41972903222239216;0;8
1981;820.144/2009;4770;0.41971177795189374;1;8
1982;860.490/2012;2461;0.41969308615735296;0;8
1983;860.484/2012;2462;0.41969308615735296;0;8
1984;300.609/2022;269;0.41966816838119214;0;8
1985;300.548/2012;250;0.419665170447484;1;8
1986;806.108/2018;2310;0.4196374651651552;0;8
1987;815.758/2010;946;0.41959316974875993;0;8
1988;826.251/2017;4038;0.41948095992589113;0;8
1989;302.608/2015;443;0.41947707632210673;1;8
1990;862.898/2011;2643;0.4194625223000139;0;8
1991;866.858/2016;1932;0.4194529748117228;0;8
1992;870.366/2020;4149;0.4194144378613389;0;8
1993;300.637/2014;272;0.4192994495520631;0;8
1994;832.082/2016;1258;0.4192972874231692;0;8
1995;840.311/2016;4373;0.4192392718959951;0;8
1996;846.064/2011;2543;0.4192238001426565;0;8
1997;884.042/2016;2147;0.4191564433345836;0;8
1998;300.953/2016;381;0.41913534767161365;1;8
1999;302.609/2015;3919;0.4190482088127506;0;8
2000;826.231/2013;4359;0.4188723091469648;1;8
2001;800.704/2014;587;0.41883725866413885;0;8
2002;866.696/2018;2689;0.41867472483562196;1;8
2003;820.724/2007;1026;0.4186078469459366;0;8
2004;860.304/2018;4510;0.4186018834984896;1;8
2005;830.367/2020;1150;0.4185825329540942;0;8
2006;300.228/2019;157;0.4185782114924273;1;8
2007;300.502/2020;235;0.4185240292179914;0;8
2008;303.043/2017;448;0.418485311971874;0;8
2009;870.202/2017;1978;0.41845793079887067;0;8
2010;300.973/2020;386;0.4184113995218939;0;8
2011;846.461/2012;2584;0.4183774085319492;1;8
2012;800.716/2014;589;0.41833407856635674;0;8
2013;800.820/1977;4913;0.41825472598046987;1;8
2014;300.428/2019;4556;0.4182440203130913;0;8
2015;300.868/2016;359;0.41823038321720435;0;8
2016;858.062/2007;3400;0.4181907161136595;0;8
2017;820.099/2015;970;0.4181637047676367;0;8
2018;820.306/2011;987;0.4181076323262063;0;8
2019;300.026/2021;108;0.4180566669480845;1;8
2020;871.595/2021;3116;0.4180202173292665;0;8
2021;872.431/2013;2068;0.4180090382944023;0;8
2022;884.059/2009;2917;0.4180087823125911;0;8
2023;860.271/2019;1592;0.41793974159736597;0;8
2024;800.393/2012;532;0.41792762495555846;0;8
2025;300.857/2016;353;0.4178947483207177;0;8
2026;896.456/2010;3780;0.4177911693346979;0;8
2027;861.175/2014;2413;0.4177713842380058;0;8
2028;866.912/2017;2756;0.41765228787852693;1;8
2029;840.741/2012;1392;0.4176121448536527;1;8
2030;800.184/2013;505;0.4176117957032068;0;8
2031;871.519/2012;2429;0.41761098744992087;0;8
2032;871.520/2012;2430;0.41761098744992087;0;8
2033;826.467/2016;1102;0.4175931569711161;0;8
2034;826.635/2017;4055;0.4175805407521593;0;8
2035;871.106/2019;3329;0.41757275145505346;0;8
2036;868.287/2015;4148;0.4175301282056179;0;8
2037;300.393/2021;199;0.4175246183313718;0;8
2038;860.876/2016;3130;0.41751303163394915;0;8
2039;303.206/2018;464;0.41749890017246233;0;8
2040;820.125/2018;3159;0.4174734390874779;0;8
2041;870.857/2019;2021;0.41745893273793;0;8
2042;860.194/2019;3230;0.41741162502552637;0;8
2043;871.202/2002;2035;0.41737001705024235;0;8
2044;300.932/2019;374;0.41733387758517065;0;8
2045;300.034/2017;111;0.4173300869319069;0;8
2046;848.084/2019;1422;0.41726200760817256;0;8
2047;803.080/2020;635;0.41725741369999086;1;8
2048;860.389/2013;1614;0.4172412337151613;1;8
2049;866.465/2018;2681;0.4171894383834098;1;8
2050;867.010/2017;2823;0.4171894383834098;1;8
2051;301.222/2021;425;0.41712650437912224;0;8
2052;303.102/2017;455;0.4170991116891589;0;8
2053;300.053/2021;115;0.41707513775734745;0;8
2054;886.587/2011;3148;0.4170363483190139;0;8
2055;300.504/2012;236;0.4170279554339448;0;8
2056;826.360/2015;1092;0.4168668542961818;1;8
2057;800.184/2019;506;0.41685203083779915;0;8
2058;820.682/2012;1024;0.4168441868352232;0;8
2059;846.314/2013;2574;0.41683595994308514;1;8
2060;830.249/2018;1144;0.4167549762564579;0;8
2061;866.829/2016;1930;0.4167410517247275;0;8
2062;300.362/2018;193;0.41668734435010746;0;8
2063;860.225/2012;3221;0.4166115895461257;0;8
2064;820.569/2008;4023;0.4165429989148814;1;8
2065;820.572/2008;4025;0.4165429989148814;0;8
2066;300.737/2020;303;0.4165415636805332;0;8
2067;300.270/2017;170;0.41651839349386;0;8
2068;890.096/2018;2369;0.4165026203805761;0;8
2069;867.023/2018;2834;0.4164651380537971;0;8
2070;867.044/2018;2851;0.4164651380537971;0;8
2071;300.692/2021;290;0.4163877115862658;0;8
2072;846.060/2010;2542;0.4163843904366408;1;8
2073;896.539/2011;2270;0.4163633583453915;0;8
2074;870.149/2017;1968;0.41633279896486225;0;8
2075;870.168/2017;1972;0.41633279896486225;0;8
2076;870.169/2017;1973;0.41633279896486225;0;8
2077;870.170/2017;1974;0.41633279896486225;0;8
2078;870.171/2017;1975;0.41633279896486225;0;8
2079;870.213/2017;1981;0.41633279896486225;0;8
2080;301.041/2019;400;0.41625750306244924;0;8
2081;800.061/2010;4952;0.4162247931073268;0;8
2082;800.004/2012;477;0.4161244390687342;0;8
2083;800.007/2012;478;0.4161244390687342;0;8
2084;800.009/2012;479;0.4161244390687342;0;8
2085;800.010/2012;480;0.4161244390687342;1;8
2086;866.908/2017;2752;0.41612130866122027;0;8
2087;866.915/2017;2759;0.41612130866122027;1;8
2088;866.926/2017;2770;0.41612130866122027;0;8
2089;866.969/2017;2796;0.41612130866122027;1;8
2090;870.208/2017;1980;0.41609093057324986;0;8
2091;870.220/2017;1982;0.41609093057324986;0;8
2092;870.221/2017;1983;0.41609093057324986;0;8
2093;870.246/2017;1987;0.41609093057324986;0;8
2094;300.845/2016;346;0.41606848355888715;0;8
2095;300.682/2022;285;0.41600995451594674;1;8
2096;300.305/2017;179;0.4159832603149128;0;8
2097;866.578/2018;3100;0.4159678612095027;0;8
2098;866.581/2018;3101;0.4159678612095027;1;8
2099;866.582/2018;3102;0.4159678612095027;1;8
2100;866.583/2018;3103;0.4159678612095027;1;8
2101;866.584/2018;3104;0.4159678612095027;1;8
2102;866.585/2018;3105;0.4159678612095027;1;8
2103;800.070/2012;488;0.41596215306951223;0;8
2104;300.621/2021;270;0.4159469501050807;1;8
2105;300.813/2018;336;0.4159402108528388;0;8
2106;800.452/2010;4983;0.4158663826396976;1;8
2107;820.571/2008;4024;0.41586588132457586;1;8
2108;867.009/2017;2822;0.4158589061705247;1;8
2109;896.171/2009;2243;0.415768572128746;0;8
2110;300.669/2016;279;0.4156862939149622;0;8
2111;801.032/2010;4987;0.41566983639369903;0;8
2112;880.284/2013;2138;0.41566142577780824;0;8
2113;300.675/2016;3875;0.41565087072377277;0;8
2114;810.375/2010;3246;0.4155390346785262;0;8
2115;861.184/2016;1720;0.41553182040291453;0;8
2116;866.075/2019;2649;0.415521440739397;0;8
2117;832.452/2016;4070;0.41542900961027357;0;8
2118;300.592/2018;263;0.4153561368280835;0;8
2119;866.999/2017;2818;0.415347545387457;1;8
2120;860.760/2018;1663;0.4153032627069351;0;8
2121;860.374/2013;4110;0.41528572117107;0;8
2122;832.070/2016;1257;0.4152395882629865;0;8
2123;880.220/2013;2134;0.41520846379621446;1;8
2124;860.182/2019;4377;0.4151936044527821;1;8
2125;300.522/2017;240;0.4151579923164714;0;8
2126;860.511/2019;3325;0.4151366697891298;0;8
2127;300.795/2021;327;0.41511974107590044;0;8
2128;300.797/2021;328;0.41511974107590044;0;8
2129;300.798/2021;329;0.41511974107590044;0;8
2130;300.831/2021;343;0.41511974107590044;0;8
2131;832.706/2015;1297;0.41511809809610345;0;8
2132;834.601/2008;1364;0.41500222573900114;0;8
2133;846.276/2012;2570;0.41499808410423095;0;8
2134;880.135/2012;2438;0.4149414821606753;0;8
2135;872.203/2016;2059;0.4149284318785925;0;8
2136;880.148/2014;2131;0.41488067351411945;0;8
2137;300.534/2018;243;0.41486858938796106;0;8
2138;860.627/2017;3385;0.4148651032680483;0;8
2139;867.056/2018;1944;0.4148456838861643;0;8
2140;867.050/2018;2858;0.41484476768342665;0;8
2141;867.051/2018;2859;0.41484476768342665;0;8
2142;867.057/2018;2870;0.41484476768342665;0;8
2143;867.058/2018;2872;0.41484476768342665;0;8
2144;867.062/2018;2876;0.41484476768342665;0;8
2145;867.079/2018;2877;0.41484476768342665;0;8
2146;301.220/2021;3914;0.4148077495401603;0;8
2147;860.162/2019;3145;0.41479134401103634;0;8
2148;800.110/2010;4948;0.4147003504092165;0;8
2149;300.993/2019;392;0.4145472804818703;0;8
2150;300.485/2018;4226;0.41447611635634146;0;8
2151;866.217/2017;1901;0.4144680558049251;1;8
2152;861.118/2016;3059;0.4144465184123917;0;8
2153;300.813/2019;3885;0.4144368612486455;1;8
2154;860.034/2016;1549;0.41443344159347684;1;8
2155;301.236/2020;429;0.4144323149048187;0;8
2156;862.073/2013;4133;0.4144320581327428;1;8
2157;826.329/2010;4846;0.4144077261534556;0;8
2158;866.112/2018;2665;0.41436343079187604;1;8
2159;831.847/2014;1246;0.4143141258047253;0;8
2160;300.301/2018;178;0.4142830227964474;0;8
2161;300.760/2018;310;0.4142830227964474;0;8
2162;832.374/2015;4264;0.41426601002336316;0;8
2163;300.826/2021;3886;0.41426266954809293;0;8
2164;866.695/2018;2688;0.4142573096078163;1;8
2165;860.503/2016;1630;0.41425310433989176;0;8
2166;800.199/2011;4961;0.41425295189348116;1;8
2167;800.202/2011;4962;0.41425295189348116;1;8
2168;800.206/2011;4964;0.41425295189348116;1;8
2169;800.553/2011;4966;0.41425295189348116;0;8
2170;800.552/2011;4968;0.41425295189348116;0;8
2171;800.557/2011;4971;0.41425295189348116;0;8
2172;800.562/2011;4972;0.41425295189348116;0;8
2173;800.564/2011;4973;0.41425295189348116;0;8
2174;800.565/2011;4974;0.41425295189348116;0;8
2175;800.566/2011;4975;0.41425295189348116;0;8
2176;800.567/2011;4976;0.41425295189348116;0;8
2177;800.572/2011;4980;0.41425295189348116;0;8
2178;800.574/2011;4982;0.41425295189348116;0;8
2179;800.158/2011;4991;0.41425295189348116;1;8
2180;867.008/2017;2821;0.4142219734285517;1;8
2181;840.330/2010;2997;0.4141913681171543;1;8
2182;303.147/2017;461;0.4141711420940504;0;8
2183;300.753/2022;3881;0.41408934201269654;0;8
2184;871.615/2017;2049;0.41402367180426985;0;8
2185;300.423/2021;3858;0.41399815490594477;0;8
2186;300.363/2014;4311;0.4139596418501137;0;8
2187;801.038/2012;604;0.41395338650073865;0;8
2188;820.438/2012;1000;0.41392686559847425;0;8
2189;800.573/2011;4981;0.4139235207589562;0;8
2190;821.063/2015;4031;0.41388115038118456;0;8
2191;872.655/2011;3359;0.41384957040783976;0;8
2192;870.919/2017;3740;0.41380083643848586;0;8
2193;870.437/2019;4532;0.4137879027374695;1;8
2194;871.503/2019;4453;0.413778425150462;1;8
2195;800.113/2010;4949;0.4137744244832905;1;8
2196;870.856/2019;2020;0.41377263149874804;0;8
2197;880.710/1993;2904;0.4137509507785598;0;8
2198;880.711/1993;2905;0.4137509507785598;0;8
2199;866.893/2017;2738;0.4137271750170866;0;8
2200;866.909/2017;2753;0.4137271750170866;0;8
2201;866.927/2017;2771;0.4137271750170866;0;8
2202;866.959/2017;2791;0.4137271750170866;0;8
2203;866.970/2017;2797;0.4137271750170866;0;8
2204;866.972/2017;2799;0.4137271750170866;0;8
2205;866.978/2017;2803;0.4137271750170866;1;8
2206;866.979/2017;2804;0.4137271750170866;1;8
2207;866.980/2017;2805;0.4137271750170866;0;8
2208;866.987/2017;2810;0.4137271750170866;1;8
2209;866.988/2017;2811;0.4137271750170866;1;8
2210;866.992/2017;2812;0.4137271750170866;1;8
2211;866.994/2017;2814;0.4137271750170866;1;8
2212;866.998/2017;2817;0.4137271750170866;1;8
2213;860.189/2021;3339;0.4136933982243738;0;8
2214;801.001/2012;2508;0.4136879196021186;0;8
2215;800.916/2010;4984;0.4136186788787226;0;8
2216;820.946/2009;4797;0.4135773694440927;0;8
2217;886.151/2012;2931;0.41354062570138755;0;8
2218;860.471/2018;1625;0.4135266961077293;0;8
2219;872.208/2016;4423;0.4133362776376361;0;8
2220;800.551/2011;564;0.4133270259675552;1;8
2221;801.111/2011;607;0.4133270259675552;1;8
2222;801.113/2011;608;0.4133270259675552;1;8
2223;801.115/2011;609;0.4133270259675552;1;8
2224;801.116/2011;610;0.4133270259675552;1;8
2225;801.177/2011;2386;0.4133270259675552;0;8
2226;800.196/2011;4960;0.4133270259675552;0;8
2227;800.203/2011;4963;0.4133270259675552;1;8
2228;800.550/2011;4965;0.4133270259675552;0;8
2229;800.549/2011;4967;0.4133270259675552;0;8
2230;800.560/2011;4969;0.4133270259675552;0;8
2231;800.556/2011;4970;0.4133270259675552;0;8
2232;800.570/2011;4978;0.4133270259675552;0;8
2233;800.571/2011;4979;0.4133270259675552;0;8
2234;862.871/2008;1792;0.41332335446956825;0;8
2235;867.030/2018;2839;0.41331195307075724;0;8
2236;800.568/2011;4977;0.4132716717002444;1;8
2237;866.215/2019;1899;0.4132085764200165;0;8
2238;300.496/2018;232;0.413188093335278;1;8
2239;858.116/2012;1544;0.4131747512082934;0;8
2240;878.074/2017;3752;0.41309071973468137;0;8
2241;870.939/2020;2326;0.41308220123810957;0;8
2242;800.635/2013;578;0.41305654719799223;0;8
2243;800.898/2010;598;0.41302218408732155;1;8
2244;800.902/2010;599;0.41302218408732155;1;8
2245;830.857/2019;1183;0.4129974401446939;0;8
2246;870.445/2020;1995;0.41296288452655794;0;8
2247;870.446/2020;1996;0.41296288452655794;0;8
2248;800.075/2010;489;0.41293775607028976;0;8
2249;800.076/2010;4953;0.41293775607028976;0;8
2250;840.353/2016;2531;0.4129255896838827;0;8
2251;840.359/2016;2532;0.4129255896838827;0;8
2252;820.909/2009;1049;0.412887883240485;0;8
2253;871.024/2017;2029;0.41287560957716896;0;8
2254;846.298/2015;3710;0.4127912936889138;0;8
2255;867.024/2018;2835;0.41264995997493475;0;8
2256;867.025/2018;2836;0.41264995997493475;0;8
2257;867.029/2018;2838;0.41264995997493475;0;8
2258;867.038/2018;2846;0.41264995997493475;0;8
2259;860.315/2019;1602;0.4126443874612086;0;8
2260;870.438/2019;4371;0.4125924094528275;0;8
2261;872.146/2017;4523;0.412543739728563;1;8
2262;820.351/1989;4911;0.4124857551855747;1;8
2263;301.124/2016;3909;0.41244767026520046;0;8
2264;860.478/2019;1627;0.41242921810066574;0;8
2265;871.541/2015;2888;0.412389844364998;0;8
2266;300.670/2022;3873;0.4123601290968851;1;8
2267;830.846/2019;3324;0.4123303870397243;0;8
2268;872.371/2021;2066;0.41227019511833907;0;8
2269;300.429/2021;213;0.4122630027355065;0;8
2270;871.214/2013;4154;0.41225371113015985;0;8
2271;870.142/2017;1966;0.41224656974010937;0;8
2272;870.147/2017;1967;0.41224656974010937;0;8
2273;870.150/2017;1969;0.41224656974010937;0;8
2274;870.201/2017;1977;0.41224656974010937;0;8
2275;870.207/2017;1979;0.41224656974010937;0;8
2276;826.512/2016;2306;0.4121895022428792;0;8
2277;896.227/2007;2249;0.4121244265691961;0;8
2278;831.161/2018;1209;0.4121234870498811;0;8
2279;867.035/2018;1940;0.4120221935642396;0;8
2280;867.036/2018;1941;0.4120221935642396;0;8
2281;867.040/2018;1942;0.4120221935642396;0;8
2282;867.041/2018;1943;0.4120221935642396;0;8
2283;850.816/2009;4097;0.41193094602882024;0;8
2284;800.392/2010;4985;0.41187078004826194;0;8
2285;800.789/2010;4986;0.41187078004826194;1;8
2286;861.557/2012;2419;0.41184728005196075;0;8
2287;300.883/2020;365;0.41184313135155687;0;8
2288;866.918/2017;2762;0.41182783978441806;1;8
2289;300.728/2018;4289;0.41170401394045164;0;8
2290;301.221/2021;3915;0.41163951265817145;0;8
2291;870.433/2017;2428;0.41161667807445623;0;8
2292;896.117/2009;2456;0.4114861677403077;0;8
2293;867.392/2017;2879;0.41146085658243686;0;8
2294;820.547/2008;1013;0.41144729680222925;0;8
2295;301.029/2021;3907;0.4114406336595323;1;8
2296;826.419/2016;4041;0.41141491414522763;0;8
2297;830.686/2016;1171;0.41141476329627596;0;8
2298;800.109/2010;4947;0.41141331337217935;1;8
2299;871.603/2019;2048;0.4111676047848137;0;8
2300;821.172/2012;1063;0.41110481442723684;0;8
2301;866.647/2011;1924;0.41106093664322985;0;8
2302;867.026/2018;2837;0.4110295896045644;0;8
2303;867.047/2018;2855;0.4110295896045644;0;8
2304;867.059/2018;2873;0.4110295896045644;0;8
2305;867.060/2018;2874;0.4110295896045644;0;8
2306;867.061/2018;2875;0.4110295896045644;0;8
2307;870.154/2017;1970;0.41102635727958686;0;8
2308;300.876/2021;3894;0.411001084764825;0;8
2309;860.749/2018;1661;0.41094265967033217;0;8
2310;820.067/2012;964;0.41074802221053736;0;8
2311;300.348/2020;3607;0.410617618430732;1;8
2312;850.180/2015;1500;0.4105636067090358;0;8
2313;810.407/1984;3948;0.4105434687223004;0;8
2314;300.575/2021;3866;0.4105401802022887;0;8
2315;867.031/2018;2841;0.41047020844669047;0;8
2316;867.037/2018;2845;0.41047020844669047;0;8
2317;867.046/2018;2854;0.41047020844669047;0;8
2318;867.052/2018;2861;0.41047020844669047;0;8
2319;867.053/2018;2863;0.41047020844669047;0;8
2320;867.054/2018;2865;0.41047020844669047;0;8
2321;867.055/2018;2867;0.41047020844669047;0;8
2322;870.222/2017;1984;0.4104548026365757;0;8
2323;300.587/2021;3868;0.4104535033099727;0;8
2324;300.744/2022;3880;0.41044767987335584;0;8
2325;870.434/2020;1992;0.41040767227313496;0;8
2326;300.829/2021;3887;0.4103854709427714;0;8
2327;300.790/2017;326;0.4103367898315427;0;8
2328;300.740/2020;305;0.4102852663044754;0;8
2329;871.299/2021;2038;0.41028046502976145;0;8
2330;301.245/2022;4505;0.41020970554043745;0;8
2331;301.056/2020;3616;0.41019109400864123;1;8
2332;872.395/2021;3201;0.4101687626728035;1;8
2333;300.307/2019;4302;0.4101678271786962;0;8
2334;831.977/2016;1251;0.41015920957123086;0;8
2335;886.299/2016;3136;0.4101438891055661;0;8
2336;300.735/2018;3878;0.41006791205085324;1;8
2337;803.010/2010;614;0.41005695597567654;0;8
2338;820.146/2018;973;0.410054984231392;0;8
2339;866.305/2016;4145;0.41002451848115373;0;8
2340;815.741/2016;941;0.4099892841997436;0;8
2341;820.207/2018;981;0.4099558400470047;0;8
2342;866.107/2018;2660;0.40994237237485864;1;8
2343;815.637/2002;2397;0.40994037719966114;0;8
2344;861.553/2012;3079;0.40991911547069493;1;8
2345;300.418/2021;209;0.4099118454954894;0;8
2346;871.857/2022;4492;0.40989268133683643;0;8
2347;880.021/2016;2111;0.4098419637337125;0;8
2348;870.654/2019;2009;0.4098113942875989;0;8
2349;866.697/2018;2690;0.4097664148891304;0;8
2350;301.112/2021;414;0.40975140214175365;0;8
2351;800.144/2010;4950;0.4097370039109397;1;8
2352;300.110/2018;4256;0.4097203264452692;1;8
2353;300.060/2018;4282;0.4097203264452692;1;8
2354;800.679/2007;583;0.409656103631752;0;8
2355;301.006/2020;395;0.4096283880211296;0;8
2356;871.372/2019;3223;0.4096242760609545;0;8
2357;871.373/2019;3224;0.4096242760609545;0;8
2358;300.801/2021;3883;0.4095742998602453;0;8
2359;300.804/2021;3884;0.4095742998602453;0;8
2360;867.034/2017;2844;0.4095644161204043;0;8
2361;867.053/2017;2862;0.4095644161204043;0;8
2362;860.568/2014;2410;0.40955265728836115;0;8
2363;870.135/2018;4394;0.4095238448135013;0;8
2364;300.102/2022;125;0.4094737519308665;1;8
2365;810.301/2000;4769;0.40946350815953764;0;8
2366;866.849/2017;2705;0.40946158464038523;1;8
2367;866.108/2018;2661;0.4094587653825821;1;8
2368;870.706/2019;2013;0.4094350217050468;1;8
2369;870.977/2019;2028;0.4094350217050468;0;8
2370;870.415/2018;2448;0.4094350217050468;0;8
2371;871.169/2019;2472;0.4094350217050468;0;8
2372;891.045/2013;2219;0.40943358159041493;0;8
2373;871.687/2018;3352;0.40940009646701553;0;8
2374;861.660/2013;4129;0.4093225800887571;1;8
2375;300.697/2018;4227;0.40931259090675476;1;8
2376;303.303/2018;4239;0.40931259090675476;0;8
2377;870.517/2022;3342;0.40928174474328305;0;8
2378;870.518/2022;3343;0.40928174474328305;0;8
2379;870.519/2022;3344;0.40928174474328305;0;8
2380;870.520/2022;3345;0.40928174474328305;0;8
2381;870.225/2017;1985;0.4092345901760532;0;8
2382;861.266/2013;1734;0.40915642454663836;0;8
2383;821.174/2013;1064;0.4090863335647077;0;8
2384;304.103/2017;3924;0.4090750830459056;0;8
2385;800.239/2016;509;0.4090463366135154;0;8
2386;831.120/2019;1201;0.40898865376896054;0;8
2387;886.462/2011;2939;0.4089806655869811;0;8
2388;820.172/1999;2989;0.40897757903993065;0;8
2389;840.389/2016;4867;0.4089747505503496;0;8
2390;820.078/2014;965;0.40896559760447776;1;8
2391;820.079/2014;966;0.40896559760447776;0;8
2392;820.081/2014;967;0.40896559760447776;1;8
2393;870.689/2018;2012;0.4089029181540092;1;8
2394;300.136/2018;4267;0.4088650901733277;0;8
2395;300.295/2018;4300;0.4088650901733277;0;8
2396;300.989/2016;3904;0.40883012373808875;1;8
2397;300.297/2018;4257;0.4088219544991672;1;8
2398;301.102/2020;412;0.4088174211049278;1;8
2399;872.775/2016;2078;0.40880347066483885;0;8
2400;833.717/2011;1340;0.40878183616747876;0;8
2401;861.225/2016;4530;0.4087497758661708;0;8
2402;300.538/2022;245;0.40869767516571304;0;8
2403;896.279/2012;2255;0.40866797560909407;1;8
2404;866.308/2016;3799;0.4086628574879917;0;8
2405;300.605/2022;267;0.408652120121843;0;8
2406;300.061/2018;4244;0.4086487049803915;1;8
2407;870.875/2019;2024;0.40864773709423274;0;8
2408;864.063/2019;3162;0.4086462041838451;0;8
2409;300.714/2017;297;0.4085750464865137;0;8
2410;870.761/2016;2015;0.4085377038361571;1;8
2411;870.111/2018;2485;0.40845541742058217;1;8
2412;300.405/2016;201;0.4083814832258916;0;8
2413;300.496/2017;231;0.4083168116045305;0;8
2414;300.128/2018;4205;0.4082530899780327;0;8
2415;848.128/2016;1430;0.40824960052260045;0;8
2416;300.630/2018;4221;0.40824096944187716;0;8
2417;301.060/2016;404;0.4080304381650798;1;8
2418;871.769/2018;2052;0.4079577779692359;0;8
2419;890.106/2017;2175;0.40793989587852086;0;8
2420;890.107/2017;2371;0.40793989587852086;0;8
2421;890.105/2017;2376;0.40793989587852086;1;8
2422;890.108/2017;2377;0.40793989587852086;1;8
2423;870.833/2016;2018;0.40793228102912693;0;8
2424;870.219/2012;3336;0.4079120780932437;0;8
2425;870.224/2012;3337;0.4079120780932437;0;8
2426;870.053/2017;1959;0.40788870760386664;0;8
2427;872.316/2016;2062;0.40788870760386664;1;8
2428;300.505/2019;4551;0.40781020712252514;0;8
2429;833.954/2012;4072;0.40780063390757704;0;8
2430;872.212/2014;2060;0.40774810583087445;0;8
2431;810.444/1984;3950;0.40771416427446305;0;8
2432;870.653/2019;3220;0.40770996184206326;0;8
2433;861.159/2016;1717;0.4077028206356791;0;8
2434;861.160/2016;1718;0.4077028206356791;0;8
2435;890.384/2014;2197;0.4076327687493215;0;8
2436;872.957/2016;4575;0.4076114798568585;0;8
2437;834.973/2010;1370;0.4075973352471856;0;8
2438;300.833/2020;3888;0.40755634240418054;0;8
2439;826.618/2009;4847;0.4075539331956751;0;8
2440;871.794/2018;4436;0.4075366625942145;1;8
2441;832.650/2016;1292;0.40747775405402936;0;8
2442;300.441/2020;3608;0.40738091361043755;0;8
2443;300.868/2018;360;0.40736244748964673;1;8
2444;301.057/2016;403;0.40734649990185046;0;8
2445;871.421/2016;2044;0.407277572076067;0;8
2446;871.105/2019;3330;0.40719302887933917;0;8
2447;831.380/2016;1223;0.40718659317126343;0;8
2448;871.342/2015;2042;0.4070493722854256;0;8
2449;872.774/2016;2077;0.4070285857904758;0;8
2450;300.357/2018;191;0.4069904055633882;0;8
2451;300.246/2018;165;0.4069058308304757;0;8
2452;871.122/2016;2033;0.4068786065375479;0;8
2453;871.280/2016;2037;0.4068786065375479;0;8
2454;832.442/2013;1278;0.4068057637052065;0;8
2455;860.658/2022;3350;0.40680152034182365;0;8
2456;300.586/2021;260;0.40668177123691335;0;8
2457;833.044/2011;4576;0.4066792166049306;0;8
2458;300.247/2020;166;0.40660534457454234;1;8
2459;300.399/2020;4491;0.40659500040925683;0;8
2460;871.299/2017;4389;0.40648831058069085;0;8
2461;871.063/2019;3225;0.40647535737253143;0;8
2462;301.184/2021;422;0.406469781116812;1;8
2463;810.065/2014;3806;0.40644538532806407;0;8
2464;300.849/2017;349;0.4064429354824698;0;8
2465;303.145/2017;460;0.40643301021261335;0;8
2466;826.671/2014;1124;0.40630659201796326;0;8
2467;820.378/2015;4020;0.4062612479238713;0;8
2468;820.313/2009;989;0.40623604782643313;0;8
2469;871.375/2010;3403;0.40623586627157743;0;8
2470;300.943/2020;376;0.40615378181776307;0;8
2471;896.236/2013;3778;0.40601324304723974;0;8
2472;300.918/2017;371;0.4060010730025993;0;8
2473;300.319/2020;3851;0.40597599232654485;0;8
2474;300.523/2020;3863;0.40597599232654485;0;8
2475;300.340/2018;4252;0.4059434206049907;0;8
2476;870.381/2012;3392;0.40594191359140885;1;8
2477;300.162/2021;143;0.40590046136954927;0;8
2478;867.307/2017;4467;0.40585962012178817;1;8
2479;860.559/2020;1638;0.4058558906137031;0;8
2480;870.594/2017;4388;0.4057662953406259;1;8
2481;300.774/2018;318;0.40575110475054676;0;8
2482;870.095/2015;1962;0.40574429248350447;0;8
2483;866.625/2018;1923;0.40571129016730934;0;8
2484;861.114/2016;3381;0.4056787518659348;0;8
2485;871.754/2015;4390;0.4056413260508159;0;8
2486;300.510/2021;237;0.4056312093725529;0;8
2487;826.445/2014;4042;0.4055592056362078;1;8
2488;896.857/2006;4992;0.40554320346135836;1;8
2489;866.434/2012;1911;0.40552926386735233;0;8
2490;870.917/2017;2026;0.4055062733436873;0;8
2491;801.040/2010;605;0.40534188382832786;0;8
2492;871.033/2019;2030;0.4052936604877745;1;8
2493;300.358/2021;192;0.4052430669592058;0;8
2494;303.176/2018;4220;0.40523355266799954;0;8
2495;846.006/2019;1403;0.40518966445982646;0;8
2496;301.324/2020;435;0.40516413322556427;0;8
2497;848.360/2010;1480;0.40514345530946216;0;8
2498;872.483/2011;2071;0.4049909696605018;0;8
2499;300.424/2018;4204;0.4049654451641835;0;8
2500;860.454/2018;4504;0.4049633349584487;0;8
2501;846.158/2016;3697;0.4049501385993735;0;8
2502;800.595/2012;568;0.40492331827666433;0;8
2503;300.508/2018;4553;0.4048991134356133;1;8
2504;300.967/2016;383;0.4048705472366559;0;8
2505;860.339/2020;3346;0.4048214735547744;0;8
2506;300.499/2010;233;0.4047950877160198;0;8
2507;886.061/2013;3768;0.40478035583724503;0;8
2508;870.929/2017;3741;0.4046750949480087;0;8
2509;300.742/2019;2291;0.4046681559803217;0;8
2510;860.044/2012;3027;0.40458223395239046;1;8
2511;300.235/2020;161;0.40451698799232993;0;8
2512;832.281/2015;4068;0.40448435485059314;0;8
2513;300.411/2020;206;0.40447103712213184;1;8
2514;866.464/2018;2680;0.40446117298773887;1;8
2515;866.466/2018;2682;0.40446117298773887;1;8
2516;896.383/2010;2263;0.4042530230804093;0;8
2517;830.507/2008;1158;0.40418732845121835;0;8
2518;800.551/2013;565;0.40417210109255614;0;8
2519;870.731/2013;3395;0.4041720203664317;0;8
2520;870.752/2014;3226;0.40412349880733495;0;8
2521;820.615/2008;4820;0.40411373952029866;0;8
2522;800.038/2015;483;0.40408793333441184;0;8
2523;300.293/2020;4250;0.4040369971228647;0;8
2524;301.319/2020;434;0.404025687700115;0;8
2525;300.008/2013;103;0.4038937179324051;0;8
2526;866.102/2018;2657;0.40388220557291216;0;8
2527;820.366/2017;995;0.4038156857010376;0;8
2528;896.219/2004;3777;0.4037908426695529;0;8
2529;846.533/2012;2586;0.4037868191950592;1;8
2530;846.159/2016;3698;0.4037545770819679;1;8
2531;860.440/2012;3258;0.4036926555032827;1;8
2532;840.476/2013;3273;0.40369175002345303;0;8
2533;830.131/2014;3650;0.4036839544310648;0;8
2534;300.118/2020;131;0.40361659812431044;0;8
2535;866.095/2018;2653;0.4035996162438292;1;8
2536;868.061/2017;1953;0.40354957819008114;1;8
2537;300.282/2019;4213;0.40352636568682654;0;8
2538;810.312/2011;3243;0.40347051422076363;1;8
2539;830.819/2017;1180;0.4034676488048488;0;8
2540;800.146/2011;495;0.4033810264585353;0;8
2541;300.697/2021;293;0.40329364008164476;0;8
2542;800.925/2012;600;0.4032794502820499;0;8
2543;303.080/2017;452;0.403250528528433;0;8
2544;840.139/2015;3665;0.40323623606718595;0;8
2545;301.065/2019;406;0.40315957804959085;0;8
2546;860.988/2016;1702;0.40313747278831763;0;8
2547;301.009/2020;396;0.4031366727966993;0;8
2548;830.379/2020;1151;0.4031115149117126;1;8
2549;300.423/2010;210;0.4030922001677847;0;8
2550;300.433/2019;4210;0.403082857756265;0;8
2551;861.970/2013;1778;0.4030508111505198;0;8
2552;860.234/2017;1585;0.4029880663647622;0;8
2553;861.457/2016;1757;0.4029214859848792;0;8
2554;868.041/2021;1952;0.40287763264715026;1;8
2555;886.009/2017;2162;0.40283946810835985;0;8
2556;826.181/2015;1077;0.4026929285113799;0;8
2557;872.211/2014;3318;0.40265505013778446;0;8
2558;300.169/2020;2312;0.4026265701813979;0;8
2559;300.880/2010;363;0.4025239750253286;0;8
2560;301.107/2020;413;0.4024823652561224;0;8
2561;866.925/2017;2769;0.40236749220117224;1;8
2562;870.131/2016;1965;0.4023364942086893;0;8
2563;848.413/2011;3213;0.4023177918831994;1;8
2564;300.954/2022;4474;0.4022398449852802;0;8
2565;866.076/2019;3099;0.40221735523153285;0;8
2566;300.691/2020;289;0.4022146244377487;1;8
2567;862.936/2011;1797;0.4021651598174932;0;8
2568;860.512/2017;4114;0.40206728571139877;0;8
2569;815.620/2010;934;0.4020659055659593;0;8
2570;800.467/2007;547;0.4020384160841799;0;8
2571;872.323/2016;3198;0.4018944776208023;0;8
2572;300.761/2019;311;0.40186063791184257;0;8
2573;886.490/2004;2166;0.4017393025598112;0;8
2574;860.343/2019;1607;0.4016609809509008;0;8
2575;300.587/2020;4230;0.4015926257272156;0;8
2576;303.093/2017;453;0.4015476909710252;0;8
2577;866.093/2018;2651;0.4015044818937928;0;8
2578;861.229/2016;1725;0.40147619552124814;0;8
2579;301.117/2021;416;0.4014411800718796;0;8
2580;301.123/2021;417;0.4014411800718796;0;8
2581;300.517/2018;239;0.40136753182943025;0;8
2582;300.322/2020;183;0.401283195614942;1;8
2583;831.474/2016;4225;0.40109366804495;1;8
2584;848.135/2009;1432;0.4010652620263789;1;8
2585;300.041/2020;112;0.40104252241813826;0;8
2586;864.289/2016;4141;0.4008423360366364;1;8
2587;860.348/2017;1608;0.4008052651955964;0;8
2588;300.463/2017;223;0.40075798301740667;0;8
2589;870.748/2013;2883;0.40061929370102944;0;8
2590;820.796/2015;1031;0.4003797706447534;0;8
2591;832.021/2016;1253;0.4002991823408606;1;8
2592;866.087/2019;1893;0.40028804426657805;0;8
2593;880.219/2005;2900;0.40022071841343615;0;8
2594;866.106/2018;2659;0.4001739496809077;1;8
2595;866.462/2018;2678;0.4001739496809077;1;8
2596;300.583/2018;4231;0.40007895419531164;0;8
2597;300.101/2020;124;0.4000621029728683;0;8
2598;300.111/2020;130;0.4000621029728683;0;8
2599;300.628/2021;3610;0.4000470833794437;0;8
2600;833.718/2011;1341;0.3999593951011547;0;8
2601;300.324/2018;184;0.39994168505365485;0;8
2602;300.266/2018;169;0.39994128940127804;0;8
2603;300.316/2020;2464;0.39993787586894236;0;8
2604;826.486/2016;1107;0.3997947243843713;1;8
2605;831.403/2021;3262;0.3997692866823018;0;8
2606;300.766/2018;4242;0.3997532179378667;1;8
2607;826.485/2016;1106;0.3996902459537516;0;8
2608;300.160/2019;2317;0.39968083935631066;0;8
2609;860.187/2015;1572;0.3996430020776053;0;8
2610;861.477/2021;3366;0.39964022770305263;0;8
2611;861.325/2015;4487;0.39961685586918105;0;8
2612;866.187/1994;1896;0.39945954202917544;0;8
2613;871.494/2016;3192;0.3994194177559662;0;8
2614;300.412/2022;207;0.399389491729592;0;8
2615;866.866/2017;2717;0.3993403273010233;1;8
2616;826.487/2016;1108;0.3992447402733426;1;8
2617;820.604/2008;4814;0.3992428119276709;0;8
2618;884.037/2013;2915;0.399225640397785;0;8
2619;300.168/2020;146;0.39902070301326586;0;8
2620;820.736/2011;4856;0.3990001233345999;1;8
2621;866.216/2017;1900;0.3988704308637283;1;8
2622;860.055/2020;1552;0.3988072389355376;0;8
2623;840.883/2011;2535;0.39879883348076534;0;8
2624;820.613/2008;4827;0.3986555960554859;0;8
2625;831.442/2016;1227;0.3985917666737911;0;8
2626;866.094/2018;2652;0.3985370169389347;0;8
2627;866.110/2018;2663;0.3985370169389347;1;8
2628;866.461/2018;2676;0.3985370169389347;1;8
2629;867.011/2017;2824;0.3985370169389347;1;8
2630;867.017/2017;2830;0.3985370169389347;0;8
2631;896.340/2002;3779;0.39853182779029644;0;8
2632;815.177/2011;905;0.39839933037099085;0;8
2633;860.338/2020;1606;0.39837889675050114;0;8
2634;300.244/2018;164;0.398365664776068;0;8
2635;860.283/2018;1596;0.39836403007215465;0;8
2636;300.402/2019;4247;0.3983245067751936;1;8
2637;800.549/2013;563;0.39828463662759084;0;8
2638;800.490/2012;556;0.3982828157614352;0;8
2639;300.156/2019;4214;0.3981442048966795;0;8
2640;860.984/2015;4120;0.3980695371029327;0;8
2641;820.606/2008;4815;0.3979999119419844;0;8
2642;300.886/2020;366;0.3979822020633265;0;8
2643;301.025/2019;397;0.39798135818507974;1;8
2644;870.130/2019;1964;0.39791271832569;0;8
2645;844.001/2019;2322;0.3979001341298852;0;8
2646;821.049/2012;4030;0.3978986286161089;1;8
2647;871.338/2015;2041;0.39789143811559124;0;8
2648;866.857/2017;2710;0.39776325366517146;1;8
2649;866.920/2017;2764;0.39776325366517146;1;8
2650;866.921/2017;2765;0.39776325366517146;1;8
2651;867.013/2017;2826;0.39776325366517146;0;8
2652;832.045/2017;1255;0.3977500544440359;0;8
2653;868.157/2017;1957;0.3977446958642833;0;8
2654;870.066/2012;1960;0.39771969546838626;0;8
2655;872.964/2010;4319;0.3975877723357405;0;8
2656;300.787/2020;325;0.3975533539722381;0;8
2657;301.072/2020;408;0.39748962355587564;0;8
2658;303.146/2017;4564;0.3974376467913337;0;8
2659;832.308/2018;1269;0.3974296639936551;1;8
2660;884.162/2021;4199;0.3973746875930588;1;8
2661;300.299/2016;177;0.3973396542788612;0;8
2662;303.241/2018;467;0.397327026175623;0;8
2663;831.820/2016;4067;0.397280439314554;0;8
2664;871.432/2020;2045;0.3971970276832444;0;8
2665;860.280/2016;3729;0.39708287336780396;0;8
2666;867.308/2017;4470;0.3970786123648189;1;8
2667;806.243/2007;764;0.3970386510593555;0;8
2668;833.770/2013;1344;0.39701629362000185;0;8
2669;850.554/2016;1513;0.3970083983380209;0;8
2670;870.161/2016;1971;0.3969823959572594;0;8
2671;867.306/2017;4466;0.3969629690422049;1;8
2672;867.309/2017;4468;0.3969629690422049;1;8
2673;867.310/2017;4469;0.3969629690422049;1;8
2674;860.423/2017;3731;0.39679143792040406;1;8
2675;896.541/2012;2271;0.396741629806863;0;8
2676;820.542/2016;1011;0.3966670332622175;0;8
2677;300.967/2021;384;0.39661333150748507;0;8
2678;861.735/2010;4130;0.39654368139600077;1;8
2679;300.860/2019;355;0.3964679186701415;0;8
2680;300.378/2019;195;0.3964511141218594;0;8
2681;866.928/2017;2772;0.39644333615236815;0;8
2682;860.128/2018;3331;0.3964111480887867;1;8
2683;860.129/2018;3332;0.3964111480887867;0;8
2684;896.728/2003;2947;0.3963506616505692;0;8
2685;800.956/2010;601;0.39628007249266556;0;8
2686;826.672/2014;1125;0.39627186465207;0;8
2687;848.281/2010;1471;0.3961638227672355;0;8
2688;866.840/2017;2700;0.3961428832948011;0;8
2689;866.851/2017;2706;0.3961428832948011;0;8
2690;866.852/2017;2707;0.3961428832948011;0;8
2691;866.855/2017;2708;0.3961428832948011;1;8
2692;866.856/2017;2709;0.3961428832948011;1;8
2693;866.858/2017;2711;0.3961428832948011;1;8
2694;866.870/2017;2721;0.3961428832948011;0;8
2695;866.871/2017;2722;0.3961428832948011;0;8
2696;866.872/2017;2723;0.3961428832948011;1;8
2697;866.894/2017;2739;0.3961428832948011;0;8
2698;866.895/2017;2740;0.3961428832948011;0;8
2699;866.896/2017;2741;0.3961428832948011;0;8
2700;866.897/2017;2742;0.3961428832948011;0;8
2701;866.898/2017;2743;0.3961428832948011;0;8
2702;866.900/2017;2744;0.3961428832948011;0;8
2703;866.902/2017;2746;0.3961428832948011;1;8
2704;866.903/2017;2747;0.3961428832948011;1;8
2705;866.904/2017;2748;0.3961428832948011;0;8
2706;866.905/2017;2749;0.3961428832948011;0;8
2707;866.906/2017;2750;0.3961428832948011;0;8
2708;866.917/2017;2761;0.3961428832948011;1;8
2709;866.971/2017;2798;0.3961428832948011;0;8
2710;866.977/2017;2802;0.3961428832948011;0;8
2711;867.002/2017;2819;0.3961428832948011;1;8
2712;867.007/2017;2820;0.3961428832948011;1;8
2713;867.012/2017;2825;0.3961428832948011;0;8
2714;867.014/2017;2827;0.3961428832948011;0;8
2715;867.015/2017;2828;0.3961428832948011;0;8
2716;867.018/2017;2831;0.3961428832948011;0;8
2717;867.019/2017;2832;0.3961428832948011;0;8
2718;867.020/2017;2833;0.3961428832948011;0;8
2719;867.033/2017;2843;0.3961428832948011;0;8
2720;867.039/2017;2847;0.3961428832948011;0;8
2721;867.040/2017;2848;0.3961428832948011;0;8
2722;867.043/2017;2849;0.3961428832948011;0;8
2723;867.044/2017;2850;0.3961428832948011;0;8
2724;867.045/2017;2852;0.3961428832948011;0;8
2725;867.048/2017;2856;0.3961428832948011;0;8
2726;867.049/2017;2857;0.3961428832948011;0;8
2727;867.052/2017;2860;0.3961428832948011;0;8
2728;867.054/2017;2864;0.3961428832948011;0;8
2729;867.055/2017;2866;0.3961428832948011;0;8
2730;867.056/2017;2868;0.3961428832948011;0;8
2731;867.057/2017;2869;0.3961428832948011;0;8
2732;867.058/2017;2871;0.3961428832948011;0;8
2733;300.445/2019;4254;0.39610190493417163;0;8
2734;840.377/2016;2533;0.3960775707954714;0;8
2735;812.594/1968;897;0.3960314804607898;0;8
2736;300.210/2017;4212;0.3959846179139901;0;8
2737;850.991/2011;3023;0.39596229765054564;0;8
2738;820.614/2008;4828;0.39595887861445916;0;8
2739;840.380/2016;2534;0.3959577884745602;0;8
2740;300.223/2018;154;0.3959050263674129;0;8
2741;300.455/2018;221;0.3959050263674129;0;8
2742;860.071/2012;2631;0.39573673941859866;1;8
2743;866.911/2017;2755;0.3956695728786049;0;8
2744;866.995/2017;2815;0.3956695728786049;0;8
2745;896.863/2008;2282;0.3956684113713219;0;8
2746;831.859/2014;1248;0.395487341737484;0;8
2747;872.860/2016;3185;0.39544541145166373;0;8
2748;832.152/2016;1259;0.3954433814852883;1;8
2749;300.721/2022;4476;0.3952735768191067;0;8
2750;832.422/2015;1277;0.395271801648285;0;8
2751;867.035/2017;3360;0.3952715119277385;0;8
2752;300.106/2018;127;0.39524053626190964;0;8
2753;820.250/2008;4758;0.3952191955871858;1;8
2754;866.931/2017;2775;0.39517056039114806;0;8
2755;301.289/2020;431;0.3951019793605536;0;8
2756;844.070/2015;1397;0.39506678415936636;1;8
2757;820.400/2015;997;0.3948928221030771;0;8
2758;806.244/2007;765;0.394853141092217;0;8
2759;840.925/2011;2537;0.3948095574584656;0;8
2760;833.189/2015;1317;0.3947631947512699;0;8
2761;860.062/2012;2629;0.39474908509761103;0;8
2762;860.067/2012;2630;0.39474908509761103;0;8
2763;860.576/2016;1642;0.39450736086514393;0;8
2764;300.292/2021;174;0.3944610031036579;0;8
2765;821.150/2014;1062;0.3944321847621053;0;8
2766;831.148/2016;1206;0.3943978667956074;0;8
2767;300.671/2020;4283;0.39436002216053123;0;8
2768;832.898/2013;1303;0.3942683467494477;0;8
2769;800.354/2012;2953;0.39421908632743247;0;8
2770;810.269/2004;4803;0.39416216439786683;0;8
2771;300.773/2016;317;0.39412790677745024;0;8
2772;866.839/2017;2699;0.39404920250823444;0;8
2773;866.841/2017;2701;0.39404920250823444;0;8
2774;866.842/2017;2702;0.39404920250823444;0;8
2775;866.847/2017;2703;0.39404920250823444;0;8
2776;866.848/2017;2704;0.39404920250823444;1;8
2777;866.859/2017;2712;0.39404920250823444;1;8
2778;866.860/2017;2713;0.39404920250823444;1;8
2779;866.861/2017;2714;0.39404920250823444;0;8
2780;866.867/2017;2718;0.39404920250823444;1;8
2781;866.868/2017;2719;0.39404920250823444;1;8
2782;866.869/2017;2720;0.39404920250823444;1;8
2783;866.873/2017;2724;0.39404920250823444;1;8
2784;866.874/2017;2725;0.39404920250823444;1;8
2785;866.875/2017;2726;0.39404920250823444;1;8
2786;866.876/2017;2727;0.39404920250823444;1;8
2787;866.877/2017;2728;0.39404920250823444;1;8
2788;866.878/2017;2729;0.39404920250823444;0;8
2789;866.889/2017;2734;0.39404920250823444;0;8
2790;866.890/2017;2735;0.39404920250823444;0;8
2791;866.891/2017;2737;0.39404920250823444;0;8
2792;866.907/2017;2751;0.39404920250823444;0;8
2793;866.910/2017;2754;0.39404920250823444;0;8
2794;866.913/2017;2757;0.39404920250823444;0;8
2795;866.914/2017;2758;0.39404920250823444;0;8
2796;866.916/2017;2760;0.39404920250823444;1;8
2797;866.924/2017;2768;0.39404920250823444;1;8
2798;866.949/2017;2784;0.39404920250823444;0;8
2799;866.981/2017;2806;0.39404920250823444;0;8
2800;866.986/2017;2809;0.39404920250823444;1;8
2801;866.993/2017;2813;0.39404920250823444;1;8
2802;866.997/2017;2816;0.39404920250823444;1;8
2803;300.164/2021;144;0.39403424372451923;0;8
2804;300.028/2022;109;0.3934810604346671;0;8
2805;300.684/2019;287;0.3934161422064322;0;8
2806;820.255/2008;4756;0.3933422881060201;1;8
2807;861.515/2010;1761;0.3930908134953098;0;8
2808;860.661/2020;1655;0.39305278168919805;0;8
2809;800.357/2008;4922;0.3929512579092167;0;8
2810;868.010/2018;1951;0.3929460575895396;1;8
2811;826.182/2016;1078;0.3928563688899596;1;8
2812;860.274/2017;1593;0.39283993897075514;1;8
2813;860.557/2014;3545;0.39279249896678065;0;8
2814;820.256/2008;4757;0.3927865490420118;1;8
2815;300.341/2019;187;0.392706900080576;1;8
2816;820.181/2020;976;0.39263894970340596;0;8
2817;800.551/2009;2948;0.39263865926941127;1;8
2818;848.030/2017;3316;0.3926180910756907;0;8
2819;832.291/2013;3657;0.3926096839055956;0;8
2820;860.801/2016;4117;0.39259625283588573;0;8
2821;864.174/2005;4139;0.39247628876517787;1;8
2822;300.105/2021;126;0.3924705626008418;0;8
2823;301.376/2022;4446;0.3923270107676156;1;8
2824;301.375/2022;4447;0.3923270107676156;1;8
2825;848.156/2015;1434;0.39204107619298273;0;8
2826;810.219/1990;3821;0.39194975171378205;1;8
2827;850.018/2007;3412;0.3918975084341616;0;8
2828;866.557/2015;1919;0.39182689687272204;1;8
2829;300.204/2020;4266;0.39181724199156903;0;8
2830;860.459/2015;1622;0.3917640875454012;0;8
2831;832.513/2015;1282;0.39167939836318966;0;8
2832;832.514/2015;1283;0.39167939836318966;0;8
2833;832.520/2015;1284;0.39167939836318966;0;8
2834;890.668/2013;2440;0.3916280177934388;0;8
2835;300.234/2019;160;0.3914540405586902;0;8
2836;826.635/2016;1122;0.39132869965011907;0;8
2837;830.115/2019;1136;0.3912914477961835;1;8
2838;300.132/2019;4580;0.3912611436561517;0;8
2839;300.048/2021;114;0.3912347540662401;0;8
2840;301.297/2021;433;0.3912347540662401;0;8
2841;300.669/2018;280;0.39121195750224746;0;8
2842;826.554/2016;1117;0.39112091842938146;0;8
2843;891.363/1994;4182;0.3910343530338825;0;8
2844;800.256/2004;2287;0.39099497596131405;0;8
2845;810.032/2009;4412;0.3909524799047102;0;8
2846;810.038/2009;4418;0.3909524799047102;0;8
2847;810.036/2009;4419;0.3909524799047102;0;8
2848;810.035/2009;4420;0.3909524799047102;0;8
2849;860.842/2017;1675;0.39077246400432375;0;8
2850;833.990/2013;1348;0.3906799830298772;0;8
2851;866.984/2017;2807;0.3905169239827377;0;8
2852;300.432/2019;4287;0.3903643569101336;1;8
2853;860.986/2014;1701;0.39017998739955484;0;8
2854;831.508/2015;4240;0.3900957028237679;0;8
2855;831.071/2010;2514;0.3900892236474314;1;8
2856;846.018/2013;3667;0.3900840825882183;0;8
2857;800.476/2009;551;0.39005332639700613;0;8
2858;861.413/2013;1749;0.39005066888028406;0;8
2859;871.333/2017;2040;0.38992844929811404;0;8
2860;861.210/2013;2639;0.3898286052383305;0;8
2861;833.273/2014;1320;0.38971469631568173;0;8
2862;860.188/2016;1573;0.3896281805777679;0;8
2863;860.189/2016;1574;0.3896281805777679;0;8
2864;300.076/2017;3600;0.3895117034881191;1;8
2865;810.033/2009;4410;0.38936517831740863;1;8
2866;861.200/2015;1722;0.38928394784519343;1;8
2867;820.962/2014;4029;0.38926537111638326;0;8
2868;826.022/2016;1074;0.38924539228100563;0;8
2869;800.780/2010;595;0.3892011524796462;0;8
2870;830.483/2004;4916;0.3891124679092701;1;8
2871;830.034/2019;1132;0.3888418017709301;0;8
2872;866.342/2016;1908;0.3888278810203412;0;8
2873;820.251/2008;4752;0.3887371285845982;1;8
2874;820.315/1979;4917;0.3886651007464446;1;8
2875;846.280/2004;3709;0.3886400291144524;0;8
2876;861.510/2016;2459;0.3885748242818414;0;8
2877;870.021/2019;3358;0.3885038937140488;0;8
2878;300.847/2017;347;0.3884106420518939;0;8
2879;811.409/2016;7;0.38811874368724714;0;8
2880;820.612/2004;1019;0.38803683008131934;0;8
2881;860.117/2013;3028;0.3877343313973854;0;8
2882;820.944/2008;1054;0.3877335906060866;0;8
2883;860.105/2016;1558;0.38769358169538337;0;8
2884;866.956/2017;2790;0.38763365863443283;0;8
2885;850.012/2015;3017;0.38761791197872447;0;8
2886;831.883/2014;4222;0.3875400458083806;0;8
2887;300.730/2020;300;0.38725331423651144;0;8
2888;861.098/2015;1710;0.3872263155971585;1;8
2889;867.095/2019;1946;0.3870473335245122;0;8
2890;821.098/2001;4883;0.3869279010408618;0;8
2891;303.182/2017;4203;0.38689874980612177;0;8
2892;862.682/2011;1790;0.3868687615153514;0;8
2893;866.192/1994;1897;0.38672423927021377;0;8
2894;300.341/2018;4216;0.3865241818818366;0;8
2895;870.656/2019;2010;0.3864712613874784;0;8
2896;820.440/2011;4866;0.3864521123633571;0;8
2897;866.169/2015;1895;0.38576505570976327;0;8
2898;300.848/2020;348;0.38575463698783413;0;8
2899;861.552/2012;3078;0.385633733670543;1;8
2900;860.306/2013;4108;0.3855572698595966;0;8
2901;862.517/2011;1786;0.3855189590020466;0;8
2902;860.199/2018;1577;0.3854865864603083;0;8
2903;820.253/2008;4754;0.3854557488629883;1;8
2904;871.351/2011;4317;0.38539366516978174;0;8
2905;861.018/2016;3266;0.3853458793711887;0;8
2906;884.123/2012;2923;0.38532319694786055;0;8
2907;832.526/2008;1285;0.3852786837412637;0;8
2908;846.383/2012;3711;0.38526463713805825;1;8
2909;820.252/2008;4753;0.3851865387387057;1;8
2910;831.084/2019;1197;0.385148918957159;0;8
2911;300.474/2017;227;0.38510087513451086;0;8
2912;866.943/2017;2783;0.38493306523918003;0;8
2913;820.254/2008;4755;0.3848206925612652;1;8
2914;810.873/2013;3235;0.38479019928539465;0;8
2915;866.415/2016;1910;0.38466596015355153;0;8
2916;860.873/2016;1683;0.3846520553194048;1;8
2917;815.705/2004;938;0.3845989281992324;0;8
2918;820.441/2012;1004;0.3842691619167856;0;8
2919;300.307/2009;180;0.3841888213940301;1;8
2920;300.530/2019;4279;0.3838937246682592;0;8
2921;846.146/2014;3692;0.38383692206943504;0;8
2922;826.755/2011;3519;0.3836836112725987;0;8
2923;810.043/2009;4397;0.3834605688129574;0;8
2924;872.507/2009;4162;0.3834496560544075;0;8
2925;300.218/2020;153;0.3833284035468851;0;8
2926;300.500/2017;234;0.3832781273961088;0;8
2927;872.368/2012;2065;0.38315484579114123;0;8
2928;866.099/2018;2655;0.38312865447291744;0;8
2929;866.918/2012;1934;0.38298341474564096;0;8
2930;871.591/2014;2046;0.38292431842595415;0;8
2931;300.332/2020;186;0.382916339460285;0;8
2932;848.031/2017;3393;0.38278264719412547;0;8
2933;861.305/2014;1741;0.3827365465822977;0;8
2934;846.196/2009;2560;0.3824319965182637;0;8
2935;861.092/2016;1709;0.3823400315405313;1;8
2936;832.668/2005;3452;0.3823051901900695;0;8
2937;820.138/2017;972;0.3822749318110264;0;8
2938;890.001/2007;2373;0.3822270103362631;0;8
2939;300.148/2021;140;0.3820640238470273;0;8
2940;870.626/2016;2004;0.3820357091799807;0;8
2941;832.226/2015;1266;0.381914160315095;0;8
2942;860.872/2016;1682;0.3818247799006968;1;8
2943;300.120/2019;132;0.3818101652483302;0;8
2944;866.194/1994;1898;0.3815890871802912;0;8
2945;860.197/2015;1575;0.3815627844824796;0;8
2946;820.553/2013;1014;0.381544976757119;1;8
2947;860.736/2014;4320;0.3813436180115821;0;8
2948;815.536/2011;929;0.38116463657028293;1;8
2949;300.384/2020;4206;0.3810596988957163;0;8
2950;860.467/2015;1624;0.3809571273448309;0;8
2951;831.073/2006;1196;0.3808735118582896;0;8
2952;815.661/2011;936;0.3808653295320287;0;8
2953;806.073/2014;4293;0.38082749851208614;0;8
2954;866.487/2008;1914;0.38073308687894775;0;8
2955;820.103/2016;971;0.38060897402159105;1;8
2956;806.309/2010;770;0.3804383807310241;0;8
2957;820.376/2015;4019;0.38038813128887805;0;8
2958;896.726/2003;2946;0.3802825318217234;0;8
2959;831.785/2015;1243;0.3802635535614169;1;8
2960;886.233/2012;4837;0.38020944078724445;0;8
2961;860.239/2018;3355;0.38017750016112045;0;8
2962;831.134/2019;1204;0.3801465077661455;0;8
2963;300.671/2018;281;0.3800504208346409;0;8
2964;301.221/2016;424;0.38003371471168934;0;8
2965;300.945/2019;377;0.37993741217410865;0;8
2966;303.307/2018;470;0.37984121385359587;0;8
2967;810.490/2012;3239;0.37980529838966326;1;8
2968;303.055/2017;450;0.3797295737538915;0;8
2969;884.001/2016;2908;0.37970848431550724;0;8
2970;833.429/2013;1330;0.37969891813127865;0;8
2971;861.912/2012;3083;0.37969117629281723;0;8
2972;861.380/2013;1747;0.3795159592296424;0;8
2973;303.306/2018;469;0.3794884491266357;0;8
2974;861.963/2013;1777;0.3792647622781494;0;8
2975;860.405/2016;1615;0.37904288013624515;1;8
2976;832.511/2015;1281;0.37891869629572666;0;8
2977;860.260/2016;1590;0.3789072855893778;0;8
2978;301.273/2020;2349;0.37879650778520035;0;8
2979;860.996/2017;1704;0.378785381695479;0;8
2980;300.861/2019;356;0.37874504291849226;0;8
2981;846.333/2013;2582;0.3787315934114635;0;8
2982;873.607/2011;2088;0.37869821376206303;0;8
2983;873.608/2011;2089;0.37869821376206303;0;8
2984;873.609/2011;2090;0.37869821376206303;0;8
2985;873.610/2011;2091;0.37869821376206303;0;8
2986;873.611/2011;2092;0.37869821376206303;0;8
2987;832.645/2012;1289;0.37845255528920424;0;8
2988;832.646/2012;1290;0.37845255528920424;0;8
2989;832.647/2012;1291;0.37845255528920424;0;8
2990;860.590/2014;1646;0.37837933603882107;0;8
2991;861.429/2016;1753;0.3781285658418105;0;8
2992;860.750/2006;1662;0.37803202330366903;1;8
2993;300.855/2016;352;0.37786806835116354;0;8
2994;300.379/2018;4235;0.37782523785137967;0;8
2995;831.133/2000;1203;0.37781731474833136;0;8
2996;861.232/2016;1726;0.3773057161626879;0;8
2997;861.235/2016;1729;0.3773057161626879;0;8
2998;861.236/2016;1730;0.3773057161626879;0;8
2999;886.005/2018;3383;0.37728393338316496;0;8
3000;866.950/2017;2785;0.37724012785146627;0;8
3001;867.417/2013;1950;0.37723115439038585;0;8
3002;861.233/2016;1727;0.3771073034642752;0;8
3003;861.234/2016;1728;0.3771073034642752;0;8
3004;861.251/2012;1731;0.3769458849092184;0;8
3005;890.279/2004;4739;0.3769362402232939;1;8
3006;840.327/2009;3172;0.37669132719189186;0;8
3007;811.065/2016;4498;0.37659714618139484;0;8
3008;860.918/2013;1696;0.3765167680070806;0;8
3009;866.887/2017;2733;0.37650402014472734;0;8
3010;860.451/2016;2409;0.37636783371812227;0;8
3011;301.296/2021;432;0.3762767850828229;0;8
3012;860.784/2017;1668;0.3760062584482759;1;8
3013;300.155/2014;141;0.37598107400564357;0;8
3014;300.713/2017;296;0.37572517812042694;0;8
3015;870.931/2019;3391;0.375683789010431;1;8
3016;831.276/2015;1214;0.3756446824351953;0;8
3017;826.055/2009;4032;0.3755859012801855;0;8
3018;850.313/2016;2606;0.3754818154935306;0;8
3019;896.706/2005;4944;0.3752539944662902;0;8
3020;866.901/2017;2745;0.375147390342062;0;8
3021;878.147/2011;2100;0.37505982139340244;1;8
3022;878.153/2011;2101;0.37505982139340244;0;8
3023;878.155/2011;2102;0.37505982139340244;0;8
3024;878.156/2011;2103;0.37505982139340244;0;8
3025;878.158/2011;2104;0.37505982139340244;1;8
3026;878.159/2011;2105;0.37505982139340244;0;8
3027;871.598/2019;2047;0.37496177904991546;0;8
3028;812.325/1974;4013;0.3749448118838813;0;8
3029;830.470/2021;1156;0.3746842427943131;0;8
3030;815.173/2003;4936;0.37464598763684004;0;8
3031;871.558/2013;3404;0.37461601350876167;0;8
3032;820.372/2012;4890;0.3745887390651975;0;8
3033;820.439/2011;1003;0.3745150801144367;0;8
3034;820.855/2012;1039;0.37442630490928114;0;8
3035;866.814/2017;2693;0.37442593070372915;0;8
3036;866.824/2017;2694;0.37442593070372915;0;8
3037;866.825/2017;2695;0.37442593070372915;0;8
3038;866.826/2017;2696;0.37442593070372915;0;8
3039;866.827/2017;2697;0.37442593070372915;0;8
3040;861.133/2016;1713;0.37423062811019164;0;8
3041;831.429/1989;1226;0.3741569307615836;0;8
3042;820.071/2007;4615;0.3741499014329029;1;8
3043;800.427/2011;537;0.3741022150404325;0;8
3044;832.669/2016;1294;0.3739968197034992;0;8
3045;816.114/2013;959;0.3739881671576693;0;8
3046;832.068/2012;4574;0.37389911852301644;1;8
3047;832.067/2012;4573;0.37388047269156277;1;8
3048;866.965/2017;2794;0.3738027563993889;0;8
3049;866.951/2017;2786;0.373681340959346;0;8
3050;846.061/2014;3678;0.37362124330393737;0;8
3051;866.880/2017;2730;0.3735499181991402;0;8
3052;860.481/2017;1628;0.3733438055228829;1;8
3053;820.716/2013;4026;0.3732609100290875;0;8
3054;860.865/2015;1680;0.37323571501758;0;8
3055;860.867/2015;1681;0.37323571501758;1;8
3056;844.137/2013;1402;0.37319958764953454;1;8
3057;300.567/2018;255;0.37314096772561456;0;8
3058;846.034/2011;4308;0.3728973470540417;0;8
3059;860.313/2016;3034;0.37289692729603496;0;8
3060;300.914/2020;369;0.3728720083439029;0;8
3061;826.526/2011;1114;0.37275397979010416;0;8
3062;832.726/2012;1298;0.3723931429478971;0;8
3063;303.378/2018;3620;0.3723872234078043;1;8
3064;896.505/2012;4777;0.37220124874744476;0;8
3065;866.940/2017;2781;0.3720838688164242;0;8
3066;861.379/2013;1746;0.3720422582705685;0;8
3067;301.105/2022;4485;0.3716348935239238;0;8
3068;861.333/2015;1744;0.3712575485880029;0;8
3069;303.286/2018;468;0.3710896507212451;1;8
3070;860.902/2014;3052;0.3710817318926434;0;8
3071;871.373/2016;2043;0.3710354576990968;0;8
3072;868.144/2016;1956;0.3709102752695905;0;8
3073;861.521/2008;1762;0.37078079397812536;0;8
3074;880.138/2016;56;0.3706959920441823;1;8
3075;860.623/2016;1652;0.37067354091394367;0;8
3076;831.173/2021;1211;0.370650249895929;0;8
3077;820.608/2008;4817;0.37056811203100465;0;8
3078;850.947/2017;2621;0.37053423104854355;0;8
3079;861.972/2013;4132;0.3705154958282015;0;8
3080;820.534/2014;1010;0.3704172618223586;0;8
3081;821.149/2002;1061;0.37038964880406977;0;8
3082;810.844/2012;3269;0.3703045833034439;1;8
3083;810.847/2012;3270;0.3703045833034439;0;8
3084;866.954/2017;2788;0.3702668677347172;0;8
3085;866.886/2017;2732;0.3702439695072687;0;8
3086;860.357/2010;3036;0.3701232162242342;0;8
3087;870.239/2012;2427;0.3700454060609374;0;8
3088;301.093/2020;410;0.3699754990211812;0;8
3089;815.170/2003;4934;0.3699162316306395;0;8
3090;815.171/2003;4935;0.3699162316306395;0;8
3091;861.551/2012;1764;0.3697279433685488;1;8
3092;861.554/2012;2417;0.3697279433685488;0;8
3093;860.384/2016;1613;0.3696395814861499;0;8
3094;861.629/2013;1769;0.36960070437924225;0;8
3095;300.666/2020;277;0.3695869823925072;0;8
3096;871.092/2019;3338;0.3694456684137322;0;8
3097;850.340/2018;2610;0.3693283669065894;0;8
3098;820.332/2016;993;0.3692033610333747;0;8
3099;862.310/2011;1784;0.36917157220230795;1;8
3100;821.083/2011;4740;0.3688684789058182;0;8
3101;815.167/2003;4931;0.3688208553988113;0;8
3102;831.556/2018;1231;0.36865483057603193;0;8
3103;830.647/2018;1167;0.36865139913397366;0;8
3104;830.652/2018;1168;0.36865139913397366;0;8
3105;866.834/2017;2698;0.36864649736434696;0;8
3106;866.863/2017;2715;0.36864649736434696;0;8
3107;866.864/2017;2716;0.36864649736434696;0;8
3108;866.885/2017;2731;0.36864649736434696;0;8
3109;866.923/2017;2767;0.36864649736434696;0;8
3110;866.932/2017;2777;0.36864649736434696;0;8
3111;866.941/2017;2782;0.36864649736434696;0;8
3112;866.955/2017;2789;0.36864649736434696;0;8
3113;866.962/2017;2792;0.36864649736434696;0;8
3114;866.963/2017;2793;0.36864649736434696;0;8
3115;866.968/2017;2795;0.36864649736434696;0;8
3116;866.975/2017;2800;0.36864649736434696;0;8
3117;866.976/2017;2801;0.36864649736434696;0;8
3118;860.593/2017;1647;0.36852024985191034;0;8
3119;890.602/2014;2207;0.3684570638051928;0;8
3120;830.545/2017;3652;0.36801986971224754;0;8
3121;831.165/2015;1210;0.3680001487867624;0;8
3122;300.718/2019;3612;0.36792936966283324;0;8
3123;301.095/2020;411;0.3679243864972672;0;8
3124;300.323/2020;4229;0.36787303095487633;0;8
3125;301.254/2021;3917;0.36784747573421583;0;8
3126;846.099/2009;3683;0.36784488297946183;0;8
3127;880.440/2009;2144;0.36783461584850863;1;8
3128;810.857/2012;3236;0.36772126478367917;1;8
3129;810.856/2012;3238;0.36772126478367917;1;8
3130;810.027/2009;3933;0.3677201833205454;1;8
3131;860.875/2018;1684;0.36768677812492695;1;8
3132;868.099/2017;1955;0.36766166459996763;1;8
3133;896.506/2008;2269;0.36761167202953876;0;8
3134;867.031/2017;2840;0.3675801058954787;1;8
3135;860.998/2016;3056;0.3674714555192859;0;8
3136;815.161/2003;4926;0.3674282737141694;0;8
3137;301.403/2022;4361;0.36733864013488177;0;8
3138;860.883/2011;1689;0.3672773365651551;0;8
3139;860.888/2011;1692;0.3672773365651551;0;8
3140;840.031/2011;1374;0.36710482563172253;0;8
3141;300.744/2016;2358;0.36701295072495926;0;8
3142;300.526/2021;241;0.3669998996165163;1;8
3143;303.053/2015;449;0.3667784360954812;0;8
3144;861.150/2011;1714;0.3666106344470948;0;8
3145;300.698/2011;294;0.3664356211105173;0;8
3146;861.434/2012;1754;0.3664013150539506;0;8
3147;300.120/2020;133;0.36636788116131275;0;8
3148;301.326/2020;436;0.366355123777512;0;8
3149;860.406/2016;1616;0.3662725781191465;1;8
3150;300.202/2021;148;0.36621281644682196;1;8
3151;896.174/1995;2244;0.3661271075594389;0;8
3152;886.216/2013;2932;0.3660978099808924;0;8
3153;860.796/2017;1670;0.36607144091893207;0;8
3154;800.309/2014;517;0.36580281296053163;0;8
3155;300.132/2009;136;0.3657828897227319;1;8
3156;301.140/2020;418;0.3656497694561492;0;8
3157;832.186/2014;1262;0.36541997719932345;0;8
3158;300.543/2022;247;0.3653631272701871;1;8
3159;820.607/2008;4816;0.36533645963179795;0;8
3160;300.131/2016;135;0.36528486159627543;1;8
3161;301.070/2021;407;0.36526671825019835;0;8
3162;300.553/2018;253;0.3652579525644992;1;8
3163;866.922/2017;2766;0.36513244861170935;0;8
3164;860.594/2017;1648;0.36504268772921866;0;8
3165;848.033/2014;3539;0.3648658041397016;0;8
3166;300.094/2021;122;0.3647085387740283;0;8
3167;815.174/2003;4937;0.36466703575683923;0;8
3168;831.207/1996;1212;0.3646549812459601;0;8
3169;832.603/2007;4494;0.3644373655316292;1;8
3170;860.101/2018;1556;0.3644136428729155;0;8
3171;866.049/2017;2647;0.36441343136098586;0;8
3172;860.152/2018;1568;0.36437593188940387;0;8
3173;860.885/2011;1690;0.3643570689691443;0;8
3174;860.887/2011;1691;0.3643570689691443;0;8
3175;300.405/2020;202;0.3642492656173127;0;8
3176;862.185/2007;1782;0.3642018504655785;0;8
3177;861.436/2011;1755;0.3640273953174547;0;8
3178;896.553/2003;3784;0.3640273038980502;1;8
3179;300.470/2021;226;0.36393523242374737;0;8
3180;300.140/2021;138;0.3639224750399466;0;8
3181;826.527/2005;3513;0.36377006307034476;1;8
3182;302.727/2015;445;0.36375154850307917;0;8
3183;300.019/2019;3599;0.36369125282137765;0;8
3184;870.839/2019;4490;0.3636796294082744;0;8
3185;831.365/2016;1222;0.3636364345072441;0;8
3186;860.150/2016;1567;0.3634271845255054;0;8
3187;860.137/2018;2632;0.363238902777676;0;8
3188;300.762/2021;313;0.3632013758906344;0;8
3189;831.014/1990;3654;0.36319858384786446;0;8
3190;300.008/2021;104;0.36318861850683365;1;8
3191;866.092/2018;2650;0.36296475041579573;0;8
3192;300.668/2019;278;0.36292986888539186;0;8
3193;300.682/2019;284;0.36292986888539186;0;8
3194;300.452/2018;220;0.36280893995697566;0;8
3195;861.411/2016;2642;0.3627524794010745;1;8
3196;830.254/2010;1145;0.3627501793692602;0;8
3197;867.278/2020;1948;0.3627474866748086;0;8
3198;300.183/2016;3605;0.36271363690859926;0;8
3199;830.737/2020;1175;0.36261433460475667;0;8
3200;301.135/2020;3618;0.3625689893355399;0;8
3201;303.079/2017;451;0.3625543252983329;0;8
3202;871.332/2017;2886;0.36232537399735854;0;8
3203;300.765/2016;314;0.3623005149013246;0;8
3204;860.876/2011;1685;0.362218620997363;0;8
3205;860.881/2011;1686;0.362218620997363;0;8
3206;815.250/2011;2329;0.3620841912672814;0;8
3207;860.076/2013;1554;0.3620541198016819;0;8
3208;800.604/2012;569;0.3619410920217402;0;8
3209;832.290/2013;4865;0.36178383255441204;0;8
3210;300.696/2017;292;0.36178284935430133;0;8
3211;820.610/2008;4818;0.36174820144406467;0;8
3212;866.679/2013;1926;0.36173626434859607;0;8
3213;300.695/2017;291;0.3613376026581214;0;8
3214;831.431/2002;4914;0.3613333397298544;0;8
3215;820.611/2008;4819;0.3610720689220903;0;8
3216;300.329/2021;185;0.3610193063375215;0;8
3217;860.477/2018;1626;0.3610029577546749;1;8
3218;300.312/2019;4245;0.3610009454896678;0;8
3219;300.666/2019;4251;0.3610009454896678;0;8
3220;300.315/2019;4292;0.3610009454896678;0;8
3221;300.989/2020;390;0.36091862804417235;0;8
3222;870.509/2002;4150;0.3609176239199935;0;8
3223;896.136/2013;2236;0.3608942486495025;0;8
3224;861.466/2015;4126;0.3608232255462199;0;8
3225;826.096/2018;3367;0.3607960526459638;0;8
3226;826.095/2018;3368;0.3607960526459638;0;8
3227;826.069/2018;3370;0.3607960526459638;0;8
3228;860.039/2018;4368;0.36077356966625257;0;8
3229;300.775/2021;3882;0.36074257433251006;0;8
3230;860.057/2018;1553;0.3607408063821362;0;8
3231;300.825/2018;340;0.3606282578572305;0;8
3232;832.122/2012;3656;0.3603558503952528;0;8
3233;815.162/2003;4927;0.36030664479639296;0;8
3234;815.163/2003;4928;0.36030664479639296;0;8
3235;815.169/2003;4933;0.36030664479639296;0;8
3236;815.165/2003;4930;0.36023428541200325;0;8
3237;815.176/2003;4939;0.36023428541200325;0;8
3238;867.032/2017;2842;0.3601964649822658;1;8
3239;860.271/2012;1591;0.3601539212291286;0;8
3240;870.794/2010;3356;0.3601420561744714;0;8
3241;890.726/2012;2210;0.3601331588257045;0;8
3242;815.177/2003;4940;0.36006645244847135;0;8
3243;861.302/2011;1740;0.36006350032093715;0;8
3244;010.099/1967;100;0.36004252789261926;0;8
3245;840.181/2013;4417;0.35982705597879006;1;8
3246;846.524/2012;3716;0.3598177426607405;0;8
3247;860.230/2015;4105;0.35965334329589344;0;8
3248;301.159/2021;3912;0.359610032299409;0;8
3249;860.915/2017;3138;0.3593450781891226;0;8
3250;830.463/1990;4723;0.35924134464205487;1;8
3251;860.684/2009;3295;0.35908823720647154;0;8
3252;861.095/2016;3351;0.3590862958875404;1;8
3253;860.344/2014;3035;0.3590339928736794;0;8
3254;860.431/2014;3042;0.3590339928736794;0;8
3255;303.275/2018;4232;0.3590252269645043;0;8
3256;815.175/2003;4938;0.3589140631117509;0;8
3257;850.395/2015;1509;0.3589029750539185;0;8
3258;810.031/2009;4413;0.3588993806247829;0;8
3259;815.164/2003;4929;0.3588417037273612;0;8
3260;860.758/2019;2446;0.35882966948648415;0;8
3261;820.601/2008;4812;0.35852331230446577;0;8
3262;820.992/2011;1057;0.3585135422406775;1;8
3263;800.483/1994;555;0.3584782594297528;0;8
3264;833.565/2012;1334;0.35835084449027377;0;8
3265;866.946/2014;1935;0.358312146602149;1;8
3266;860.131/2017;1563;0.3582176953021241;0;8
3267;300.406/2017;203;0.358187881449879;0;8
3268;830.555/2018;3142;0.35816281929835386;0;8
3269;850.323/2018;2608;0.35790691154004545;0;8
3270;300.870/2018;361;0.3578718644792398;0;8
3271;300.144/2018;4285;0.35780829574757306;0;8
3272;860.453/2016;3043;0.35769505417218234;0;8
3273;861.430/2016;3074;0.3576011358090453;0;8
3274;861.432/2016;3076;0.3576011358090453;0;8
3275;866.263/2014;1905;0.3573508022585957;0;8
3276;830.082/2014;4305;0.3571985806140824;1;8
3277;830.489/2016;4219;0.35701669550564463;0;8
3278;820.617/2008;4821;0.3569492618349198;0;8
3279;820.618/2008;4822;0.3569492618349198;0;8
3280;820.620/2008;4824;0.3569492618349198;0;8
3281;886.440/2011;4629;0.35638370340741543;0;8
3282;860.683/2009;3294;0.3562306884654888;0;8
3283;800.277/2011;1;0.35612208857934485;0;8
3284;826.317/2008;3506;0.35605388604434507;0;8
3285;005.700/1948;4443;0.3560186100822168;0;8
3286;848.117/2017;3140;0.3559878993834485;0;8
3287;860.297/2017;1600;0.35593897989648327;0;8
3288;846.567/2008;3717;0.3557831718914554;0;8
3289;300.707/2018;295;0.3557093274582843;0;8
3290;860.009/2020;1545;0.3552626444544186;0;8
3291;890.731/2012;2212;0.35514432718242145;0;8
3292;861.556/2012;2418;0.3549626541357317;0;8
3293;862.405/2011;2286;0.3546909652952293;0;8
3294;861.144/2015;2637;0.3543867665917842;0;8
3295;860.859/2013;4118;0.35412731795359204;1;8
3296;800.212/2013;508;0.354120114623882;0;8
3297;861.294/2015;1737;0.3539532274760201;0;8
3298;861.306/2015;2458;0.3539532274760201;0;8
3299;840.025/2011;1372;0.35393758240928613;0;8
3300;866.835/2017;3289;0.35389873018606255;0;8
3301;861.431/2016;3075;0.35381151691224494;0;8
3302;815.168/2003;4932;0.3535063483277489;0;8
3303;860.685/2014;3048;0.3528746824702991;0;8
3304;871.123/2010;3742;0.35284342351350295;0;8
3305;860.066/2016;4100;0.3524788802440204;1;8
3306;832.239/2014;1267;0.3523495333482176;0;8
3307;860.352/2017;4109;0.35220756589542185;0;8
3308;860.701/2017;3183;0.35216951514620987;0;8
3309;846.188/2011;3705;0.35211599838324703;0;8
3310;861.041/2015;3058;0.35160560966400084;0;8
3311;890.933/1994;2216;0.3515254042574846;1;8
3312;803.157/2018;647;0.35145006922697447;0;8
3313;861.950/2013;1776;0.3514305216136403;0;8
3314;860.950/2015;4119;0.3512112897335015;0;8
3315;860.354/2017;4543;0.35111539458458685;1;8
3316;846.243/2012;2568;0.35059248154055433;0;8
3317;833.425/2011;3659;0.3504633245704117;0;8
3318;861.975/2008;3084;0.35043509817997986;0;8
3319;860.423/2016;3129;0.35029143898756127;0;8
3320;833.655/2007;4071;0.350204023248881;1;8
3321;800.373/2016;527;0.3501482873231613;1;8
3322;800.374/2016;528;0.3501482873231613;1;8
3323;872.457/2015;2069;0.34955353825318236;0;8
3324;860.325/2015;1604;0.34950459858359245;0;8
3325;861.040/2017;3374;0.3494010450157027;0;8
3326;872.647/2015;3746;0.3493350259130912;0;8
3327;861.309/2016;1742;0.34913639188597756;0;8
3328;860.235/2016;1586;0.34903581266376127;0;8
3329;866.538/2018;3301;0.3486589561270312;1;8
3330;866.935/2017;2780;0.34858773061771237;0;8
3331;832.744/2002;4915;0.34853428877500997;1;8
3332;820.438/1997;4712;0.34828339231602967;0;8
3333;810.843/2012;3237;0.3482103891810056;1;8
3334;848.535/2008;1487;0.34815786857586506;0;8
3335;833.434/2013;1331;0.34808422457788735;0;8
3336;820.154/2002;974;0.34789648435291276;0;8
3337;833.289/2012;1322;0.3478398834895189;0;8
3338;860.059/2016;3210;0.34769970862303673;0;8
3339;866.934/2017;2779;0.3476812978691744;0;8
3340;861.079/2017;3228;0.3473296995190889;0;8
3341;860.231/2014;4106;0.3471423810306956;0;8
3342;866.890/2018;2736;0.3470829422880322;0;8
3343;831.911/2013;4854;0.3469478450369948;1;8
3344;848.541/2008;1488;0.346743010825116;0;8
3345;870.322/2018;1990;0.3465881774680311;0;8
3346;826.640/2014;4056;0.3465019902741675;1;8
3347;861.039/2015;3057;0.34639287960574333;1;8
3348;870.303/2018;1988;0.34634016159501524;0;8
3349;846.162/2012;2554;0.34614315953076646;1;8
3350;866.540/2018;2683;0.34608994214524125;0;8
3351;866.552/2018;2684;0.34608994214524125;1;8
3352;866.568/2018;3281;0.34608994214524125;1;8
3353;866.590/2018;3282;0.34608994214524125;1;8
3354;866.587/2018;3283;0.34608994214524125;1;8
3355;866.580/2018;3284;0.34608994214524125;0;8
3356;866.579/2018;3285;0.34608994214524125;0;8
3357;866.567/2018;3286;0.34608994214524125;0;8
3358;866.566/2018;3287;0.34608994214524125;0;8
3359;866.565/2018;3288;0.34608994214524125;0;8
3360;866.537/2018;3300;0.34608994214524125;0;8
3361;866.551/2018;3303;0.34608994214524125;1;8
3362;866.553/2018;3304;0.34608994214524125;1;8
3363;866.550/2018;3305;0.34608994214524125;1;8
3364;866.539/2018;3306;0.34608994214524125;1;8
3365;866.603/2018;3312;0.34608994214524125;0;8
3366;866.606/2018;3313;0.34608994214524125;0;8
3367;861.006/2012;3151;0.3460723581961007;0;8
3368;860.115/2019;3229;0.346005102291584;0;8
3369;830.050/2002;4714;0.34599321485612833;0;8
3370;866.933/2017;2778;0.345967588191755;0;8
3371;860.827/2016;2412;0.345865215403104;0;8
3372;820.602/2008;4813;0.3457414915486654;0;8
3373;860.720/2017;1659;0.345727668944353;0;8
3374;884.095/2016;3122;0.3453658682453522;0;8
3375;890.089/2003;2174;0.34526993431008846;0;8
3376;826.224/2013;1084;0.3452630153397674;1;8
3377;861.426/2016;2450;0.34518817437476645;0;8
3378;861.158/2015;4123;0.3449820511126363;0;8
3379;832.582/2015;1287;0.3448677353910857;0;8
3380;851.117/2008;3401;0.3447887561212377;0;8
3381;830.076/2017;4524;0.3447653232242854;0;8
3382;860.562/2017;1639;0.34446068193861573;0;8
3383;866.954/2018;1936;0.34440656825400573;0;8
3384;846.165/2012;3175;0.34440081997645056;0;8
3385;846.160/2012;3174;0.34431606505661316;0;8
3386;810.026/2009;3804;0.34426415626739687;1;8
3387;866.615/2018;3363;0.3442380902933894;0;8
3388;846.337/2014;2583;0.34422452443658486;0;8
3389;860.855/2015;3050;0.34416620215625743;0;8
3390;860.859/2015;3051;0.34416620215625743;0;8
3391;848.189/2014;1440;0.3439911875510494;0;8
3392;872.126/2006;3744;0.3439204966995914;0;8
3393;870.624/2016;2003;0.34378121642981657;0;8
3394;846.156/2015;3696;0.3437043807021662;0;8
3395;864.596/2007;4144;0.3433188366669494;0;8
3396;833.340/2012;1326;0.34322897462771135;0;8
3397;860.117/2016;1559;0.34322878435803555;0;8
3398;811.511/2013;887;0.3431525694972122;1;8
3399;834.435/2011;1360;0.34304373745533395;0;8
3400;890.735/2014;2213;0.3430080379704232;0;8
3401;806.228/2014;4561;0.34299914072363186;0;8
3402;846.579/2011;1408;0.3429149866587974;0;8
3403;831.552/2014;3655;0.34287268271535687;0;8
3404;802.941/1970;2341;0.3426474991042694;0;8
3405;860.463/2016;1623;0.342530558670815;0;8
3406;896.046/2002;3774;0.34251918393507885;0;8
3407;832.066/2012;4572;0.34232930154418945;1;8
3408;831.450/2013;4898;0.3422223751887883;1;8
3409;864.285/2015;3093;0.34221378097807914;0;8
3410;826.745/2007;4896;0.34198449918424495;1;8
3411;866.263/2013;2668;0.3418830900493529;0;8
3412;860.324/2019;3203;0.34183826498836517;0;8
3413;846.580/2011;1409;0.3416531302902337;0;8
3414;820.675/1984;1023;0.3414917120055765;0;8
3415;826.422/2018;3594;0.3414504906799213;0;8
3416;831.157/2012;1207;0.3413611534080926;0;8
3417;864.229/2015;1839;0.34124725319133;0;8
3418;861.150/2014;1715;0.3411956220680471;0;8
3419;861.618/2009;3296;0.34109541826779294;0;8
3420;860.211/2015;3030;0.3408330877497773;0;8
3421;832.999/2005;1307;0.34082205107620805;0;8
3422;870.974/2012;3166;0.34051231241358015;0;8
3423;826.050/2023;3233;0.3402498953083923;0;8
3424;861.143/2015;2636;0.34020290699428657;0;8
3425;870.627/2016;3375;0.3400096769568873;0;8
3426;862.527/2011;3190;0.339947944420723;1;8
3427;860.934/2009;3054;0.3399090167840446;0;8
3428;864.004/1996;4560;0.33958603538521187;1;8
3429;860.161/2015;1569;0.3395663380174786;0;8
3430;826.623/2013;1121;0.33955918639160926;0;8
3431;830.588/2016;3653;0.3395166159413061;1;8
3432;860.882/2011;1688;0.33945696646964085;0;8
3433;846.231/2012;2565;0.3393375692645385;0;8
3434;860.165/2018;4509;0.3393369224283152;0;8
3435;861.356/2015;1745;0.33838095658179607;1;8
3436;830.031/2014;1131;0.33826184738334425;0;8
3437;826.556/2011;4785;0.33825365547438957;1;8
3438;830.824/2021;1181;0.33824400346954764;0;8
3439;820.230/2009;15;0.3378824102504826;0;8
3440;834.399/2008;1359;0.337838404230565;0;8
3441;830.493/2015;1157;0.3377265192255498;1;8
3442;834.026/2013;1349;0.33771681682684984;0;8
3443;834.027/2013;1350;0.33771681682684984;0;8
3444;834.028/2013;1351;0.33771681682684984;0;8
3445;846.329/2012;2580;0.337690821301154;0;8
3446;806.093/2014;742;0.33766197602908155;0;8
3447;810.395/1994;2966;0.3373376533284219;1;8
3448;826.880/2016;2510;0.3368941855226787;0;8
3449;834.873/2008;1368;0.33679026811600815;0;8
3450;861.615/2012;3080;0.336787735910451;0;8
3451;851.000/2017;2624;0.336733042550271;1;8
3452;820.901/2014;4028;0.3367243170337744;0;8
3453;871.132/2010;3340;0.3364835330513821;0;8
3454;860.243/2021;2408;0.33643002656407656;0;8
3455;866.929/2017;2773;0.3356856441853107;0;8
3456;860.018/2017;4542;0.3356614005183721;0;8
3457;860.292/2015;1597;0.3355851737184652;0;8
3458;860.293/2015;1598;0.3355851737184652;0;8
3459;830.185/2018;1140;0.33508822486186585;0;8
3460;830.186/2018;1141;0.33508822486186585;0;8
3461;834.001/2012;2995;0.3348413150921377;0;8
3462;832.121/2000;3449;0.3347625644356851;1;8
3463;860.571/2015;1641;0.3346594754766491;0;8
3464;846.500/2008;3714;0.3345865688400016;0;8
3465;860.939/2017;2315;0.33451801944684534;0;8
3466;840.130/2012;3394;0.3343853784205515;0;8
3467;840.444/2011;4634;0.33428798464543535;1;8
3468;866.930/2017;2774;0.33428158388699597;0;8
3469;862.658/2011;1789;0.33418327750497007;0;8
3470;840.169/2013;4842;0.33366077939726063;0;8
3471;880.034/2018;3181;0.33351830488382234;1;8
3472;860.393/2016;3038;0.3333557629256747;1;8
3473;834.294/2008;3660;0.33325873638810555;0;8
3474;861.971/2008;1779;0.3330695245390008;0;8
3475;860.012/2015;1546;0.33285394970106197;1;8
3476;834.351/2011;1356;0.33282692200334024;0;8
3477;832.619/2009;2520;0.33270017351380954;0;8
3478;866.030/2016;1891;0.33257848310892074;0;8
3479;831.610/2013;1235;0.3325748580741732;0;8
3480;848.114/2017;1426;0.33231547638891884;0;8
3481;848.115/2017;1428;0.33231547638891884;0;8
3482;868.009/2018;3796;0.3320036090611025;0;8
3483;860.304/2014;1601;0.33187736899670717;0;8
3484;851.255/2013;1535;0.3316244282933687;0;8
3485;861.634/2013;3081;0.331439669341358;0;8
3486;890.464/1990;70;0.3313560991851355;0;8
3487;866.582/2014;2686;0.3313419503823818;0;8
3488;860.199/2007;1576;0.3312106276473801;0;8
3489;860.629/2018;3276;0.33114743381651185;0;8
3490;861.204/2015;1723;0.33112098574513965;0;8
3491;846.094/2012;2546;0.33102594050944795;1;8
3492;846.323/2012;2576;0.33102594050944795;0;8
3493;846.325/2012;2577;0.33102594050944795;0;8
3494;846.326/2012;2578;0.33102594050944795;0;8
3495;846.328/2012;2579;0.33102594050944795;0;8
3496;846.330/2012;2581;0.33102594050944795;0;8
3497;886.417/2010;4643;0.3308547721385533;0;8
3498;850.018/2015;1495;0.3306093891680581;0;8
3499;861.073/2017;1708;0.3305421592585308;0;8
3500;820.488/2006;4892;0.33008589242189895;0;8
3501;848.113/2017;1425;0.3300427491161916;0;8
3502;820.923/2012;1052;0.329814740795101;0;8
3503;832.312/2016;1271;0.32974922914251514;0;8
3504;834.611/2007;1365;0.32968556342630384;0;8
3505;880.040/2018;2112;0.3295701704147065;0;8
3506;860.148/2014;1566;0.3291156841391019;0;8
3507;850.325/2018;2609;0.3290024865774895;0;8
3508;826.117/2007;4831;0.32890835878003377;0;8
3509;860.186/2012;1571;0.3287758493671304;0;8
3510;860.060/2016;3211;0.3285659083681206;0;8
3511;864.133/2012;2645;0.32837559595222715;1;8
3512;830.101/2017;1134;0.32835932600372464;0;8
3513;810.030/2009;4411;0.32815689303169054;0;8
3514;800.751/2012;2507;0.32805389448367955;0;8
3515;864.329/2016;4142;0.32800312791312947;0;8
3516;832.024/2011;1254;0.32777555527863256;0;8
3517;820.449/2007;89;0.32775301972346155;0;8
3518;830.644/2018;1166;0.3276235307269503;0;8
3519;861.309/2015;3070;0.32748414883533555;0;8
3520;861.297/2015;1738;0.32729291190092014;0;8
3521;860.240/2019;2633;0.3272418989190265;0;8
3522;810.028/2009;4396;0.32711739595935563;0;8
3523;860.043/2012;3026;0.3270715516330519;1;8
3524;840.034/1997;4901;0.32699461389300205;0;8
3525;866.717/2016;1927;0.32665538804802224;0;8
3526;811.700/2012;3271;0.3263756035236956;1;8
3527;831.580/1989;1234;0.3263629910706276;0;8
3528;830.810/2021;1179;0.32636103897212004;0;8
3529;886.053/1995;2927;0.3260555269991088;0;8
3530;832.312/2005;4533;0.32590291571181185;0;8
3531;833.124/2012;1314;0.3258840773944737;0;8
3532;826.009/2010;4649;0.3258035676901932;1;8
3533;861.080/2017;3380;0.3256657991767184;0;8
3534;890.098/2008;4790;0.3255376120114811;0;8
3535;820.289/2008;4793;0.32542898716136465;0;8
3536;880.262/2012;2901;0.32528598517171986;0;8
3537;830.008/2004;1128;0.32472554228534156;1;8
3538;860.922/2016;4541;0.32439623299142395;0;8
3539;846.626/2011;2588;0.3242499876126383;0;8
3540;810.121/1994;4;0.3240503947898039;0;8
3541;861.211/2013;2640;0.32394801644226023;0;8
3542;840.125/2013;4663;0.32385077769394127;0;8
3543;840.133/2013;4664;0.32385077769394127;1;8
3544;830.636/1992;4719;0.32383402967623554;0;8
3545;815.607/2004;84;0.3236818021863221;0;8
3546;830.658/2011;3144;0.32367746925894575;0;8
3547;810.367/2011;809;0.3235934124481568;0;8
3548;873.611/2009;2893;0.32307023950701663;0;8
3549;890.191/1985;4826;0.32257483855656716;0;8
3550;860.981/2015;1700;0.32201847311512444;0;8
3551;860.643/2015;3046;0.3218364783895515;0;8
3552;846.013/2016;3322;0.3218018288334395;0;8
3553;896.433/2008;4653;0.32171780973174463;0;8
3554;850.728/2015;1518;0.32156506525441736;0;8
3555;810.738/2021;4493;0.32106614383617277;0;8
3556;861.424/2015;1752;0.3210572470501786;0;8
3557;834.223/2011;1354;0.32101798784584235;0;8
3558;870.629/2016;2005;0.3209763976110118;0;8
3559;820.554/2010;1015;0.3205630365658349;0;8
3560;860.126/2018;3134;0.3205550577090953;0;8
3561;810.087/2008;2958;0.3205269017570045;0;8
3562;826.228/2017;3217;0.3205083015378694;0;8
3563;846.267/2012;2569;0.3202239114867525;0;8
3564;866.956/2020;1938;0.31992026224611153;0;8
3565;866.957/2020;1939;0.31992026224611153;0;8
3566;826.227/2017;3218;0.3195375413039513;0;8
3567;831.816/2016;4269;0.31953611642228213;0;8
3568;866.092/2019;3317;0.3195166222872933;0;8
3569;815.371/2009;4624;0.31946444265988266;0;8
3570;860.644/2015;3047;0.31931280810272333;0;8
3571;826.239/1998;3503;0.3191946631983916;0;8
3572;864.181/2018;4322;0.31898374093396253;0;8
3573;860.457/2020;1621;0.31863254986583045;0;8
3574;848.195/2012;1445;0.31801804676702955;1;8
3575;890.005/1999;4873;0.3178489862533631;0;8
3576;872.680/2009;3402;0.31779009349847037;0;8
3577;860.252/2013;1589;0.3176989216003783;0;8
3578;832.141/2007;2318;0.31733171000518123;0;8
3579;826.136/2019;3595;0.31696119932058753;0;8
3580;864.273/2015;4207;0.3168557156211002;0;8
3581;840.259/1992;46;0.3168074752509609;1;8
3582;826.661/2013;4353;0.3167711759433333;0;8
3583;820.016/2005;961;0.31664622899114775;0;8
3584;851.011/2017;2625;0.31643832942019795;0;8
3585;810.235/1993;3588;0.31637856918228074;0;8
3586;880.405/2022;3384;0.31620293344245176;0;8
3587;873.510/2005;2086;0.315767470246084;0;8
3588;830.093/2011;1133;0.31560166007288826;0;8
3589;830.680/2011;1170;0.31560166007288826;0;8
3590;861.594/2013;1766;0.31554294680946193;1;8
3591;850.640/2015;1516;0.3155207108650375;0;8
3592;864.335/2015;4143;0.31544952086776823;0;8
3593;867.339/2020;1949;0.31530497458669143;0;8
3594;833.321/2013;1324;0.3150717744203885;0;8
3595;850.517/2019;1511;0.3148051807266193;0;8
3596;861.003/2016;3386;0.31467907722251215;0;8
3597;896.428/2003;4456;0.314323293242086;0;8
3598;870.892/2017;2884;0.31407123351020744;0;8
3599;834.390/2010;1358;0.3139946707176468;0;8
3600;846.033/2008;4782;0.31371398348345464;0;8
3601;840.049/2011;4792;0.3137068932084541;0;8
3602;860.914/2013;1694;0.31358656066791807;0;8
3603;820.619/2008;4823;0.3133971539604615;0;8
3604;834.505/2010;1362;0.3133936047165452;0;8
3605;860.227/2018;1583;0.3133808702169621;0;8
3606;807.064/1971;776;0.3128310917990752;0;8
3607;846.164/2012;2555;0.3127635298031396;1;8
3608;846.168/2012;2557;0.3127635298031396;1;8
3609;846.155/2012;3173;0.3127635298031396;0;8
3610;834.193/2011;1352;0.3122883667292604;0;8
3611;840.235/2017;2405;0.31197723194543414;0;8
3612;850.390/2014;1508;0.3119113167014392;0;8
3613;860.231/2018;2352;0.3117281774244474;0;8
3614;861.868/2012;1772;0.3116397609007063;0;8
3615;866.932/2011;2776;0.3110957409676537;0;8
3616;860.232/2019;1584;0.31082922596306317;0;8
3617;831.293/2016;1215;0.3107292633597947;0;8
3618;820.988/2014;1056;0.3103715367111669;0;8
3619;880.112/2010;2898;0.3103591535490616;0;8
3620;840.042/2014;4662;0.31027265019776656;0;8
3621;861.154/2014;3064;0.31027203881944154;0;8
3622;872.851/2016;2081;0.3101340979775754;0;8
3623;860.935/2019;3365;0.30956049223784515;0;8
3624;800.807/2012;596;0.3093206642074234;0;8
3625;860.330/2017;3132;0.3091730342413784;0;8
3626;866.955/2020;1937;0.30916460070708396;0;8
3627;848.097/2016;1424;0.3090561890564183;0;8
3628;815.454/1999;4605;0.30896117100261045;1;8
3629;826.588/2010;4844;0.3088560097380302;1;8
3630;826.263/2009;29;0.30876123522176624;0;8
3631;866.292/2012;2673;0.3086510402215455;0;8
3632;826.259/2009;27;0.3085213459894118;0;8
3633;826.262/2009;28;0.3085213459894118;0;8
3634;884.123/2019;2160;0.30842495019836513;0;8
3635;872.771/2016;2076;0.30837228214012935;0;8
3636;872.766/2016;2074;0.3081143451846773;0;8
3637;884.128/2019;2924;0.3080073451455529;0;8
3638;891.550/1994;4709;0.3079439981102222;0;8
3639;826.264/2009;30;0.3077724353140306;0;8
3640;864.128/2015;1820;0.3077291199825613;0;8
3641;860.919/2016;2457;0.30762264899565117;0;8
3642;848.355/2011;1479;0.30751383179487307;0;8
3643;300.256/2020;167;0.3074793805929689;0;8
3644;833.158/2013;1316;0.3071355914924524;0;8
3645;831.794/2003;1244;0.3070053752984681;0;8
3646;832.257/2016;1268;0.3069392209094165;0;8
3647;886.073/2017;2165;0.30664993836974935;0;8
3648;832.371/2009;2519;0.30653790699709776;0;8
3649;860.914/2015;1695;0.30598440086386736;0;8
3650;820.311/1980;988;0.30584697993315707;0;8
3651;896.555/1995;4376;0.3057527796941146;1;8
3652;872.769/2016;2075;0.30568619507904227;0;8
3653;821.216/2014;1066;0.3056791114224376;1;8
3654;886.124/2002;4627;0.3056223515567561;0;8
3655;872.838/2016;2080;0.30542825812359026;0;8
3656;810.897/2016;2988;0.30540245771648866;0;8
3657;830.847/2011;1182;0.30508942890530105;0;8
3658;832.957/2012;1305;0.3048247150364481;0;8
3659;860.722/2015;3477;0.3047312734860873;0;8
3660;861.212/2013;1724;0.3046978746327576;0;8
3661;826.723/2011;4658;0.3041975727997158;0;8
3662;851.297/2017;1539;0.30364690504799463;0;8
3663;872.518/2013;2072;0.30335471474410114;0;8
3664;872.521/2013;2073;0.30335471474410114;0;8
3665;872.336/2011;3117;0.3031726270130168;0;8
3666;850.752/2015;3724;0.30296988133259434;0;8
3667;810.186/1991;2960;0.30287024349696223;0;8
3668;815.945/2010;957;0.302745247740378;0;8
3669;860.991/2012;1703;0.3027254293709412;0;8
3670;833.662/2012;1338;0.3024744344400899;0;8
3671;861.448/2014;1756;0.3024477948267971;0;8
3672;830.690/2016;1172;0.3024410191497672;0;8
3673;896.488/2000;4195;0.3024362330779485;0;8
3674;880.076/2014;3252;0.3021884850982574;0;8
3675;832.626/2010;1288;0.3021711851419326;0;8
3676;820.924/2012;1053;0.3021664685692577;0;8
3677;800.454/2015;543;0.30198320890052843;0;8
3678;860.127/2018;1561;0.30181101446734465;0;8
3679;890.179/2008;4771;0.3016772207359077;1;8
3680;890.327/2015;2192;0.3016650274370833;0;8
3681;872.351/2010;3118;0.30139001320717446;0;8
3682;831.794/2021;3409;0.301090890796469;0;8
3683;831.729/2014;1241;0.3010296235010438;0;8
3684;831.819/2012;4843;0.3008097989218232;0;8
3685;851.988/2013;1541;0.3006227670729903;0;8
3686;830.442/2015;1153;0.3004413508237623;0;8
3687;826.631/2009;33;0.2996117907651304;1;8
3688;873.454/2011;2434;0.2995673192847527;0;8
3689;810.730/2005;2985;0.2995553917190835;0;8
3690;848.207/2011;3277;0.29949843610228594;0;8
3691;890.169/2017;4902;0.29935571221843504;0;8
3692;872.834/2011;2433;0.2992921616142798;0;8
3693;884.091/2020;3278;0.2987101861555834;0;8
3694;810.050/1992;2956;0.2985895233576426;0;8
3695;872.342/2011;2063;0.29841209889600606;0;8
3696;810.892/2011;2987;0.29830172467139626;1;8
3697;851.134/2017;1533;0.29823339579665475;0;8
3698;860.361/2019;3184;0.2980331503068417;0;8
3699;810.185/1991;2959;0.2980136158865685;0;8
3700;896.582/2011;3785;0.29796769382805366;0;8
3701;832.936/2007;2522;0.29783270926091954;0;8
3702;884.174/2021;2926;0.2974495058714376;0;8
3703;840.012/2016;4358;0.2973498005451831;0;8
3704;840.154/2017;1379;0.29726152886869783;0;8
3705;850.120/2015;2600;0.2971597940794777;0;8
3706;833.256/2012;1318;0.2970110121896476;0;8
3707;861.171/2016;3133;0.2969818524574046;0;8
3708;864.167/2014;1827;0.29697956600521025;0;8
3709;832.657/2014;1293;0.2968843096766215;0;8
3710;810.790/2014;3179;0.29637079925480314;0;8
3711;834.039/2011;3461;0.29568652757536046;0;8
3712;866.844/2020;1931;0.2954306594406608;0;8
3713;861.796/2012;4747;0.29518490718873286;0;8
3714;815.234/2002;4612;0.2949091752352028;1;8
3715;861.103/2013;1711;0.29483187212108475;0;8
3716;896.119/1996;4527;0.29434993298199824;0;8
3717;886.300/2016;2936;0.2943010201700815;0;8
3718;850.073/2011;2597;0.2942875778382734;0;8
3719;800.452/2015;542;0.29426499141744783;0;8
3720;851.134/2013;1532;0.2941947561339322;0;8
3721;832.378/2008;1274;0.2936791718708894;0;8
3722;851.135/2013;1534;0.2934449649894042;0;8
3723;896.223/2001;2248;0.2933650455437731;0;8
3724;850.114/2015;2599;0.2929714576887106;0;8
3725;864.075/2016;3088;0.29274472733173046;0;8
3726;830.466/2014;4875;0.2927157293529791;0;8
3727;884.127/2019;3123;0.2926428746309391;0;8
3728;850.791/2015;3725;0.292386635297811;0;8
3729;872.333/2011;2431;0.2920997505121342;0;8
3730;880.154/2014;3150;0.2919801979586443;0;8
3731;864.079/2016;3089;0.2917030606650638;0;8
3732;830.871/2012;1184;0.29143415880431317;0;8
3733;896.109/1999;2235;0.2913129461992791;0;8
3734;820.922/2012;1051;0.29122159347277926;0;8
3735;830.644/2013;2512;0.29084082249487053;0;8
3736;880.057/2016;2896;0.2906469230980783;0;8
3737;871.264/2011;3556;0.290594625679659;0;8
3738;871.712/2018;2473;0.290250636515797;0;8
3739;864.001/2000;1798;0.29012906375257835;0;8
3740;873.595/2009;2892;0.29008095980406556;0;8
3741;851.230/2008;3417;0.28995386409641966;0;8
3742;830.918/1984;1187;0.2897938960994221;0;8
3743;874.112/2011;4638;0.2897401222872742;0;8
3744;850.236/2018;1504;0.289717850277742;0;8
3745;890.010/2011;4745;0.28907092927670636;0;8
3746;834.453/2011;1361;0.28898205865512894;0;8
3747;832.666/2011;2521;0.2887527922440265;0;8
3748;850.607/2017;3723;0.28865047070684685;0;8
3749;831.822/2012;1245;0.28853535885608494;1;8
3750;846.058/2008;3676;0.2885076638071064;0;8
3751;820.291/2001;4789;0.2881200241455313;0;8
3752;860.205/2015;3349;0.2877894169436103;0;8
3753;831.776/2011;2994;0.2875482529701809;0;8
3754;850.302/2009;3308;0.28750743497562736;0;8
3755;820.416/2012;102;0.287370020627994;0;8
3756;830.661/2013;4853;0.2871825274596648;0;8
3757;851.053/2013;1527;0.2870368719653786;0;8
3758;864.199/2015;1832;0.28689174632774433;0;8
3759;850.508/2016;3422;0.28657632368335784;0;8
3760;834.162/2011;3574;0.28583298067988255;0;8
3761;831.087/2011;1198;0.2854877778058383;0;8
3762;872.340/2011;2432;0.2852083763188982;0;8
3763;880.155/2014;2469;0.2846826879509323;1;8
3764;820.032/2001;4900;0.28447399551961006;0;8
3765;864.201/2019;3090;0.28447321206869025;1;8
3766;831.725/2014;1239;0.28433711723219274;0;8
3767;872.394/2016;2067;0.28398518277361695;0;8
3768;884.056/2021;2916;0.2837616388445968;0;8
3769;800.447/2016;2383;0.28341573142277454;0;8
3770;830.189/2016;1142;0.2831959776925321;0;8
3771;830.451/2008;1155;0.2827179674625308;0;8
3772;851.989/2013;1542;0.28256309187492973;0;8
3773;878.123/2007;4166;0.28256019333652765;0;8
3774;840.411/2008;4659;0.28234678967056615;0;8
3775;832.207/2015;1264;0.2821951919318468;0;8
3776;834.038/2011;3460;0.2820400745857697;0;8
3777;880.153/2014;2132;0.281732603608598;1;8
3778;884.126/2019;2161;0.28170923330506126;0;8
3779;861.276/2021;3589;0.2815710783448764;0;8
3780;830.574/1994;4729;0.28148908858670507;0;8
3781;861.556/2014;1765;0.2811821415774714;0;8
3782;850.520/2012;1512;0.28089640862687426;0;8
3783;870.867/2011;2023;0.2808725652604691;0;8
3784;890.390/1998;2198;0.28086294563548375;1;8
3785;803.184/2014;652;0.2808529714205202;0;8
3786;830.600/2013;1164;0.28024960923169634;0;8
3787;890.107/2015;2176;0.2802329814749356;0;8
3788;831.015/2010;1194;0.28017063470392345;1;8
3789;810.024/2009;3801;0.28007982086095407;0;8
3790;833.298/2006;1323;0.27952638508834443;0;8
3791;861.155/2013;3065;0.27935921363777894;0;8
3792;830.800/2018;1178;0.2793091203870389;0;8
3793;831.415/2000;1224;0.27906465533872504;0;8
3794;860.303/2009;3032;0.2790085841366147;0;8
3795;826.408/2013;4834;0.27886227366929506;0;8
3796;826.915/2011;4811;0.2787923507533198;1;8
3797;866.861/2018;3177;0.27869145114885063;0;8
3798;886.441/2007;57;0.2785579162225213;0;8
3799;826.737/2009;3517;0.27848773225073564;0;8
3800;850.108/2015;1498;0.27750244746657265;0;8
3801;880.017/2017;3154;0.2774390349335168;0;8
3802;896.383/2005;77;0.27740357651973824;0;8
3803;851.230/2013;4099;0.27733225284633767;0;8
3804;834.390/1993;3463;0.27717716083628496;0;8
3805;890.641/2006;3565;0.27677793558524977;0;8
3806;866.263/2018;2669;0.2767598762823473;0;8
3807;866.985/2014;2808;0.2765796322703207;0;8
3808;872.478/2016;2070;0.27638690151811046;0;8
3809;872.457/2016;2351;0.27638690151811046;0;8
3810;848.072/2008;3274;0.2763814145736229;0;8
3811;820.086/2006;969;0.27616739170595417;0;8
3812;831.136/2020;1205;0.276158894994887;0;8
3813;884.048/2014;2149;0.2759600245302715;0;8
3814;864.223/2017;3423;0.27589024074298657;0;8
3815;862.105/2013;1780;0.2758031601226032;0;8
3816;806.324/2012;771;0.2757877525829408;0;8
3817;880.091/2019;2897;0.27556740926551426;1;8
3818;832.456/2014;1279;0.27534740160630794;0;8
3819;890.726/2010;2209;0.2752407414112319;0;8
3820;884.122/2019;2159;0.27519960099630575;0;8
3821;850.113/2019;2598;0.27503802052556187;0;8
3822;826.100/2012;25;0.2750263745449125;0;8
3823;872.343/2011;2064;0.27501400145232224;0;8
3824;831.565/2016;1232;0.27488462232612154;0;8
3825;862.311/2011;1785;0.2739746539329765;0;8
3826;830.144/2018;1138;0.2737550048988805;0;8
3827;880.222/2013;3378;0.27365739246590925;1;8
3828;832.995/2013;1306;0.2734359092477418;0;8
3829;831.768/2015;4889;0.27324988187020216;0;8
3830;890.727/2010;2211;0.27276858961890466;0;8
3831;867.233/2017;2878;0.2726834186389115;0;8
3832;820.481/2010;1009;0.2726776078538992;0;8
3833;880.065/2014;2119;0.27259527797444333;0;8
3834;874.227/2011;4751;0.2723647747183137;0;8
3835;846.013/2009;3464;0.2721585574897893;0;8
3836;860.777/2020;1665;0.2721320137671698;0;8
3837;890.263/1994;4764;0.27191260309525733;0;8
3838;830.775/2021;1176;0.271864959232394;0;8
3839;820.165/1998;4651;0.27126654515435045;0;8
3840;833.036/2015;1311;0.2705546233096936;0;8
3841;851.013/2011;3153;0.2704689567868976;0;8
3842;810.178/1988;3587;0.2704089330822237;1;8
3843;811.453/2016;3248;0.27030187763508373;0;8
3844;831.130/2009;1202;0.27025179183301845;0;8
3845;826.071/2002;3496;0.27006141231482106;0;8
3846;834.723/2010;1367;0.2699923641257306;0;8
3847;846.013/1998;4688;0.2698581507615452;1;8
3848;864.290/2014;2425;0.2697342097810248;0;8
3849;850.142/2012;3420;0.26972887229579545;0;8
3850;806.038/2015;735;0.2696485517002956;0;8
3851;851.108/2014;1531;0.269576647356118;0;8
3852;834.880/2008;1369;0.2694789156745231;0;8
3853;870.865/2011;2022;0.26866508478122864;0;8
3854;810.193/2003;4711;0.26863804770270056;0;8
3855;830.270/2007;1146;0.26857666581295503;0;8
3856;870.855/2011;2019;0.2683245088320877;0;8
3857;826.448/2001;4644;0.2682573403493828;0;8
3858;867.081/2019;1945;0.2680359268749264;0;8
3859;833.034/2015;1310;0.26803357737393146;0;8
3860;872.270/2008;2061;0.26792580552423995;0;8
3861;860.309/2016;3033;0.2678128869950824;0;8
3862;850.442/2006;3018;0.2677743950778864;0;8
3863;896.016/2003;2221;0.2671389187817352;0;8
3864;806.325/2012;772;0.2667712638663087;0;8
3865;833.287/2015;1321;0.266755669069463;0;8
3866;864.119/2015;4137;0.26674801891574845;0;8
3867;872.363/2010;4554;0.2667300299752538;0;8
3868;870.331/2007;4614;0.2667103175584096;0;8
3869;864.031/2016;4134;0.2666425959785213;0;8
3870;896.083/1999;97;0.266495378948632;0;8
3871;846.008/2002;4780;0.26647732278935504;0;8
3872;806.122/2015;746;0.26613314701955687;0;8
3873;890.108/2015;2177;0.26597106707003154;0;8
3874;806.326/2012;773;0.2657486370377995;0;8
3875;862.082/2013;3553;0.2652151385288951;0;8
3876;850.597/2018;2618;0.26488299855964453;0;8
3877;831.360/2006;4808;0.2648607401216794;0;8
3878;870.304/2012;1989;0.26436715768524127;0;8
3879;832.741/2011;1299;0.26372182450187653;0;8
3880;861.321/2012;2449;0.26345984865825706;0;8
3881;896.574/2007;4885;0.2634589248948893;0;8
3882;866.861/2016;1933;0.2634299003893104;0;8
3883;850.297/2009;2605;0.26338225999481907;0;8
3884;850.446/2008;3415;0.26329366323055753;0;8
3885;860.552/2014;1636;0.2632573246098216;0;8
3886;851.080/2013;1528;0.2629875746461133;0;8
3887;884.071/2011;2920;0.2629724244071187;0;8
3888;860.853/2010;4732;0.26272180936259104;0;8
3889;831.937/2008;2518;0.26271152953277066;0;8
3890;884.049/2014;3121;0.26264650230465664;0;8
3891;848.015/2015;1413;0.26263291320882226;0;8
3892;850.542/2016;2616;0.26260645025059326;0;8
3893;800.264/2012;513;0.2624969770212203;0;8
3894;890.499/2000;4868;0.26227967674436753;0;8
3895;850.962/2011;1525;0.26216397896009186;0;8
3896;896.086/1999;98;0.26201550777310867;0;8
3897;896.035/2002;72;0.26191329008034364;0;8
3898;831.691/2016;1237;0.26173886678300273;0;8
3899;832.321/2016;1272;0.26167251713828216;0;8
3900;890.460/2004;4872;0.26149462211221614;1;8
3901;831.330/2011;1221;0.2614613019266365;0;8
3902;851.313/2013;3421;0.2613746958489344;0;8
3903;811.284/2011;4463;0.2612988558420627;0;8
3904;810.867/2009;4399;0.2609127222055927;1;8
3905;830.332/2007;1149;0.260679809884603;0;8
3906;810.624/1994;3244;0.26060430418467595;0;8
3907;871.714/2018;3354;0.2604913114732615;0;8
3908;890.249/1994;3562;0.25984841079468585;0;8
3909;867.162/2017;3321;0.25961650541619985;0;8
3910;851.081/2013;1529;0.259591554402267;0;8
3911;850.396/2012;1510;0.2594971103678826;0;8
3912;890.477/2006;4863;0.2594308164729067;0;8
3913;848.123/2017;2407;0.258717735384251;1;8
3914;860.496/2020;3376;0.25864660285171925;0;8
3915;810.623/1994;3245;0.2585204128979636;1;8
3916;810.834/2008;4403;0.2581857935158584;0;8
3917;884.052/2014;2151;0.25778695063714674;0;8
3918;832.059/2013;1256;0.25728344609407955;1;8
3919;830.147/2011;1139;0.2562652414791853;0;8
3920;850.435/2010;3419;0.2556774541184246;0;8
3921;850.138/2018;1499;0.25558160548459324;0;8
3922;832.548/2009;3528;0.2552293190139949;0;8
3923;848.553/2010;1490;0.2550726620814702;0;8
3924;864.125/2015;4316;0.25482419780947424;0;8
3925;861.378/2009;2416;0.2548120027244087;0;8
3926;861.419/2015;3552;0.2545611302088777;0;8
3927;848.005/2010;4736;0.25456100531810333;0;8
3928;896.793/2007;4648;0.25438847658641395;1;8
3929;826.329/1999;4845;0.25429764596815346;1;8
3930;826.741/2011;3579;0.2534280345268267;0;8
3931;896.244/1997;4602;0.25324558632917255;1;8
3932;896.620/2011;4767;0.2532414518517107;0;8
3933;826.510/2006;3510;0.2531794167454664;1;8
3934;810.294/2011;2962;0.2527087904887168;0;8
3935;831.726/2016;1240;0.2523601341598252;1;8
3936;862.163/2011;1781;0.25209351454552037;0;8
3937;830.939/2008;1190;0.25209121847753335;0;8
3938;861.153/2010;1716;0.25206107787635096;0;8
3939;850.365/2010;1506;0.25197313392728954;0;8
3940;830.443/2009;1154;0.2516026678474485;0;8
3941;832.312/2011;43;0.2515584961604568;0;8
3942;831.895/1996;40;0.25147966611500816;0;8
3943;820.941/2014;3490;0.25114606426446245;0;8
3944;890.385/1993;4703;0.2511442996223789;0;8
3945;866.265/2018;2670;0.25103061837922175;0;8
3946;832.185/1994;4710;0.2508572786910283;1;8
3947;855.763/1994;1543;0.25080070020312306;0;8
3948;831.268/2018;4357;0.25060478838679767;0;8
3949;860.569/2014;1640;0.2501104991690304;0;8
3950;870.777/2010;2016;0.24974199349788412;0;8
3951;826.511/2004;3511;0.24970582806252126;0;8
3952;820.728/1997;4654;0.2495013766960332;0;8
3953;826.697/2012;4633;0.24943197470151043;1;8
3954;846.103/2015;2547;0.24937915958068366;1;8
3955;826.789/2011;4836;0.24928879785549332;1;8
3956;884.007/2015;2910;0.24910633368943175;0;8
3957;860.627/2010;1653;0.2490673874988164;0;8
3958;826.315/2013;4774;0.2490381984575443;0;8
3959;880.356/2010;2141;0.24870778510940872;0;8
3960;844.072/2010;4577;0.24866560289916448;0;8
3961;864.234/2012;1842;0.24853164753045276;0;8
3962;850.571/2007;3387;0.2485242403187791;0;8
3963;864.400/2014;1868;0.248442424403314;0;8
3964;831.451/2015;1228;0.24809394309737345;0;8
3965;866.277/2016;1907;0.2479876502640623;0;8
3966;896.238/2012;3125;0.24781299349307417;0;8
3967;832.849/2009;4825;0.2476733405016708;0;8
3968;833.747/2012;1342;0.2476118833287428;0;8
3969;890.266/1993;4776;0.24751175395372388;0;8
3970;833.470/2010;4743;0.2472984916265349;1;8
3971;896.617/2005;4645;0.24709259450575963;1;8
3972;840.672/2012;4876;0.2467313535757502;1;8
3973;832.549/2009;3529;0.2465513174456189;0;8
3974;826.016/2016;3492;0.24634033922645837;0;8
3975;861.427/2015;3073;0.24617885045472224;0;8
3976;864.237/2016;1846;0.24611932242055087;0;8
3977;850.128/2008;3414;0.2455623824108831;0;8
3978;850.017/2012;1494;0.24549290097190418;0;8
3979;830.971/2011;1192;0.2454017797410485;0;8
3980;831.295/2014;4798;0.24522304561259922;0;8
3981;835.452/1994;4833;0.24504983317639117;0;8
3982;861.517/2010;4750;0.24499260000174397;0;8
3983;826.170/2002;3500;0.24497972332986112;0;8
3984;833.712/2012;1339;0.24466049443985388;0;8
3985;833.748/2012;1343;0.24466049443985388;0;8
3986;810.194/2004;2961;0.24446869294132745;0;8
3987;880.091/2013;2125;0.24433421042547634;1;8
3988;870.348/1989;4606;0.24410939290577968;0;8
3989;871.077/2016;2031;0.24402215613081907;0;8
3990;884.006/2015;2909;0.24389898461860043;0;8
3991;878.037/2005;4640;0.24370041487008065;0;8
3992;833.771/2008;1345;0.24369654442560143;0;8
3993;896.322/2000;3571;0.24368093388183487;0;8
3994;832.215/2014;1265;0.24363966603594522;0;8
3995;860.953/2009;1697;0.24354764525799946;0;8
3996;873.518/2011;2087;0.2429109087828209;0;8
3997;884.094/2016;2922;0.24280133525017963;0;8
3998;890.663/2010;3566;0.242553900047985;0;8
3999;880.067/2018;2120;0.24247877790154976;0;8
4000;872.018/2011;2057;0.24241764278955494;0;8
4001;833.324/2010;2523;0.24227709504592643;0;8
4002;851.151/2008;3416;0.2419246982380845;0;8
4003;870.830/2015;4801;0.24170872443971286;0;8
4004;896.678/2011;3126;0.24145967643877525;0;8
4005;810.283/1985;4677;0.24042191704786767;0;8
4006;864.274/2015;3092;0.23984337003527828;0;8
4007;830.032/2009;4465;0.2395745152724338;0;8
4008;886.055/2011;2928;0.23928360087713393;0;8
4009;826.087/2007;24;0.23925660609909896;0;8
4010;890.209/2007;65;0.23902391194961478;0;8
4011;850.426/2006;2612;0.23894918269319312;0;8
4012;820.465/2008;17;0.23879597239402822;0;8
4013;862.554/2011;1787;0.23847667139086895;0;8
4014;832.688/2008;3222;0.23835863641806732;0;8
4015;850.463/2004;2615;0.23830312180298985;0;8
4016;851.019/2011;2626;0.23828537176673842;0;8
4017;810.146/1987;3815;0.23826836856309078;0;8
4018;831.484/2005;1229;0.23785183769789617;0;8
4019;846.014/1998;4689;0.2377341640583689;1;8
4020;831.368/2006;4720;0.23772170314791244;1;8
4021;826.225/2020;3373;0.2375653678053235;0;8
4022;826.072/2002;4721;0.23752586449715046;0;8
4023;802.686/1977;612;0.23751183145676388;0;8
4024;846.170/2012;2558;0.2374595920683543;0;8
4025;890.061/2004;4882;0.2374550390141342;0;8
4026;896.109/2008;3124;0.23730136585958847;0;8
4027;830.815/2008;3522;0.23722410314792405;0;8
4028;860.010/2020;3231;0.23669765934479667;0;8
4029;832.057/1989;4839;0.2365747938674932;0;8
4030;833.290/2012;2951;0.23650495471649668;0;8
4031;880.035/2017;2894;0.2364833340805566;1;8
4032;860.508/2019;1631;0.2364560545671602;0;8
4033;860.509/2019;1632;0.2364560545671602;0;8
4034;860.510/2019;1633;0.2364560545671602;0;8
4035;831.704/2001;1238;0.23627240579982844;0;8
4036;831.550/2016;1230;0.23587210260247424;0;8
4037;806.879/1973;4909;0.23567598310684237;1;8
4038;832.507/2007;1280;0.2354209103287964;0;8
4039;830.635/2014;2511;0.2350538056502274;0;8
4040;851.023/2016;3024;0.23475296715554658;0;8
4041;850.674/2017;2619;0.23471688390129258;0;8
4042;830.202/2003;4829;0.23411694039660122;1;8
4043;820.855/2011;1038;0.23401653608446474;0;8
4044;820.856/2011;1040;0.23401653608446474;0;8
4045;820.858/2011;1041;0.23401653608446474;0;8
4046;890.382/1993;4598;0.23364356183571747;0;8
4047;848.018/2015;4791;0.2336081171447034;0;8
4048;833.630/2012;1337;0.2335182014986402;0;8
4049;826.185/2013;3232;0.2334750319839158;0;8
4050;850.889/2010;1522;0.23342413224592415;0;8
4051;831.466/2004;4713;0.23329680370406536;0;8
4052;840.175/2008;4639;0.23292169414454875;1;8
4053;850.040/2012;3298;0.23223341669617845;0;8
4054;896.543/1998;4766;0.23181916502175984;1;8
4055;886.249/2010;2935;0.23177124852660289;0;8
4056;800.586/2011;567;0.23129200073978998;0;8
4057;851.001/2016;1526;0.23116312036195502;0;8
4058;896.479/2004;4650;0.23064172024362375;0;8
4059;840.575/2010;4642;0.2306259340097275;0;8
4060;890.283/2004;4718;0.23059705884783704;1;8
4061;851.048/2016;3135;0.2303855457830312;0;8
4062;896.575/2009;4655;0.2302631950976371;0;8
4063;846.243/2007;3538;0.23000817094859727;0;8
4064;810.253/1992;4683;0.2299634670789842;0;8
4065;860.454/2006;4919;0.22992142765981696;0;8
4066;860.200/2015;1578;0.2297732981218507;0;8
4067;834.367/2012;1357;0.22962075660167988;1;8
4068;846.089/2006;3597;0.22934253102705826;1;8
4069;896.614/2002;4857;0.229217349484103;0;8
4070;851.039/2011;3726;0.22852361658878226;0;8
4071;850.446/2016;3020;0.22841592142270348;0;8
4072;850.448/2016;3021;0.22841592142270348;0;8
4073;864.360/2014;1867;0.2283909056843144;0;8
4074;833.270/2012;1319;0.22837181073041135;0;8
4075;846.213/2000;3468;0.2282516905987162;0;8
4076;826.717/2015;3516;0.2281326188493255;0;8
4077;861.684/2010;52;0.22812565925811085;0;8
4078;850.731/2016;1519;0.22793915556003022;0;8
4079;896.281/2001;2256;0.22760837056115943;0;8
4080;833.822/2004;4625;0.2274710078238806;0;8
4081;860.376/2016;1611;0.227316120613326;0;8
4082;850.987/2016;2623;0.22712998434449036;0;8
4083;890.388/1993;4600;0.22705201789035076;0;8
4084;890.109/1992;59;0.2269866964492116;0;8
4085;850.453/2016;2613;0.22680561546457143;0;8
4086;826.445/2000;4705;0.2264175003188755;1;8
4087;851.040/2011;3727;0.22640721447238016;0;8
4088;880.549/2008;3427;0.22623602829505182;0;8
4089;896.047/2011;2226;0.2262262495761254;0;8
4090;870.346/2014;2503;0.2261323946247275;0;8
4091;896.013/2000;4591;0.22577087242582042;0;8
4092;896.118/2009;74;0.2257461153347679;0;8
4093;831.082/2010;2515;0.22541018673705607;0;8
4094;850.960/2010;1524;0.22524030475529008;0;8
4095;864.149/2012;1826;0.22511113386338596;0;8
4096;821.085/2010;1059;0.22509632781825403;0;8
4097;831.091/2004;1199;0.22478439680378404;0;8
4098;826.313/1999;3505;0.2246741484474868;0;8
4099;878.133/2009;55;0.22443895195617908;0;8
4100;850.454/2016;2614;0.2244312768402328;0;8
4101;846.216/2011;3003;0.224296353531424;0;8
4102;864.302/2015;1856;0.22414374263998438;0;8
4103;831.297/2008;4904;0.22367571033531164;1;8
4104;815.634/2007;4618;0.22301220018343867;0;8
4105;851.263/2008;1538;0.22288919860212458;0;8
4106;830.488/2008;35;0.2228691541423778;0;8
4107;890.269/1988;96;0.22264191998564686;0;8
4108;830.672/2005;3438;0.22263854681691847;0;8
4109;860.096/2010;1555;0.22246270044452715;0;8
4110;830.415/2013;1152;0.22218920003077733;0;8
4111;864.082/2019;1814;0.22194425574321713;0;8
4112;860.378/2005;3475;0.22193708822637456;0;8
4113;851.266/2008;3418;0.22189562655040046;0;8
4114;846.204/2007;3535;0.22161374172902745;0;8
4115;851.041/2011;3728;0.22153136179955168;0;8
4116;831.135/2007;4734;0.22147577591730352;1;8
4117;870.126/2009;1963;0.22124529330755185;0;8
4118;864.255/2015;1848;0.22106540679620373;0;8
4119;871.981/2003;4656;0.22099085808526545;0;8
4120;860.119/2014;1560;0.22098289202802457;0;8
4121;800.162/1976;502;0.22055676658828394;0;8
4122;860.600/2011;1649;0.2205466915585421;0;8
4123;832.936/2015;1304;0.2201663649120236;0;8
4124;861.458/2016;3219;0.22016321635535477;0;8
4125;848.171/2016;3014;0.22012861702409656;0;8
4126;820.057/2004;4621;0.2200061124933891;1;8
4127;864.222/2014;1836;0.2199149582976717;1;8
4128;826.183/2013;1079;0.21987723551391525;1;8
4129;880.053/2018;2116;0.2198150577997883;0;8
4130;880.054/2018;2117;0.2198150577997883;0;8
4131;850.701/2012;1517;0.21966601163179883;0;8
4132;870.848/2013;3555;0.21932043608254562;0;8
4133;864.018/2017;1800;0.21922966877929084;0;8
4134;834.284/1995;4878;0.2187810536899254;0;8
4135;860.628/2012;1654;0.2187340060396129;0;8
4136;850.782/2017;1521;0.21836250846025188;0;8
4137;820.680/2007;4959;0.21729781528366066;1;8
4138;820.598/2010;4557;0.21721582257738284;0;8
4139;848.269/2015;49;0.21701889072585281;0;8
4140;820.198/2014;14;0.2169882283595317;1;8
4141;815.734/2008;88;0.21657047231855436;0;8
4142;862.067/2013;4784;0.21654656852918422;0;8
4143;826.236/2020;3369;0.216498751977863;0;8
4144;860.408/2009;3039;0.21645758469919024;0;8
4145;860.412/2009;3040;0.21645758469919024;0;8
4146;870.431/2009;3482;0.21629116473857832;0;8
4147;890.167/2017;63;0.21618642933310125;0;8
4148;890.090/1980;3484;0.21605002643485452;0;8
4149;806.076/2007;2954;0.2160168194975918;0;8
4150;868.280/2015;1958;0.21582676490637034;0;8
4151;870.031/1998;4657;0.2157079457460284;1;8
4152;864.263/2015;2475;0.21570169178522922;0;8
4153;864.235/2020;1843;0.21564119066698528;0;8
4154;864.016/2010;1799;0.2156304695979865;0;8
4155;840.133/2014;3578;0.21561142155703242;0;8
4156;866.112/2016;3405;0.21559325640265606;0;8
4157;830.122/2016;1137;0.21548220715721098;0;8
4158;850.059/2011;2595;0.2154477978141255;0;8
4159;848.129/2006;1431;0.21541663252173546;0;8
4160;830.951/2011;2513;0.2153657188835102;0;8
4161;896.196/2009;2245;0.21513250953389323;0;8
4162;866.563/2006;2685;0.21511884299227754;0;8
4163;850.072/2010;2596;0.21469960223779008;0;8
4164;890.383/1993;4599;0.2146639896211592;0;8
4165;860.892/2011;2634;0.21459270549135528;1;8
4166;890.282/2004;4607;0.21458754426093066;1;8
4167;864.093/2020;1818;0.21391915551055238;0;8
4168;850.056/2011;2593;0.21383749185599343;0;8
4169;850.057/2011;2594;0.21383749185599343;0;8
4170;830.825/2017;4888;0.21376830243153225;0;8
4171;860.428/2018;3280;0.2135606323058733;0;8
4172;860.353/2003;1609;0.2135573529420428;0;8
4173;826.514/1995;4687;0.21341276259791464;0;8
4174;896.587/2007;4763;0.21292288566641848;0;8
4175;811.020/2015;3485;0.21292132409345652;0;8
4176;860.766/2005;1664;0.2128147989181629;0;8
4177;834.305/2008;1355;0.2123964287300549;0;8
4178;880.007/2012;2107;0.21179345999747173;0;8
4179;864.171/2019;2355;0.2117740652938135;0;8
4180;861.196/2011;1721;0.21169640831084646;0;8
4181;826.091/2000;4611;0.21156261296303364;0;8
4182;860.528/2014;1635;0.21089249435596027;0;8
4183;850.328/2000;1505;0.21088408247808468;0;8
4184;850.583/2017;1515;0.2107685443365007;0;8
4185;860.016/2019;3341;0.21066852021629845;0;8
4186;860.168/2004;3474;0.2105344218839613;0;8
4187;848.005/2007;4738;0.21049508831252534;0;8
4188;866.602/2017;1920;0.21046850582580726;0;8
4189;820.238/2010;984;0.21046409369759275;0;8
4190;890.203/2005;3560;0.21038731880240483;0;8
4191;864.513/2012;1870;0.2102948250413914;0;8
4192;866.606/2017;1922;0.21009813545543687;0;8
4193;860.669/2010;3476;0.20994424785877852;0;8
4194;830.964/2010;1191;0.20944954358449772;0;8
4195;864.172/2019;2354;0.20925908710238836;0;8
4196;820.642/2007;3489;0.20909945533075167;0;8
4197;815.112/1991;9;0.2088432833891239;0;8
4198;831.537/2003;38;0.20872250590695607;0;8
4199;890.157/1980;62;0.20861503109186777;0;8
4200;851.094/2005;1530;0.20856469703607639;0;8
4201;872.966/2010;2891;0.20854523565667177;0;8
4202;866.603/2017;1921;0.20831856018765837;0;8
4203;864.400/2012;2426;0.2082972022415101;0;8
4204;831.334/2008;3444;0.2081861720341011;0;8
4205;830.271/2002;1147;0.20785539275010984;0;8
4206;826.186/2013;1081;0.20732392474333622;1;8
4207;831.329/2015;4879;0.20724611995442457;0;8
4208;896.425/1996;2267;0.20723918251066145;0;8
4209;800.457/2012;545;0.20700510303956585;0;8
4210;864.040/2019;2302;0.2069503314451827;0;8
4211;850.352/2014;2611;0.20682143420442986;0;8
4212;890.621/2007;4858;0.20654656918664574;0;8
4213;830.098/1995;4622;0.20652785910288726;0;8
4214;830.229/1999;1143;0.20642914817395308;0;8
4215;870.645/2011;2007;0.20642449801261956;0;8
4216;831.388/2012;3586;0.20608695977134947;0;8
4217;850.565/2016;1514;0.2055736790931051;0;8
4218;864.144/2016;1825;0.2053232529186809;0;8
4219;896.425/2001;78;0.20528679816148102;0;8
4220;886.298/2010;4628;0.20504263718533167;0;8
4221;878.125/2007;2099;0.20481876568556473;0;8
4222;860.853/2019;1677;0.20455469120278258;0;8
4223;864.248/2018;1847;0.20443787039049394;1;8
4224;831.421/2011;1225;0.20435504412044775;0;8
4225;870.173/2013;1976;0.2043322851397906;0;8
4226;833.177/2006;4772;0.20413151736236168;0;8
4227;864.027/2015;2454;0.20407674955641003;0;8
4228;834.525/2008;1363;0.20378359128179452;0;8
4229;826.289/2016;3263;0.20330819274974737;0;8
4230;830.994/2006;1193;0.20297819517625706;0;8
4231;860.704/2010;3547;0.20290741612777063;0;8
4232;871.714/2013;3557;0.20244530653056744;0;8
4233;830.108/2011;4906;0.2022539919319593;1;8
4234;811.361/1995;881;0.20190219834237821;0;8
4235;850.317/2007;2607;0.20188603796132848;0;8
4236;861.338/2007;3481;0.20165351727994232;0;8
4237;834.406/2011;3592;0.2016068971642358;0;8
4238;861.151/2011;2638;0.20141410673529084;0;8
4239;884.078/2010;3761;0.20082949921652488;0;8
4240;831.988/2013;1252;0.20080788574797942;0;8
4241;896.495/2002;4604;0.20062534263265597;0;8
4242;833.399/2010;1328;0.20059875042693615;0;8
4243;880.243/2012;3119;0.2005578684755635;1;8
4244;830.841/2005;4623;0.20051067469957778;1;8
4245;884.009/2015;2912;0.2004962932232005;0;8
4246;833.388/2004;1327;0.20008884293374626;0;8
4247;831.925/2013;1250;0.20006867699054842;0;8
4248;810.199/1983;3811;0.1997575859884956;0;8
4249;864.320/2015;3095;0.1996925993438044;0;8
4250;864.034/2018;1802;0.19965999338200002;0;8
4251;864.186/2016;2487;0.19943514576330393;0;8
4252;861.234/2011;3068;0.19938007345922848;0;8
4253;850.563/2016;2617;0.19925361683355677;0;8
4254;891.091/1989;4610;0.1991615859548443;0;8
4255;832.573/2016;1286;0.1989634292316651;0;8
4256;864.058/2018;1808;0.19884749954989986;0;8
4257;810.344/2004;2963;0.19880491124047847;1;8
4258;890.007/1992;2167;0.19845530053384455;0;8
4259;830.974/2010;3441;0.19830148239093495;0;8
4260;810.078/1991;4794;0.19827078211932436;0;8
4261;864.321/2015;1859;0.19807007705149193;0;8
4262;860.430/2009;3041;0.19787210563322383;0;8
4263;808.574/1975;777;0.1978390419513611;0;8
4264;826.184/2013;1080;0.19779607103287186;0;8
4265;864.223/2015;3091;0.1973567182253876;0;8
4266;890.290/2009;66;0.19735341034379536;0;8
4267;866.607/2017;2687;0.19732246063917477;0;8
4268;850.445/2016;3019;0.19694861621880963;0;8
4269;864.045/2017;1805;0.19618775714838646;1;8
4270;846.213/2011;3279;0.19598115191000123;0;8
4271;806.019/2015;731;0.19595023463069067;0;8
4272;864.035/2018;1803;0.19593746945644233;0;8
4273;803.113/2014;642;0.19579437187228943;1;8
4274;831.443/2010;3577;0.19571838445935472;0;8
4275;810.478/2000;4841;0.1957058380381453;1;8
4276;860.985/2015;2363;0.19563451276696403;0;8
4277;830.254/2006;4859;0.19558518555654364;1;8
4278;864.075/2018;1813;0.19541647534082962;0;8
4279;820.680/1998;19;0.1954082706648893;0;8
4280;826.705/2001;3515;0.19540697507274093;0;8
4281;850.084/2018;3424;0.19537594439663053;0;8
4282;850.237/2014;2601;0.195341887928661;0;8
4283;878.059/2006;3483;0.19531498793463728;0;8
4284;831.752/2007;1242;0.1952514671238792;0;8
4285;826.517/2011;3512;0.1950290129251309;0;8
4286;830.168/1989;4692;0.1950244595334565;0;8
4287;832.837/2010;3453;0.19497092722319967;0;8
4288;890.908/1993;4646;0.19494081070604005;1;8
4289;820.869/2011;1042;0.194664528494643;1;8
4290;820.870/2011;1043;0.194664528494643;0;8
4291;804.143/1977;4912;0.19441245109983937;1;8
4292;864.654/2011;1884;0.19424690924964214;0;8
4293;861.729/2011;3227;0.19424665289369145;0;8
4294;860.720/2008;3548;0.19422181137230285;0;8
4295;806.114/2016;745;0.19409794626869384;0;8
4296;820.381/2010;996;0.19380701921914306;0;8
4297;890.008/1992;2168;0.19372443945972748;0;8
4298;860.153/2007;51;0.19352594785195468;0;8
4299;860.882/2008;3479;0.19311375336048625;0;8
4300;864.022/2013;1801;0.192840742601109;0;8
4301;832.445/2012;4855;0.1926708130886394;0;8
4302;890.373/1990;2196;0.19253640936279362;0;8
4303;846.203/2011;3001;0.1923480608108888;0;8
4304;826.541/2013;32;0.19206019346577793;0;8
4305;826.030/2013;3581;0.19195566980108092;0;8
4306;750.201/1942;3182;0.19191932045981971;0;8
4307;864.449/2013;2350;0.19190516580991257;0;8
4308;846.223/2011;3008;0.19177651559757997;0;8
4309;868.087/2015;1954;0.19174695128048475;0;8
4310;820.154/2011;975;0.1916437543043762;0;8
4311;834.273/2011;3575;0.19154574858447546;0;8
4312;896.872/2006;4652;0.19138744845574973;0;8
4313;831.718/2009;3447;0.1910675014312179;0;8
4314;850.902/2007;3413;0.1909153262768888;0;8
4315;860.854/2019;3264;0.19075191655684962;1;8
4316;860.553/2010;3544;0.1905913604658155;0;8
4317;846.043/2006;3465;0.19059126088815698;0;8
4318;846.010/2008;4783;0.1904892653837067;0;8
4319;864.062/2015;1810;0.19046541437143674;0;8
4320;833.456/2006;3457;0.19020693757713197;0;8
4321;815.675/2003;4715;0.18966471316796282;1;8
4322;864.451/2013;2483;0.18966304579060633;0;8
4323;830.235/2016;4880;0.1893291766282209;0;8
4324;820.844/2011;3398;0.18924084796754673;0;8
4325;820.846/2011;3399;0.18924084796754673;0;8
4326;846.217/2011;2561;0.18904098419046886;0;8
4327;846.220/2011;2562;0.18904098419046886;0;8
4328;846.224/2011;2564;0.18904098419046886;0;8
4329;846.228/2011;3009;0.18904098419046886;0;8
4330;815.584/1993;86;0.1889898632649519;0;8
4331;860.112/2019;3583;0.1889111369803518;0;8
4332;850.348/2012;4570;0.18884269021551142;0;8
4333;861.882/2012;3082;0.18883276461563542;0;8
4334;846.004/1996;4765;0.18881888668738966;0;8
4335;861.304/2010;3069;0.1887726069243788;0;8
4336;846.215/2011;3002;0.18846943897716004;0;8
4337;846.218/2011;3004;0.18846943897716004;0;8
4338;846.219/2011;3005;0.18846943897716004;0;8
4339;846.221/2011;3006;0.18846943897716004;0;8
4340;846.222/2011;3007;0.18846943897716004;0;8
4341;846.229/2011;3010;0.18846943897716004;0;8
4342;802.527/1977;3812;0.18826272843956177;1;8
4343;866.532/2015;1917;0.18811413886425551;0;8
4344;872.923/2011;2082;0.18797086502965688;0;8
4345;866.127/2006;54;0.18783220303494338;0;8
4346;886.232/2013;2934;0.1877294108465521;0;8
4347;815.086/2007;4609;0.18766306384251863;1;8
4348;815.624/2005;87;0.18754838124496745;0;8
4349;800.691/1972;4582;0.18730530941192483;0;8
4350;890.300/1987;67;0.18726463602462534;0;8
4351;864.191/2018;2463;0.18709382580682576;0;8
4352;801.071/1976;606;0.1870538185586875;0;8
4353;820.059/2009;4637;0.18698280538606527;0;8
4354;826.592/2006;1119;0.18669773637973003;0;8
4355;864.455/2021;1869;0.18669209547875146;0;8
4356;866.531/2015;1916;0.1864879084234189;0;8
4357;806.016/2014;728;0.18635641018437946;0;8
4358;806.018/2014;730;0.18635641018437946;0;8
4359;826.753/2005;3518;0.18616935147974695;1;8
4360;832.630/2008;3530;0.18602746392833175;1;8
4361;864.185/2021;1829;0.18584851506184102;1;8
4362;820.171/1997;13;0.18582778118113508;0;8
4363;861.124/2015;3061;0.18503509113154581;0;8
4364;896.458/2005;4908;0.18495820433646917;0;8
4365;830.709/2005;1173;0.1849528375319746;0;8
4366;848.126/2006;48;0.18482170768207243;1;8
4367;836.166/1993;4694;0.18450970326885097;0;8
4368;830.349/2009;3584;0.1844891508798353;0;8
4369;896.667/2003;2945;0.18432426984331163;0;8
4370;846.185/2007;3467;0.18414056237239457;0;8
4371;833.482/2010;4887;0.18403876891545792;0;8
4372;890.073/1989;4690;0.183830166121342;0;8
4373;864.215/2014;1833;0.1836626017077972;0;8
4374;846.018/2007;1404;0.1830483652391682;0;8
4375;832.793/2003;4886;0.1830471648999329;0;8
4376;864.174/2016;1828;0.18244987149143188;0;8
4377;832.026/1985;41;0.1822013651576468;1;8
4378;864.160/2011;3163;0.1819893216422564;0;8
4379;846.083/2009;2544;0.18198157188287575;0;8
4380;800.962/1972;3929;0.18193888024083374;0;8
4381;830.529/1987;4807;0.18193232033987755;0;8
4382;832.063/2014;4862;0.18137991528133254;0;8
4383;833.930/2013;3531;0.18137716956181424;0;8
4384;814.553/1974;4768;0.1809204594545864;0;8
4385;896.454/2002;2268;0.18068158378705312;0;8
4386;860.613/2010;1651;0.18041904443487541;0;8
4387;890.153/2009;61;0.18033457839034964;0;8
4388;860.607/2010;4630;0.1801679833278522;1;8
4389;826.128/2017;3498;0.18008103218007188;0;8
4390;896.658/2008;3791;0.17987437651896312;0;8
4391;826.037/2001;3493;0.17949847086900028;1;8
4392;832.347/2005;4661;0.17909088346737706;0;8
4393;860.428/2000;3543;0.17899646020540846;0;8
4394;834.290/2008;3462;0.17881521831734293;0;8
4395;864.399/2012;3096;0.17840529177455614;0;8
4396;820.454/2001;4021;0.178191157168772;0;8
4397;864.222/2013;1835;0.17800695563353758;0;8
4398;890.174/1988;4698;0.17790879161056072;0;8
4399;864.064/2019;1811;0.17776209912069366;0;8
4400;873.293/2007;3168;0.1777180527247744;0;8
4401;871.309/2011;3114;0.17755552463456048;0;8
4402;815.658/2005;4737;0.17747514662541997;0;8
4403;860.484/2019;1629;0.17746129299170288;0;8
4404;871.592/2008;3167;0.17745565307200256;0;8
4405;861.046/2017;3593;0.17744907731313214;0;8
4406;826.199/2009;3502;0.17729435630556017;0;8
4407;860.804/2016;3049;0.17722568184801993;0;8
4408;890.101/1994;3558;0.1770233303055461;0;8
4409;830.637/1999;4706;0.17681256887837082;0;8
4410;871.313/2011;3115;0.17671888442292025;0;8
4411;806.017/2014;729;0.1765056110293451;0;8
4412;866.758/2016;1929;0.17649212524478305;0;8
4413;826.433/2003;3509;0.1761566093114644;0;8
4414;896.005/1998;2443;0.17614792054734676;0;8
4415;864.220/2013;2320;0.17610273990987743;0;8
4416;846.028/2002;3533;0.17544909088410915;0;8
4417;864.442/2013;3097;0.17534832662036876;0;8
4418;890.937/2012;71;0.1751556589237142;0;8
4419;880.111/2012;2128;0.17487968335856968;0;8
4420;831.372/2009;3585;0.17471979525036535;1;8
4421;815.067/2007;8;0.1746480919598493;0;8
4422;864.085/2019;1815;0.17457377168823984;0;8
4423;864.137/2019;1824;0.17451488628143685;0;8
4424;826.361/2010;3508;0.17447373703136806;0;8
4425;850.987/2011;3214;0.17422450574408155;0;8
4426;810.432/1981;814;0.17421996816964105;0;8
4427;862.175/2005;3554;0.17417223106886298;0;8
4428;866.155/2015;2666;0.17397072265507904;0;8
4429;872.382/2006;4318;0.17394793215103024;0;8
4430;864.622/2007;1881;0.17372766443211185;1;8
4431;830.528/1987;4877;0.17366248553605648;0;8
4432;820.757/2006;20;0.17361799459800506;0;8
4433;806.220/2007;757;0.17343072240329566;1;8
4434;830.419/1987;4684;0.17280745113131818;0;8
4435;820.714/2002;4749;0.17265774036910103;0;8
4436;831.018/2011;1195;0.1726289829490644;0;8
4437;890.173/1988;4696;0.17257753362844067;0;8
4438;831.498/2003;4809;0.17234437237548367;0;8
4439;864.296/2016;1855;0.17228941580312934;0;8
4440;815.331/2006;82;0.17219006524956107;0;8
4441;866.066/2017;3293;0.17216740132152444;0;8
4442;866.072/2017;3311;0.17216740132152444;0;8
4443;806.283/2007;768;0.17213852968079602;0;8
4444;850.285/2005;2604;0.171942033563272;0;8
4445;864.218/2021;3196;0.1718248458779666;0;8
4446;840.167/1990;4678;0.17181545941994944;0;8
4447;831.560/2012;3446;0.1717055577162552;0;8
4448;840.177/1983;4716;0.17168003290598166;0;8
4449;866.070/2017;3310;0.171404874088409;0;8
4450;890.293/2012;2188;0.1713437138965669;0;8
4451;826.038/1998;22;0.17101397735523732;0;8
4452;860.797/2011;3549;0.1705864218646435;0;8
4453;830.421/1980;4585;0.17041038866960115;0;8
4454;820.188/2010;4762;0.1702205833741182;0;8
4455;864.216/2016;1834;0.1698293910041946;0;8
4456;890.427/1985;2203;0.1695501221626281;0;8
4457;864.097/2017;1819;0.1694336341063042;1;8
4458;834.214/2010;1353;0.16930360976355394;1;8
4459;861.145/2015;3580;0.1689516120452642;0;8
4460;834.323/2008;4616;0.16874655363774937;0;8
4461;864.745/2011;1885;0.16855798044644638;0;8
4462;864.230/2016;2325;0.16851727618372564;0;8
4463;866.048/2017;3309;0.16847013670772218;0;8
4464;860.241/2014;3541;0.168081796657922;0;8
4465;890.371/1989;4850;0.167940632532307;0;8
4466;873.702/2007;3169;0.16787981737439753;0;8
4467;831.347/2005;3445;0.16764992749339924;0;8
4468;896.551/2001;4707;0.16742489538185606;0;8
4469;827.067/2013;2993;0.1673639981637715;0;8
4470;860.869/2014;3478;0.1673202681716288;1;8
4471;862.208/2007;1783;0.16726412513021197;0;8
4472;864.638/2011;1882;0.16720910971233355;0;8
4473;896.048/1998;73;0.16682808985386485;0;8
4474;873.161/2006;2084;0.16663115907381237;0;8
4475;896.275/2005;4804;0.16651260995110745;1;8
4476;890.175/1988;4701;0.16637355927936873;0;8
4477;826.867/2016;4869;0.16633887454424628;0;8
4478;830.108/2004;1135;0.16628173344797173;0;8
4479;831.199/2002;4748;0.16560888681702057;1;8
4480;890.129/2001;4592;0.1654951577111829;0;8
4481;802.536/1977;611;0.16491235343487215;0;8
4482;860.358/2018;3542;0.16491028667790206;0;8
4483;860.216/2015;3031;0.16454265516793898;0;8
4484;850.853/2017;2620;0.16449485611468567;0;8
4485;826.336/2000;3507;0.16433624061833293;0;8
4486;890.197/1999;4903;0.16428129937982494;0;8
4487;832.331/2008;3526;0.16417217845481077;0;8
4488;873.006/2005;94;0.16397765953915855;0;8
4489;873.014/2005;95;0.16397765953915855;0;8
4490;848.211/2015;3473;0.16396393075002472;0;8
4491;820.209/2017;982;0.1639618002676038;0;8
4492;831.239/2009;3576;0.16389210537153495;0;8
4493;864.611/2008;1878;0.16386420366996224;0;8
4494;866.462/2008;2677;0.1638578065806693;0;8
4495;866.467/2012;1913;0.16371213252543737;0;8
4496;866.083/2019;3429;0.1636356913863375;1;8
4497;806.216/2009;753;0.16362594256536828;0;8
4498;806.220/2009;758;0.16347863616806188;0;8
4499;896.483/2003;4722;0.16343074030444524;0;8
4500;864.264/2015;1852;0.16298707436452387;0;8
4501;860.112/2015;2362;0.16295157132412108;0;8
4502;896.545/2001;79;0.16295119239380312;0;8
4503;832.982/2007;4725;0.1629309240924398;1;8
4504;860.848/2015;3550;0.16272481066727368;1;8
4505;846.010/2011;3532;0.16263886829520752;0;8
4506;861.794/2007;3204;0.1625289422611864;0;8
4507;861.283/2016;3327;0.16237006049205815;0;8
4508;861.285/2016;3328;0.16237006049205815;0;8
4509;861.279/2016;3187;0.1623397574617551;0;8
4510;834.697/2007;1366;0.16225551726443532;0;8
4511;810.616/2018;2979;0.16218704516684324;1;8
4512;810.624/2018;2980;0.16218704516684324;1;8
4513;810.628/2018;2982;0.16218704516684324;1;8
4514;810.629/2018;2983;0.16218704516684324;1;8
4515;864.231/2013;1840;0.16216755849219613;0;8
4516;830.009/2006;4806;0.16184932044166023;0;8
4517;831.925/1990;4681;0.161771821705304;0;8
4518;870.412/1986;3164;0.16147248167745126;0;8
4519;820.944/1998;4665;0.16110537151096985;0;8
4520;831.211/2008;37;0.16107974467688277;0;8
4521;810.039/1991;4907;0.16086703591792145;1;8
4522;832.983/2007;4726;0.16077168389587299;0;8
4523;860.240/2014;3540;0.16070519460958388;0;8
4524;821.024/2010;21;0.16058318521789094;0;8
4525;866.921/2016;3106;0.16038071956302635;0;8
4526;860.781/2017;1666;0.16012210859628787;1;8
4527;820.195/2017;979;0.16006532246396912;1;8
4528;831.712/2015;4870;0.15985087745796087;0;8
4529;861.405/2009;1748;0.1598101854498323;0;8
4530;833.631/2007;3459;0.15975357950336982;0;8
4531;866.082/2019;3430;0.15960320339113943;1;8
4532;871.016/2003;2488;0.15948856027966715;0;8
4533;871.019/2003;2490;0.1594146247600402;0;8
4534;871.023/2003;2493;0.1594146247600402;0;8
4535;871.018/2003;2489;0.15940686093326192;0;8
4536;871.024/2003;2494;0.15940686093326192;0;8
4537;871.025/2003;2495;0.15940686093326192;0;8
4538;871.027/2003;2496;0.15940686093326192;0;8
4539;890.449/1992;4589;0.15937746497368588;0;8
4540;864.053/2016;1806;0.1590104085189151;0;8
4541;890.170/1988;4697;0.15898348918277305;0;8
4542;826.219/2000;26;0.1588083534254937;0;8
4543;846.327/2002;3472;0.158718007483038;0;8
4544;820.243/2008;4899;0.1586392513055119;1;8
4545;861.204/2014;3480;0.15859663567970927;1;8
4546;830.886/2009;4742;0.1585333062206716;0;8
4547;861.279/2012;1735;0.15823688645199555;0;8
4548;864.026/2001;53;0.1579674175415333;0;8
4549;810.627/2018;2981;0.15792341241542018;1;8
4550;832.052/2006;3178;0.1578504296224319;0;8
4551;890.450/1989;2205;0.15783752094590753;0;8
4552;815.686/2006;3487;0.15783636731840997;0;8
4553;860.894/2002;2635;0.1578334770430933;0;8
4554;861.394/2009;3072;0.15781718940990447;0;8
4555;831.582/2005;39;0.15780918593653545;0;8
4556;815.256/2011;83;0.1577643170555199;0;8
4557;871.762/2008;3275;0.15761958473782162;0;8
4558;831.745/2005;4620;0.1575579644314126;1;8
4559;846.242/2002;3470;0.1574552638577499;0;8
4560;890.177/1988;4699;0.15732384681743025;0;8
4561;862.093/2007;3261;0.15709452016155512;0;8
4562;846.326/2002;3471;0.15694660699906948;0;8
4563;850.748/2017;1520;0.1568376766464809;0;8
4564;830.008/1989;4894;0.1567256689682475;0;8
4565;826.199/2000;3501;0.15659752965376206;0;8
4566;833.629/2011;3458;0.15644624018161;0;8
4567;896.648/2011;2944;0.1564116740260803;0;8
4568;866.081/2019;3431;0.15638115576548767;0;8
4569;896.162/2000;4799;0.1562462024468269;1;8
4570;830.273/1999;3436;0.15600184123635932;0;8
4571;815.146/2007;10;0.15594560515130193;0;8
4572;860.663/2016;1656;0.15574605569785266;0;8
4573;864.041/2016;1804;0.15560583590130148;0;8
4574;860.046/2017;1551;0.15505038228948784;0;8
4575;831.958/1999;4852;0.1550418879070967;0;8
4576;871.021/2003;2491;0.1550286500457497;0;8
4577;871.022/2003;2492;0.1550286500457497;0;8
4578;848.283/1999;50;0.15499598122342736;0;8
4579;830.557/2011;1163;0.15488481395982528;0;8
4580;880.308/1994;2140;0.15487816321290537;0;8
4581;820.329/2009;16;0.154819981222119;0;8
4582;870.072/1978;4672;0.15480627559143798;0;8
4583;830.768/1982;4724;0.15471831082312912;1;8
4584;831.313/2015;4881;0.1544335698864529;0;8
4585;826.094/2004;3497;0.15423507370092623;0;8
4586;832.821/2004;1301;0.15382360172721585;0;8
4587;840.207/2010;45;0.1537040065973504;0;8
4588;890.328/2010;68;0.15362626063970705;0;8
4589;860.881/2016;1687;0.1535978505963069;0;8
4590;862.272/2011;4830;0.15322875993363652;0;8
4591;833.112/2011;3455;0.15317779315668217;0;8
4592;826.272/2016;4800;0.15303589969339998;0;8
4593;826.046/2009;23;0.15259815592219295;0;8
4594;832.128/2005;42;0.1525326187831545;0;8
4595;860.605/2014;3546;0.15237600054582498;1;8
4596;810.550/2008;3234;0.15224722347699013;0;8
4597;861.602/2013;1767;0.15223906060262793;0;8
4598;803.127/1975;643;0.1521555665994665;0;8
4599;830.867/2015;4874;0.15212182468984667;0;8
4600;830.636/1988;4691;0.15206221981874873;1;8
4601;861.125/2015;3062;0.1519029369788248;0;8
4602;826.779/2013;34;0.15167806443486936;0;8
4603;890.280/2004;4717;0.15138840952152338;0;8
4604;864.831/2008;1888;0.151264247083589;1;8
4605;830.158/1985;4695;0.15097773203953835;0;8
4606;835.022/2011;2506;0.15090012604563666;0;8
4607;831.341/2001;3524;0.15072601498569083;0;8
4608;846.211/2003;3536;0.15051014954481443;0;8
4609;860.235/2011;3388;0.15046867938850347;0;8
4610;846.024/2001;4781;0.1504425115851799;0;8
4611;860.785/2013;1669;0.15024270973715437;0;8
4612;835.212/1993;4693;0.1502039477327213;0;8
4613;760.107/1996;3432;0.15011474140603195;0;8
4614;890.371/2012;2195;0.15004321774042337;0;8
4615;896.133/1999;4704;0.15000221624021662;0;8
4616;830.571/1986;4586;0.14986405597913488;0;8
4617;860.923/2009;2502;0.1497413484083049;0;8
4618;860.206/2013;1579;0.14957689420609596;0;8
4619;860.199/2015;3029;0.14901434238658823;0;8
4620;864.059/2013;1809;0.14900467877248552;0;8
4621;880.047/2011;2114;0.14850573414225937;0;8
4622;864.306/2008;1857;0.1484739595971544;0;8
4623;867.180/2010;1947;0.14843007427903235;0;8
4624;830.523/2017;1161;0.14834925817187838;0;8
4625;860.207/2013;1580;0.1481461992971402;0;8
4626;831.714/2015;4871;0.14734011722960735;0;8
4627;848.253/2016;3212;0.14713003375465256;0;8
4628;864.615/2008;1879;0.14687796792933255;0;8
4629;850.748/1996;3251;0.14661634160313886;0;8
4630;848.081/2017;3011;0.14661533827292764;0;8
4631;864.186/2006;1830;0.14650510216430623;0;8
4632;890.253/1991;4660;0.14640095465979255;0;8
4633;831.985/1988;4608;0.14619077802169492;1;8
4634;830.520/2017;1160;0.1458982777797215;0;8
4635;861.259/2010;1732;0.14571818770348857;1;8
4636;884.037/2010;2914;0.14557860002359674;0;8
4637;864.051/2018;3160;0.14532925573803707;0;8
4638;864.261/2015;1851;0.14519476607330495;0;8
4639;861.494/2011;1758;0.14468879155242106;0;8
4640;826.062/2014;4802;0.14427787858115387;0;8
4641;864.063/2018;3161;0.14384881547427947;0;8
4642;864.257/2013;1849;0.14382808351680104;0;8
4643;864.258/2013;1850;0.14382808351680104;0;8
4644;864.269/2013;1853;0.14382808351680104;0;8
4645;864.277/2013;1854;0.14382808351680104;0;8
4646;830.882/2017;1186;0.14310887124679297;0;8
4647;861.123/2015;3060;0.14262675855477033;1;8
4648;821.665/1999;4601;0.14243084468950748;1;8
4649;864.783/2011;1886;0.1417552136528944;0;8
4650;866.065/2017;2648;0.14162130818285798;0;8
4651;896.661/2001;4708;0.14127750805258013;1;8
4652;830.730/2009;3521;0.14112749410225248;0;8
4653;864.805/2008;1887;0.14111074534998877;0;8
4654;860.057/2016;3396;0.1409789326814849;0;8
4655;832.705/2016;1296;0.1408534344820015;0;8
4656;860.933/2012;3323;0.1408315241171349;0;8
4657;831.544/2012;2517;0.14034936083753544;0;8
4658;864.131/2013;1821;0.14014730551970175;0;8
4659;864.132/2013;1823;0.14014730551970175;0;8
4660;810.436/2015;6;0.14005272191054247;0;8
4661;832.701/2016;1295;0.13999068938396225;0;8
4662;806.221/2009;759;0.1398808134665216;0;8
4663;850.223/1988;1503;0.13958577276395265;0;8
4664;831.024/1988;4775;0.13957662378473198;0;8
4665;866.514/2018;3320;0.13939871847791552;1;8
4666;860.555/2012;3260;0.13920313037862198;0;8
4667;866.224/2016;1903;0.1391017826416439;0;8
4668;803.079/2007;634;0.13879008743049526;0;8
4669;832.432/2007;4849;0.1386733917534922;0;8
4670;826.270/2000;3504;0.13865233350980563;0;8
4671;860.611/2016;1650;0.13861818627769126;0;8
4672;864.088/2017;1816;0.1385920066542139;1;8
4673;864.089/2017;1817;0.1385920066542139;0;8
4674;821.201/2001;4626;0.13808024088082713;0;8
4675;860.904/2014;3053;0.13767407223927397;0;8
4676;846.224/2007;3537;0.13766096109685805;0;8
4677;864.132/1999;1822;0.1374856466887308;0;8
4678;830.519/2017;1159;0.13743522009287867;0;8
4679;833.175/2003;3456;0.13738700656140138;0;8
4680;864.222/2015;2301;0.13715055784115077;1;8
4681;861.301/2010;1739;0.13709850964065143;0;8
4682;826.591/2013;3514;0.13621873835422493;0;8
4683;896.312/2002;75;0.13619839801793263;0;8
4684;864.055/2014;2424;0.13591331271990092;0;8
4685;867.099/2017;3307;0.13586740127385263;1;8
4686;896.685/2005;80;0.13561944599792172;0;8
4687;864.536/2006;1874;0.13521544956607628;0;8
4688;831.114/2014;3443;0.13475841900188654;0;8
4689;862.905/2011;1793;0.1346114722633142;0;8
4690;862.909/2011;1795;0.1346114722633142;0;8
4691;832.510/2005;3451;0.13434595229423418;0;8
4692;890.363/2009;69;0.13429438189186185;0;8
4693;810.333/1980;4584;0.13393733688761228;1;8
4694;864.919/2008;2319;0.13367931255231863;0;8
4695;886.222/2012;2933;0.13357323495126483;0;8
4696;873.194/2006;2504;0.13343716469657976;0;8
4697;851.257/2008;1536;0.13305580184426485;0;8
4698;810.005/2016;3254;0.13284500569091076;1;8
4699;807.026/1977;4671;0.13279468067004035;0;8
4700;896.127/2003;4647;0.13271986239702666;0;8
4701;864.920/2008;1890;0.13238369427958363;0;8
4702;830.754/2008;3439;0.13223524156055397;0;8
4703;860.244/2016;1587;0.13207162581873408;0;8
4704;832.895/2006;44;0.13196180846038785;0;8
4705;890.133/2008;4744;0.13193066745906762;0;8
4706;884.008/2015;2911;0.13177752756668515;0;8
4707;840.074/1992;4761;0.13070728333119647;0;8
4708;864.232/2012;1841;0.13052002006986013;0;8
4709;821.382/2013;4860;0.13022512063946867;0;8
4710;830.191/2006;3520;0.13006269560484032;0;8
4711;830.328/2012;2501;0.12877988644667354;0;8
4712;833.617/2007;1336;0.12875165726538665;0;8
4713;820.671/2008;4891;0.12868439112916327;0;8
4714;851.259/2008;1537;0.1285113024047319;0;8
4715;890.580/1987;4636;0.12750582109736833;1;8
4716;846.221/2014;2563;0.12716911077848275;0;8
4717;800.936/1976;3486;0.12716085629109194;0;8
4718;890.118/1989;60;0.12668875999158566;0;8
4719;864.918/2008;1889;0.1260795579276939;0;8
4720;826.147/2000;3499;0.1254278896081467;1;8
4721;826.431/2013;1099;0.12539329757062925;0;8
4722;832.400/2007;3527;0.1248027473573882;0;8
4723;860.740/2009;1660;0.12433906860740393;0;8
4724;867.117/2017;3107;0.12426946634336107;0;8
4725;833.663/1993;4905;0.12410530552576357;0;8
4726;834.671/2011;2996;0.12377943383341522;0;8
4727;830.030/2002;4641;0.12344360943401093;0;8
4728;867.122/2017;3108;0.12340634677557083;0;8
4729;860.145/2017;1565;0.12333490653345665;1;8
4730;864.528/2011;1872;0.12308971746090214;0;8
4731;867.208/2017;3109;0.12296258654674094;0;8
4732;803.032/2013;620;0.12240157031146423;1;8
4733;803.033/2013;621;0.12240157031146423;0;8
4734;803.034/2013;622;0.12240157031146423;0;8
4735;803.035/2013;623;0.12240157031146423;0;8
4736;803.039/2013;626;0.12240157031146423;0;8
4737;866.261/2018;2667;0.12236356401745224;0;8
4738;866.266/2018;2671;0.12236356401745224;0;8
4739;866.268/2018;2672;0.12236356401745224;0;8
4740;860.574/2010;3045;0.1222443986175653;0;8
4741;861.861/2010;1771;0.1220328051777597;0;8
4742;861.072/2015;1706;0.12163444570838423;0;8
4743;850.375/2015;1507;0.12099023327908233;0;8
4744;864.195/2019;1831;0.12056720045757646;1;8
4745;831.710/2012;3525;0.12032109361630386;0;8
4746;830.853/2009;3440;0.12023896192672605;0;8
4747;890.197/1989;4594;0.12021699681057553;0;8
4748;862.845/2011;1791;0.1201556816973754;0;8
4749;861.029/2012;2365;0.11978541153543855;0;8
4750;861.621/2012;1768;0.11945549902044852;0;8
4751;890.169/1992;4617;0.11860513407955232;0;8
4752;850.982/2011;2622;0.11859244427236276;0;8
4753;830.001/1993;4588;0.1184927738499819;0;8
4754;826.004/1992;4679;0.11814091130610442;1;8
4755;866.223/2016;1902;0.11791911789871576;0;8
4756;866.225/2016;1904;0.11791911789871576;0;8
4757;861.497/2014;1759;0.1178823389954063;0;8
4758;830.408/2010;3651;0.117696804103028;0;8
4759;860.576/2018;1643;0.11752947075304868;0;8
4760;830.212/2001;3596;0.11737812182574918;0;8
4761;826.295/1995;31;0.11686427713520443;0;8
4762;848.022/2004;47;0.11662084599345578;0;8
4763;864.224/2013;1838;0.11655059612460449;0;8
4764;866.052/2018;3389;0.11643362876695236;0;8
4765;830.982/2000;3442;0.11551282792904455;0;8
4766;886.047/2010;81;0.11518409279321745;0;8
4767;830.280/2005;1148;0.11477031329395095;1;8
4768;871.698/2010;3180;0.11467854848735447;0;8
4769;861.169/2009;3066;0.11441029420064996;0;8
4770;866.264/2018;1906;0.11412279995682538;0;8
4771;860.065/2012;3200;0.11364028337534801;0;8
4772;840.136/1991;4593;0.11362696808153991;0;8
4773;864.223/2013;1837;0.1135751300854936;0;8
4774;870.923/1988;91;0.113505528999372;0;8
4775;820.313/2002;4760;0.1132518199114116;1;8
4776;862.912/2011;1796;0.11313704480826779;0;8
4777;862.908/2011;1794;0.11306766328943446;0;8
4778;815.495/2010;4635;0.11297732297006906;0;8
4779;826.265/2017;1087;0.11289715239201088;0;8
4780;810.083/2008;2957;0.11283379476789449;1;8
4781;834.099/2010;2498;0.11267447190738647;0;8
4782;803.176/2008;649;0.11260413931196739;0;8
4783;815.043/2013;4746;0.11212925600326239;0;8
4784;806.012/2008;727;0.11131493157695395;0;8
4785;860.133/2017;2364;0.11051379921975063;0;8
4786;880.478/2011;2903;0.11044554074166872;0;8
4787;861.707/2013;3195;0.11004473911620126;0;8
4788;890.181/1981;4613;0.10964322968928807;0;8
4789;861.152/2015;3063;0.10941192309642567;0;8
4790;831.000/2000;3523;0.1092905109132189;1;8
4791;830.438/1999;3437;0.10912828507176377;0;8
4792;890.189/2003;64;0.10833385221211413;0;8
4793;860.445/2018;1620;0.10690051621228326;0;8
4794;896.084/2007;2232;0.10655433298366179;0;8
4795;806.234/2012;763;0.10647170352035978;0;8
4796;864.544/2005;1875;0.10618798059858353;0;8
4797;861.281/2016;1736;0.10613925868742716;1;8
4798;840.073/1983;4673;0.10588641848974015;0;8
4799;850.258/2009;2602;0.10529253503256368;0;8
4800;846.079/1994;4727;0.1049618631414526;0;8
4801;806.218/2009;755;0.10395700987902089;1;8
4802;806.217/2009;754;0.10351256543457643;0;8
4803;806.219/2009;756;0.10351256543457643;0;8
4804;806.222/2009;760;0.10351256543457643;0;8
4805;861.997/2013;3199;0.10308110398613493;0;8
4806;806.282/2007;767;0.10307758628431589;0;8
4807;850.544/2007;3022;0.10298355537901856;0;8
4808;804.514/1975;4667;0.1027174053621652;0;8
4809;844.012/2013;1394;0.10268923303767777;1;8
4810;844.093/2013;1398;0.10268923303767777;0;8
4811;896.449/1998;4731;0.10219619188385515;0;8
4812;846.064/2003;3466;0.10182075787583912;0;8
4813;862.913/2011;3207;0.10113569256947552;0;8
4814;862.907/2011;3208;0.10113569256947552;0;8
4815;801.453/1976;3433;0.1008314215094801;0;8
4816;864.236/2010;1844;0.10072608122658407;0;8
4817;864.237/2010;1845;0.10072608122658407;0;8
4818;832.077/2003;4619;0.10044741037206406;0;8
4819;860.377/2012;1612;0.10037482712730153;0;8
4820;861.264/2012;1733;0.09988451888206548;0;8
4821;864.067/2010;1812;0.09960816478118122;0;8
4822;864.055/2010;1807;0.09959241550958502;0;8
4823;862.575/2011;1788;0.09920702619400432;0;8
4824;826.070/1999;3495;0.09918894711029791;0;8
4825;830.551/1980;4897;0.09896110866968155;0;8
4826;861.164/2012;1719;0.09871974451793436;0;8
4827;801.020/2010;85;0.09822819757326276;0;8
4828;861.870/2010;1774;0.09768302607334702;0;8
4829;860.951/2012;3055;0.09741743351080867;0;8
4830;872.245/1996;92;0.09614289705530196;0;8
4831;890.464/1988;4685;0.09581785305723572;1;8
4832;867.407/2017;2880;0.09554740748088555;1;8
4833;864.310/2016;1858;0.0952438134138562;0;8
4834;806.091/1975;4893;0.09481774859071658;1;8
4835;831.661/2002;1236;0.09475730815043908;0;8
4836;815.996/1973;4838;0.09420273925980258;0;8
4837;810.225/2003;5;0.09403218298440354;0;8
4838;871.590/2008;2889;0.09384976153958163;0;8
4839;861.883/2010;1775;0.09318652528645108;0;8
4840;850.222/2002;1502;0.09309728398322269;0;8
4841;830.880/1993;36;0.09299798039918539;0;8
4842;846.229/2003;3469;0.09298059985466085;0;8
4843;815.177/1999;4590;0.09293013284319497;0;8
4844;861.869/2010;1773;0.09249438021366538;0;8
4845;872.246/1996;93;0.09244469071862454;0;8
4846;810.480/2016;3434;0.09238890726365742;0;8
4847;860.245/2016;1588;0.09221322287440609;0;8
4848;844.112/2014;1401;0.091593070596952;0;8
4849;860.856/2012;1678;0.09147883159432134;0;8
4850;860.635/2007;2411;0.09077205736059721;0;8
4851;862.813/2011;3272;0.09068294599204196;0;8
4852;844.095/2013;1400;0.09012768223654274;0;8
4853;870.605/2010;2482;0.08986784423406172;0;8
4854;886.108/2010;2929;0.08891785702331369;0;8
4855;815.175/1999;4596;0.08868202702827196;0;8
4856;848.221/2015;3146;0.0883910668246039;0;8
4857;815.171/1999;4595;0.08769591591716085;0;8
4858;860.850/2013;2451;0.08686395545622043;0;8
4859;806.683/2010;775;0.08577879243103594;0;8
4860;872.939/2009;2890;0.0856614871266171;0;8
4861;802.896/1978;2;0.08549976722450413;0;8
4862;862.179/2012;3086;0.0852806758793151;0;8
4863;815.182/1999;4597;0.08499592775247168;0;8
4864;835.051/2007;4733;0.0849953102200536;0;8
4865;808.916/1973;4728;0.0845900875756288;0;8
4866;864.295/2012;3094;0.0844218970859825;0;8
4867;862.175/2012;3085;0.08388848011211933;0;8
4868;806.082/2013;740;0.08297073892950248;0;8
4869;866.134/2009;1894;0.08231993132269426;0;8
4870;861.247/1986;4682;0.08231988204876449;0;8
4871;870.795/1988;3165;0.0822090316578782;0;8
4872;861.476/2010;3077;0.08150362212637993;0;8
4873;864.532/2007;1873;0.08035322269969764;0;8
4874;844.094/2013;1399;0.08025707851595185;1;8
4875;830.933/2013;1189;0.0795724527125269;0;8
4876;800.266/2012;514;0.07935159561838571;0;8
4877;800.268/2012;515;0.07935159561838571;0;8
4878;806.115/2017;4559;0.0793181766676953;0;8
4879;833.021/2015;1308;0.07896057980845282;0;8
4880;805.010/1974;4670;0.07847556356257243;0;8
4881;846.005/1999;4884;0.07722985950872448;0;8
4882;861.562/2013;4632;0.07661636458989277;1;8
4883;808.915/1973;4668;0.07521863117537356;0;8
4884;866.175/2010;3302;0.07477704992486472;0;8
4885;832.751/2016;1300;0.07422537873360734;0;8
4886;846.076/1997;3534;0.0738162850122053;0;8
4887;826.301/1992;4680;0.0735525351389868;0;8
4888;751.959/1996;475;0.07258685648415561;0;8
4889;860.143/2012;3209;0.0719584406774366;0;8
4890;806.206/2012;752;0.07192538500071123;0;8
4891;890.239/1986;4587;0.07160556540948827;0;8
4892;806.114/2014;744;0.07157156413828115;0;8
4893;890.176/1988;4702;0.07016925793735525;0;8
4894;820.149/1980;4583;0.06984819372381881;0;8
4895;806.223/2009;761;0.06972453893065812;0;8
4896;862.713/2011;3087;0.06917830886282736;0;8
4897;851.722/2013;1540;0.06906618368433791;0;8
4898;846.074/1995;2499;0.06810487836721772;0;8
4899;830.277/1984;4675;0.06775928325296751;1;8
4900;890.099/1988;58;0.06677057450441715;0;8
4901;815.379/1997;11;0.06622491300038046;0;8
4902;864.084/2009;3176;0.06610555744694019;0;8
4903;810.264/2010;3268;0.06557031261200394;0;8
4904;896.370/2001;76;0.0653158813038794;0;8
4905;861.327/2015;2641;0.06485866817459275;1;8
4906;861.559/2013;4741;0.06463161849984021;1;8
4907;862.125/2011;3292;0.0644524368387987;0;8
4908;861.550/2013;4631;0.0628855286403339;1;8
4909;850.903/2012;1523;0.06139801870178908;0;8
4910;866.046/2017;3314;0.060698947724024156;0;8
4911;850.268/2010;2603;0.06017237837537266;0;8
4912;818.362/1970;4666;0.06013740850651261;0;8
4913;866.010/2017;3364;0.06011729058217885;0;8
4914;860.499/2012;3291;0.0582486693324472;0;8
4915;826.007/1989;3491;0.057822906625396325;0;8
4916;850.485/2014;3721;0.057794466671490984;0;8
4917;860.497/2012;3290;0.05458781843251364;0;8
4918;860.143/2017;3259;0.05326759913752712;0;8
4919;890.436/1991;3564;0.0532639875156684;0;8
4920;864.590/2010;1877;0.051839991307526735;0;8
4921;871.442/2010;3152;0.049694050993838994;0;8
4922;851.180/2011;2627;0.0495075911084615;0;8
4923;864.643/2011;1883;0.049175074436273024;0;8
4924;861.649/2011;2421;0.04842820704443365;0;8
4925;864.586/2007;1876;0.047732026539602034;0;8
4926;850.202/2016;1501;0.04611667222773223;0;8
4927;861.350/2012;2415;0.04355873052747558;0;8
4928;850.301/2019;3426;0.043005002406615714;0;8
4929;864.621/2010;1880;0.04198800987059296;0;8
4930;864.528/2005;1871;0.041154271126757465;0;8
4931;864.325/2013;1863;0.03966161165511106;0;8
4932;864.323/2012;1861;0.03860559194570971;0;8
4933;864.324/2012;1862;0.03860559194570971;0;8
4934;864.623/2010;3098;0.038439059897540755;0;8
4935;864.322/2012;1860;0.038364046051989904;0;8
4936;821.412/1971;2500;0.0382363734016114;0;8
4937;864.328/2012;1865;0.03767966601978378;0;8
4938;864.329/2012;1866;0.03767966601978378;0;8
4939;864.326/2013;1864;0.0374744898928259;0;8
4940;850.314/2018;3425;0.03629834812090007;0;8
4941;862.124/2011;2423;0.0357156098188578;0;8
4942;861.588/2009;2420;0.034551588654836644;0;8
4943;807.751/1973;3;0.027993282063154285;0;8
4944;860.768/2015;3257;0.027313832702730675;0;8
4945;860.990/2014;3256;0.024493138907105482;0;8
4946;300.503/2017;3862;0.008941957631005621;0;8
4947;300.869/2019;3614;0.008840550108932463;0;8
4948;300.119/2018;3601;0.0037516534391534395;0;8
4949;303.010/2017;3619;0.0017928757760414104;0;8
4950;300.575/2019;4571;0.0008812830687830687;0;8
