ordem;processo;area;pontuacao_nao_calibrada;resultado_historico;rodada
1;850.597/2018;2618;0.8987202311130693;1;8
2;300.119/2018;3601;0.8987202311130693;1;8
3;814.553/1974;4768;0.8893667975462517;1;8
4;850.517/2019;1511;0.8881096876856016;1;8
5;850.340/2018;2610;0.8881096876856016;1;8
6;300.575/2019;4571;0.8873912090425612;1;8
7;890.090/1980;3484;0.8829336659696833;1;8
8;830.421/1980;4585;0.8799468425230635;1;8
9;850.138/2018;1499;0.8751597785105381;1;8
10;850.236/2018;1504;0.8751597785105381;1;8
11;850.084/2018;3424;0.8751597785105381;1;8
12;815.996/1973;4838;0.874439545392418;1;8
13;800.936/1976;3486;0.8732292484633138;1;8
14;750.201/1942;3182;0.8708965040268781;1;8
15;805.010/1974;4670;0.8687300866983354;0;8
16;830.551/1980;4897;0.8664801482015974;1;8
17;850.113/2019;2598;0.8650889022133547;1;8
18;800.691/1972;4582;0.8570517666542369;1;8
19;870.072/1978;4672;0.8570517666542369;1;8
20;821.412/1971;2500;0.8569900888964538;1;8
21;300.869/2019;3614;0.8559473596004182;1;8
22;820.149/1980;4583;0.8551158075066058;1;8
23;803.127/1975;643;0.8511577240131721;1;8
24;801.071/1976;606;0.849289265537245;1;8
25;806.091/1975;4893;0.8479930215850917;0;8
26;850.323/2018;2608;0.8474990588499268;1;8
27;807.751/1973;3;0.846117789725573;1;8
28;850.583/2017;1515;0.8440996506403919;1;8
29;830.768/1982;4724;0.8412494330406014;0;8
30;818.362/1970;4666;0.8393515320402648;1;8
31;808.915/1973;4668;0.8393515320402648;1;8
32;808.916/1973;4728;0.8393515320402648;1;8
33;890.181/1981;4613;0.8385197638142504;1;8
34;850.748/2017;1520;0.8288564995671063;1;8
35;866.933/2017;2778;0.8288564995671063;1;8
36;864.223/2017;3423;0.8288564995671063;1;8
37;850.853/2017;2620;0.827831299777822;1;8
38;866.930/2017;2774;0.827831299777822;1;8
39;864.544/2005;1875;0.8234920547839313;1;8
40;802.896/1978;2;0.8217112396877178;1;8
41;850.301/2019;3426;0.8216112981993667;1;8
42;850.325/2018;2609;0.8211427098633329;1;8
43;850.445/2016;3019;0.8202004837307576;1;8
44;850.508/2016;3422;0.8202004837307576;1;8
45;850.782/2017;1521;0.8177901086419707;1;8
46;866.929/2017;2773;0.8177901086419707;1;8
47;812.325/1974;4013;0.8135709727729696;1;8
48;806.879/1973;4909;0.8135709727729696;0;8
49;802.536/1977;611;0.811757843566544;1;8
50;850.268/2010;2603;0.8116123863680794;1;8
51;850.435/2010;3419;0.8116123863680794;1;8
52;800.162/1976;502;0.8074214488381892;1;8
53;804.143/1977;4912;0.8074214488381892;0;8
54;851.011/2017;2625;0.8066777530696846;1;8
55;850.314/2018;3425;0.8034385719528876;1;8
56;850.987/2016;2623;0.8020231564876128;1;8
57;851.023/2016;3024;0.8020231564876128;1;8
58;802.686/1977;612;0.8012546292404438;1;8
59;820.311/1980;988;0.8012546292404438;1;8
60;850.674/2017;2619;0.8012047536827347;1;8
61;850.607/2017;3723;0.8012047536827347;1;8
62;850.565/2016;1514;0.7964761039430471;1;8
63;850.731/2016;1519;0.7964761039430471;1;8
64;851.001/2016;1526;0.7964761039430471;1;8
65;850.563/2016;2617;0.7964761039430471;1;8
66;851.134/2017;1533;0.7964389766120181;1;8
67;851.297/2017;1539;0.7964389766120181;1;8
68;866.934/2017;2779;0.7964389766120181;1;8
69;303.010/2017;3619;0.7964389766120181;1;8
70;300.503/2017;3862;0.7964389766120181;1;8
71;864.186/2006;1830;0.7953287819961288;1;8
72;851.000/2017;2624;0.7932965206680022;0;8
73;864.040/2019;2302;0.7932233686227981;0;8
74;864.035/2018;1803;0.7917306000290167;1;8
75;864.064/2019;1811;0.7917306000290167;1;8
76;864.075/2018;1813;0.7917306000290167;1;8
77;864.455/2021;1869;0.7884796065959095;1;8
78;864.536/2006;1874;0.7873000391953788;1;8
79;850.072/2010;2596;0.779705815364659;1;8
80;850.313/2016;2606;0.7756004379275221;1;8
81;804.514/1975;4667;0.775349286991958;0;8
82;830.918/1984;1187;0.7753383095553402;1;8
83;851.048/2016;3135;0.7730013217121579;0;8
84;833.298/2006;1323;0.7663413117265816;1;8
85;866.127/2006;54;0.7657443938400905;1;8
86;850.202/2016;1501;0.7650754770341665;1;8
87;850.453/2016;2613;0.7650754770341665;1;8
88;832.347/2005;4661;0.7618544563922649;1;8
89;850.454/2016;2614;0.7597033334921574;1;8
90;831.347/2005;3445;0.7579556919009748;1;8
91;832.510/2005;3451;0.7579556919009748;1;8
92;832.128/2005;42;0.7564643812449863;1;8
93;830.672/2005;3438;0.7564643812449863;1;8
94;864.528/2005;1871;0.7563857392770785;0;8
95;864.016/2010;1799;0.7560903753364921;1;8
96;850.889/2010;1522;0.7550948219073698;1;8
97;858.062/2007;3400;0.7549604146305178;1;8
98;864.132/1999;1822;0.7546681445432274;1;8
99;807.026/1977;4671;0.7546351921799033;1;8
100;850.947/2017;2621;0.753172128152872;1;8
101;810.333/1980;4584;0.7527166852377264;0;8
102;830.191/2006;3520;0.7505424361990104;1;8
103;831.745/2005;4620;0.7505424361990104;0;8
104;851.094/2005;1530;0.750031520483845;1;8
105;840.575/2010;4642;0.7494249331207941;1;8
106;858.116/2012;1544;0.7467898541350385;1;8
107;840.136/1991;4593;0.7433422706909224;0;8
108;884.061/2005;2153;0.7424736919304421;1;8
109;801.453/1976;3433;0.7423205495533574;1;8
110;831.582/2005;39;0.741165664041188;1;8
111;871.698/2010;3180;0.7388296240527709;1;8
112;800.962/1972;3929;0.7383372662068279;1;8
113;864.590/2010;1877;0.7361465028153352;1;8
114;864.623/2010;3098;0.7361465028153352;1;8
115;830.277/1984;4675;0.7332064863554953;0;8
116;840.411/2008;4659;0.7328672427007995;1;8
117;830.254/2006;4859;0.7326645957172571;0;8
118;830.841/2005;4623;0.732294324029627;0;8
119;830.982/2000;3442;0.7306422752396434;1;8
120;850.285/2005;2604;0.7297953908147684;1;8
121;830.158/1985;4695;0.7291112343926336;1;8
122;830.709/2005;1173;0.7287160843227475;1;8
123;831.958/1999;4852;0.7264160214475244;1;8
124;864.034/2018;1802;0.7262633706868155;1;8
125;833.822/2004;4625;0.7259595681535328;1;8
126;830.009/2006;4806;0.7231724491335393;1;8
127;850.222/2002;1502;0.7230517464657416;1;8
128;830.212/2001;3596;0.7224441889718974;1;8
129;850.554/2016;1513;0.7203826743148766;1;8
130;846.213/2000;3468;0.7192964957808381;1;8
131;872.382/2006;4318;0.7188403672878424;1;8
132;802.527/1977;3812;0.7181300216494093;0;8
133;833.177/2006;4772;0.7176764246920971;1;8
134;840.444/2011;4634;0.7174814595820385;0;8
135;850.328/2000;1505;0.7155842510021798;1;8
136;831.360/2006;4808;0.7152877300027858;0;8
137;884.018/2005;2913;0.7152083946998119;1;8
138;830.280/2005;1148;0.7134868460944045;0;8
139;832.312/2005;4533;0.7134868460944045;1;8
140;831.073/2006;1196;0.7121696069332153;1;8
141;832.999/2005;1307;0.7121696069332153;1;8
142;832.668/2005;3452;0.7117988967575694;1;8
143;850.365/2010;1506;0.7094707937119559;1;8
144;840.034/1997;4901;0.7093117285235977;0;8
145;851.180/2011;2627;0.7092775784152373;1;8
146;833.631/2007;3459;0.7092137867750575;1;8
147;831.135/2007;4734;0.7092137867750575;0;8
148;830.637/1999;4706;0.7086460116449057;1;8
149;864.018/2017;1800;0.7083602772550659;1;8
150;870.431/2009;3482;0.7082165748488891;1;8
151;832.331/2008;3526;0.707650643400451;1;8
152;866.935/2017;2780;0.7067948841491855;1;8
153;872.966/2010;2891;0.706747622310608;1;8
154;850.426/2006;2612;0.7059555533109905;1;8
155;850.442/2006;3018;0.7059555533109905;1;8
156;846.229/2003;3469;0.7058833854399347;1;8
157;866.563/2006;2685;0.7050573860614925;1;8
158;846.089/2006;3597;0.7045357790734614;0;8
159;850.903/2012;1523;0.7043606518109656;1;8
160;850.142/2012;3420;0.7043606518109656;1;8
161;850.348/2012;4570;0.7043606518109656;1;8
162;832.026/1985;41;0.7042709963984909;0;8
163;864.236/2010;1844;0.7029683037700468;1;8
164;871.442/2010;3152;0.7022992159816811;1;8
165;832.432/2007;4849;0.7004795349222183;1;8
166;831.297/2008;4904;0.6989414366621901;0;8
167;834.323/2008;4616;0.6988893741507591;1;8
168;831.341/2001;3524;0.6987207319867825;1;8
169;850.542/2016;2616;0.6983948405241286;1;8
170;850.446/2016;3020;0.6983948405241286;1;8
171;850.448/2016;3021;0.6983948405241286;1;8
172;846.211/2003;3536;0.6982004535957445;1;8
173;873.194/2006;2504;0.6975190346756702;1;8
174;896.281/2001;2256;0.694122539693173;1;8
175;831.014/1990;3654;0.6940870271314702;1;8
176;871.123/2010;3742;0.693869812824631;1;8
177;851.151/2008;3416;0.6916443190263332;1;8
178;870.605/2010;2482;0.6913701267093776;1;8
179;872.363/2010;4554;0.6913701267093776;1;8
180;831.661/2002;1236;0.6885920218518471;1;8
181;870.777/2010;2016;0.6883206208589591;1;8
182;872.351/2010;3118;0.6883206208589591;1;8
183;846.024/2001;4781;0.6877992702198104;1;8
184;871.023/2003;2493;0.6870689095505347;1;8
185;832.057/1989;4839;0.6861375268741908;1;8
186;832.837/2010;3453;0.6849158074783799;1;8
187;830.271/2002;1147;0.6847371839052611;1;8
188;831.368/2006;4720;0.684712005019016;0;8
189;846.243/2007;3538;0.6836356136504395;1;8
190;866.110/2018;2663;0.6835904564643343;0;8
191;867.023/2018;2834;0.6835904564643343;1;8
192;867.024/2018;2835;0.6835904564643343;1;8
193;867.025/2018;2836;0.6835904564643343;1;8
194;867.038/2018;2846;0.6835904564643343;1;8
195;833.482/2010;4887;0.683476968943013;1;8
196;873.014/2005;95;0.6834059983492923;1;8
197;846.033/2008;4782;0.6819966251353266;1;8
198;832.821/2004;1301;0.6810944247209051;1;8
199;831.498/2003;4809;0.6805627557819001;0;8
200;830.229/1999;1143;0.6797107877700629;1;8
201;806.325/2012;772;0.679054760779536;1;8
202;806.326/2012;773;0.679054760779536;1;8
203;867.180/2010;1947;0.6788327427186434;1;8
204;830.438/1999;3437;0.6786473970590619;1;8
205;873.510/2005;2086;0.6783476983103824;1;8
206;866.194/1994;1898;0.6780997862108807;1;8
207;833.456/2006;3457;0.677929269852774;1;8
208;871.016/2003;2488;0.6778058053035048;1;8
209;864.082/2019;1814;0.6777579453913157;1;8
210;810.432/1981;814;0.6767747232432823;1;8
211;846.242/2002;3470;0.6767481229969273;1;8
212;864.055/2010;1807;0.6765931502635393;1;8
213;864.067/2010;1812;0.6765931502635393;1;8
214;864.237/2010;1845;0.6765931502635393;1;8
215;830.030/2002;4641;0.6764875400547723;1;8
216;890.118/1989;60;0.6764618255055472;1;8
217;832.793/2003;4886;0.6762897703544182;1;8
218;886.490/2004;2166;0.675947725481642;1;8
219;864.026/2001;53;0.6752722145445196;1;8
220;890.427/1985;2203;0.674397420743113;1;8
221;864.201/2019;3090;0.674116380176897;0;8
222;864.051/2018;3160;0.674116380176897;1;8
223;864.063/2018;3161;0.674116380176897;1;8
224;850.960/2010;1524;0.6730831043717158;1;8
225;864.621/2010;1880;0.6726099937127249;1;8
226;890.449/1992;4589;0.6717735284376324;1;8
227;890.371/1989;4850;0.6715757105758822;1;8
228;871.375/2010;3403;0.6713295371135072;1;8
229;884.123/2019;2160;0.6710501886121535;1;8
230;884.126/2019;2161;0.6710501886121535;1;8
231;840.259/1992;46;0.6709114340959185;0;8
232;866.087/2019;1893;0.6703299972233818;1;8
233;866.261/2018;2667;0.6703299972233818;1;8
234;866.263/2018;2669;0.6703299972233818;1;8
235;866.265/2018;2670;0.6703299972233818;0;8
236;866.266/2018;2671;0.6703299972233818;0;8
237;866.268/2018;2672;0.6703299972233818;1;8
238;867.031/2018;2841;0.6703299972233818;1;8
239;866.568/2018;3281;0.6703299972233818;0;8
240;866.587/2018;3283;0.6703299972233818;0;8
241;866.539/2018;3306;0.6703299972233818;0;8
242;866.092/2019;3317;0.6703299972233818;1;8
243;866.615/2018;3363;0.6703299972233818;1;8
244;864.185/2021;1829;0.6697951767799505;0;8
245;864.218/2021;3196;0.6697951767799505;1;8
246;890.253/1991;4660;0.6687547207631438;1;8
247;830.886/2009;4742;0.6686258727335678;1;8
248;830.636/1992;4719;0.6673078006486719;1;8
249;830.974/2010;3441;0.6671151070997468;1;8
250;864.088/2017;1816;0.6670476856781659;0;8
251;884.056/2021;2916;0.6667084292543437;1;8
252;884.174/2021;2926;0.6667084292543437;1;8
253;850.640/2015;1516;0.6664829695921474;1;8
254;866.844/2020;1931;0.6659834636470272;1;8
255;864.586/2007;1876;0.6650807469621828;1;8
256;831.000/2000;3523;0.6650026509959057;0;8
257;846.005/1999;4884;0.6645406204147516;1;8
258;846.043/2006;3465;0.6640865526795907;1;8
259;866.175/2010;3302;0.663757453122075;1;8
260;830.463/1990;4723;0.6632524660630454;0;8
261;873.161/2006;2084;0.6631202392061915;1;8
262;890.191/1985;4826;0.662767886388042;1;8
263;864.622/2007;1881;0.6622489699002013;0;8
264;896.872/2006;4652;0.6615092639244509;1;8
265;864.093/2020;1818;0.660664521326123;0;8
266;831.466/2004;4713;0.66059908700058;1;8
267;872.964/2010;4319;0.6601597087557244;1;8
268;861.861/2010;1771;0.6601199527395514;1;8
269;864.053/2016;1806;0.6589502308592118;1;8
270;864.263/2015;2475;0.6589502308592118;1;8
271;864.079/2016;3089;0.6589502308592118;0;8
272;834.390/1993;3463;0.6589297392375069;1;8
273;831.925/1990;4681;0.6585670218889208;1;8
274;850.017/2012;1494;0.6577832429275571;1;8
275;851.108/2014;1531;0.6576081663406826;1;8
276;846.327/2002;3472;0.6572812806349094;1;8
277;830.636/1988;4691;0.6567256685185989;0;8
278;848.022/2004;47;0.6562920532704226;1;8
279;864.918/2008;1889;0.6559667064173468;1;8
280;830.994/2006;1193;0.6553959127513133;1;8
281;830.488/2008;35;0.6552833685380995;1;8
282;890.133/2008;4744;0.6552833685380995;1;8
283;832.052/2006;3178;0.6550766031940135;1;8
284;834.099/2010;2498;0.6549184439716866;1;8
285;896.425/2001;78;0.6544867754566176;1;8
286;832.077/2003;4619;0.654073990775026;1;8
287;832.982/2007;4725;0.6536864718511132;0;8
288;846.010/2008;4783;0.6529095239302166;1;8
289;831.484/2005;1229;0.6514683390522442;1;8
290;831.199/2002;4748;0.6507322586048329;0;8
291;860.894/2002;2635;0.6502552514767017;1;8
292;831.443/2010;3577;0.649930840327165;1;8
293;890.300/1987;67;0.6498622247134548;1;8
294;890.580/1987;4636;0.6498622247134548;0;8
295;890.007/1992;2167;0.649309829375072;1;8
296;860.096/2010;1555;0.6488517463748024;1;8
297;834.290/2008;3462;0.6485117235608968;1;8
298;870.509/2002;4150;0.6483901297915556;1;8
299;871.019/2003;2490;0.6478036034828144;1;8
300;820.675/1984;1023;0.6477507786869927;1;8
301;846.079/1994;4727;0.6471769404688862;1;8
302;864.195/2019;1831;0.6464677267743639;0;8
303;802.941/1970;2341;0.6462430635467626;0;8
304;830.754/2008;3439;0.645636038852388;1;8
305;833.388/2004;1327;0.6453248568587602;1;8
306;870.923/1988;91;0.6441924547272926;1;8
307;861.301/2010;1739;0.6429431343181383;1;8
308;872.343/2011;2064;0.642512255576903;1;8
309;833.175/2003;3456;0.6418578602528546;1;8
310;830.202/2003;4829;0.6418578602528546;0;8
311;850.463/2004;2615;0.6415676200581721;1;8
312;005.700/1948;4443;0.6406148725375471;1;8
313;832.121/2000;3449;0.640283866038462;0;8
314;864.920/2008;1890;0.6401502776472117;1;8
315;840.167/1990;4678;0.6395852819342895;1;8
316;840.133/2013;4664;0.6393427891268695;0;8
317;846.074/1995;2499;0.6389693791307833;1;8
318;830.001/1993;4588;0.6386946008454628;1;8
319;834.406/2011;3592;0.638520608659671;1;8
320;835.051/2007;4733;0.6381820320268833;1;8
321;831.704/2001;1238;0.6380929254078843;1;8
322;851.117/2008;3401;0.6380520556705818;1;8
323;846.064/2003;3466;0.6376677329276916;0;8
324;872.507/2009;4162;0.6376492380836078;1;8
325;896.322/2000;3571;0.6374473300033444;1;8
326;896.133/1999;4704;0.6374473300033444;1;8
327;840.125/2013;4663;0.6363281274420808;0;8
328;871.309/2011;3114;0.6358984055183494;1;8
329;872.655/2011;3359;0.6358984055183494;1;8
330;830.108/2004;1135;0.6358243525914075;1;8
331;860.574/2010;3045;0.6357879234482677;1;8
332;831.082/2010;2515;0.6346486975932494;1;8
333;861.247/1986;4682;0.6343488355812303;1;8
334;864.295/2012;3094;0.6341470939814492;1;8
335;830.098/1995;4622;0.6340907438567115;1;8
336;835.212/1993;4693;0.6340907438567115;1;8
337;850.748/1996;3251;0.6340421953736342;1;8
338;850.987/2011;3214;0.6337137029116051;1;8
339;826.511/2004;3511;0.6335406072758734;1;8
340;864.222/2015;2301;0.6325601310669408;0;8
341;860.428/2000;3543;0.6321217166088041;1;8
342;896.223/2001;2248;0.6318079561363236;1;8
343;850.114/2015;2599;0.6315862746469337;1;8
344;850.120/2015;2600;0.6315862746469337;1;8
345;850.012/2015;3017;0.6315862746469337;0;8
346;896.383/2010;2263;0.6313403069188515;1;8
347;890.073/1989;4690;0.6311154014109681;1;8
348;831.794/2003;1244;0.6304795389872895;1;8
349;896.016/2003;2221;0.6304795389872895;1;8
350;846.004/1996;4765;0.6304535985702651;1;8
351;850.237/2014;2601;0.6304003046422506;1;8
352;864.223/2015;3091;0.6303318173502352;1;8
353;833.399/2010;1328;0.6299667890433875;1;8
354;830.408/2010;3651;0.6298413351652697;1;8
355;860.484/2019;1629;0.6296729102908633;1;8
356;864.137/2019;1824;0.6296729102908633;1;8
357;830.273/1999;3436;0.6295947638696209;1;8
358;830.008/1989;4894;0.6292936692223712;1;8
359;891.091/1989;4610;0.629214492524821;1;8
360;820.757/2006;20;0.6291071641399285;1;8
361;832.185/1994;4710;0.6290558509852366;0;8
362;830.574/1994;4729;0.6290558509852366;1;8
363;896.318/1998;4805;0.6290558509852366;0;8
364;835.452/1994;4833;0.6290558509852366;1;8
365;871.592/2008;3167;0.6290000536199318;1;8
366;864.638/2011;1882;0.6283564203054597;1;8
367;864.745/2011;1885;0.6283564203054597;1;8
368;870.126/2009;1963;0.6283471318448365;1;8
369;840.175/2008;4639;0.6276684408295452;0;8
370;831.580/1989;1234;0.6270756058130742;1;8
371;890.373/1990;2196;0.6270756058130742;1;8
372;832.312/2011;43;0.6270726196816616;1;8
373;866.112/2018;2665;0.6269505311486473;0;8
374;866.461/2018;2676;0.6269505311486473;0;8
375;867.029/2018;2838;0.6269505311486473;1;8
376;867.044/2018;2851;0.6269505311486473;1;8
377;866.052/2018;3389;0.6269505311486473;1;8
378;834.390/2010;1358;0.626651202252502;1;8
379;846.010/2011;3532;0.6266059907352528;1;8
380;864.235/2020;1843;0.6264788624328343;1;8
381;831.334/2008;3444;0.6264780016104319;1;8
382;846.028/2002;3533;0.6262930441439173;1;8
383;846.185/2007;3467;0.6243620688211127;1;8
384;871.762/2008;3275;0.6240106056628313;1;8
385;831.537/2003;38;0.6230128641783034;0;8
386;830.108/2011;4906;0.6221675848406113;0;8
387;831.560/2012;3446;0.6216163804708498;1;8
388;832.445/2012;4855;0.6216163804708498;1;8
389;896.275/2005;4804;0.621318004850222;0;8
390;896.458/2005;4908;0.621318004850222;1;8
391;826.094/2004;3497;0.6209718604774005;1;8
392;832.549/2009;3529;0.6206639415997754;1;8
393;890.269/1988;96;0.6204825588711579;1;8
394;830.008/2004;1128;0.619985117103668;0;8
395;873.006/2005;94;0.6198615104884881;1;8
396;873.595/2009;2892;0.6192251975583711;1;8
397;864.085/2019;1815;0.619126811316018;1;8
398;872.126/2006;3744;0.6188876464794724;1;8
399;872.270/2008;2061;0.6186664474460102;1;8
400;836.166/1993;4694;0.6182213818362953;1;8
401;864.326/2013;1864;0.6181107732207557;1;8
402;872.939/2009;2890;0.618006384049867;1;8
403;864.306/2008;1857;0.6179929350755368;1;8
404;830.419/1987;4684;0.6173199342268949;1;8
405;831.024/1988;4775;0.6173199342268949;1;8
406;830.730/2009;3521;0.6171312647549007;1;8
407;301.326/2020;436;0.6163880626684474;1;8
408;820.057/2004;4621;0.6159136331111317;0;8
409;861.883/2010;1775;0.6158316983168473;1;8
410;850.302/2009;3308;0.6157848785314975;1;8
411;864.125/2015;4316;0.6157187609204393;1;8
412;835.022/2011;2506;0.6156096466157477;1;8
413;833.112/2011;3455;0.6154157308943478;1;8
414;834.038/2011;3460;0.6154157308943478;1;8
415;834.039/2011;3461;0.6154157308943478;1;8
416;834.162/2011;3574;0.6154157308943478;1;8
417;834.273/2011;3575;0.6154157308943478;1;8
418;890.008/1992;2168;0.6150772235855198;1;8
419;810.199/1983;3811;0.6150279744760166;1;8
420;896.667/2003;2945;0.6137518328331969;1;8
421;896.454/2002;2268;0.6125988745292462;1;8
422;896.046/2002;3774;0.6125988745292462;0;8
423;884.037/2010;2914;0.6117326615347195;1;8
424;834.723/2010;1367;0.6116514995227824;1;8
425;890.169/1992;4617;0.6110352541879788;0;8
426;896.340/2002;3779;0.611003449665308;1;8
427;831.718/2009;3447;0.6100561445702721;1;8
428;805.495/1976;4910;0.609625314657535;0;8
429;832.400/2007;3527;0.6095442424996093;1;8
430;303.275/2018;4232;0.6092155063584132;1;8
431;871.021/2003;2491;0.6089042379325313;1;8
432;867.040/2018;1942;0.6088583316059758;1;8
433;866.540/2018;2683;0.6088583316059758;1;8
434;848.126/2006;48;0.6088032750834051;0;8
435;873.454/2011;2434;0.6079503861500828;1;8
436;832.630/2008;3530;0.6077416526132675;0;8
437;861.304/2010;3069;0.6075213827014678;1;8
438;840.207/2010;45;0.6073921966704955;1;8
439;896.685/2005;80;0.6072979351724983;1;8
440;864.611/2008;1878;0.6066990529521151;1;8
441;864.831/2008;1888;0.6066990529521151;0;8
442;861.735/2010;4130;0.6062473823627846;0;8
443;871.264/2011;3556;0.6052407827817357;1;8
444;830.847/2011;1182;0.6046199814366439;1;8
445;300.666/2020;277;0.6045385695943744;1;8
446;301.105/2022;4485;0.6045385695943744;0;8
447;872.923/2011;2082;0.6044150596760419;1;8
448;833.076/2012;3454;0.6042169742013085;1;8
449;831.388/2012;3586;0.6042169742013085;1;8
450;864.654/2011;1884;0.6041706770924224;1;8
451;864.160/2011;3163;0.6041706770924224;0;8
452;861.794/2007;3204;0.6037731991839077;1;8
453;886.108/2010;2929;0.6036324558124324;1;8
454;830.964/2010;1191;0.6031323565466585;1;8
455;846.013/1998;4688;0.6030427606593333;0;8
456;846.014/1998;4689;0.6030427606593333;0;8
457;832.983/2007;4726;0.6022572198292319;0;8
458;850.297/2009;2605;0.6021902282548951;1;8
459;846.204/2007;3535;0.601970192282171;1;8
460;826.527/2005;3513;0.601887465685596;0;8
461;846.224/2007;3537;0.6011873338506297;1;8
462;864.075/2016;3088;0.6006802668553631;1;8
463;300.880/2010;363;0.6003361804985313;1;8
464;860.353/2003;1609;0.5998567708326862;1;8
465;831.133/2000;1203;0.5995656850333552;1;8
466;866.192/1994;1897;0.5992674580049184;1;8
467;886.299/2016;3136;0.5991702416273398;1;8
468;864.329/2012;1866;0.5984185809727042;1;8
469;896.553/2003;3784;0.5978820406884559;0;8
470;826.329/2010;4846;0.5978580149637933;1;8
471;896.013/2000;4591;0.597157183577063;1;8
472;846.326/2002;3471;0.5964593873065331;1;8
473;860.669/2010;3476;0.5960186269107407;1;8
474;861.153/2010;1716;0.595640659152839;1;8
475;833.324/2010;2523;0.595640659152839;1;8
476;831.015/2010;1194;0.5950236700701269;0;8
477;866.434/2012;1911;0.594656216747636;1;8
478;830.555/2018;3142;0.5944412543321532;1;8
479;826.753/2005;3518;0.5943142961626915;0;8
480;872.340/2011;2432;0.5940436928226778;1;8
481;870.865/2011;2022;0.5936990365446393;1;8
482;872.483/2011;2071;0.5936990365446393;1;8
483;873.608/2011;2089;0.5936990365446393;1;8
484;873.611/2011;2092;0.5936990365446393;1;8
485;871.139/2011;2885;0.5936990365446393;1;8
486;871.138/2011;3334;0.5936990365446393;1;8
487;826.445/2000;4705;0.5934207009737793;0;8
488;896.383/2005;77;0.5931884104789408;1;8
489;830.332/2007;1149;0.5929133789931081;1;8
490;832.141/2007;2318;0.5929133789931081;1;8
491;820.488/2006;4892;0.5926535230538227;1;8
492;855.763/1994;1543;0.5926034628961862;1;8
493;846.076/1997;3534;0.5923606235309409;1;8
494;878.059/2006;3483;0.5920534635253752;1;8
495;871.351/2011;4317;0.5919163080433104;1;8
496;840.177/1983;4716;0.5915446498558554;0;8
497;886.232/2013;2934;0.5914657591249453;1;8
498;870.795/1988;3165;0.5910369147562243;1;8
499;834.351/2011;1356;0.5910324507991965;1;8
500;834.435/2011;1360;0.5910324507991965;1;8
501;834.671/2011;2996;0.5910324507991965;0;8
502;830.658/2011;3144;0.5910324507991965;1;8
503;830.168/1989;4692;0.5906268167716348;1;8
504;810.269/2004;4803;0.5900319999871788;1;8
505;300.094/2021;122;0.5897065822264648;1;8
506;300.526/2021;241;0.5897065822264648;0;8
507;880.034/2018;3181;0.589061838450835;0;8
508;886.053/1995;2927;0.5886807250966708;1;8
509;851.053/2013;1527;0.5883107559767242;1;8
510;820.291/2001;4789;0.5882386001528984;1;8
511;870.331/2007;4614;0.5882030187533125;1;8
512;820.086/2006;969;0.5880660034451016;1;8
513;831.372/2009;3585;0.5879744728694666;0;8
514;834.284/1995;4878;0.5878704826782761;1;8
515;850.701/2012;1517;0.5873570275623518;1;8
516;850.258/2009;2602;0.58733909116598;1;8
517;833.629/2011;3458;0.5872574493340802;1;8
518;830.853/2009;3440;0.587146428860922;1;8
519;846.013/2009;3464;0.5871309806657574;1;8
520;890.966/1994;4700;0.5865971932238276;1;8
521;820.255/2008;4756;0.5864536927625803;0;8
522;820.601/2008;4812;0.5864536927625803;1;8
523;820.602/2008;4813;0.5864536927625803;1;8
524;831.429/1989;1226;0.5864097629332706;1;8
525;896.545/2001;79;0.5861757398498426;1;8
526;896.162/2000;4799;0.5861757398498426;0;8
527;851.988/2013;1541;0.586147787275281;1;8
528;820.329/2009;16;0.5857752037802989;1;8
529;840.073/1983;4673;0.585570708850283;0;8
530;896.109/1999;2235;0.5853180576277364;1;8
531;896.617/2005;4645;0.5851608544836412;0;8
532;896.728/2003;2947;0.5850710398899595;1;8
533;831.985/1988;4608;0.5835761746845959;0;8
534;830.529/1987;4807;0.5835761746845959;1;8
535;830.528/1987;4877;0.5835761746845959;1;8
536;826.270/2000;3504;0.5834300432254755;0;8
537;880.710/1993;2904;0.5832108803237241;1;8
538;880.711/1993;2905;0.5832108803237241;1;8
539;821.665/1999;4601;0.582980427418742;0;8
540;886.462/2011;2939;0.5828130748564679;1;8
541;820.449/2007;89;0.5826369095641817;0;8
542;896.726/2003;2946;0.5822983573463294;1;8
543;864.257/2013;1849;0.5818488408961179;1;8
544;826.321/2008;4832;0.5812458090568755;1;8
545;830.328/2012;2501;0.5812446081974698;1;8
546;821.313/2001;4999;0.5812403744488309;0;8
547;872.342/2011;2063;0.5809686976013217;1;8
548;873.609/2011;2090;0.5809686976013217;1;8
549;872.834/2011;2433;0.5809686976013217;1;8
550;820.607/2008;4816;0.5807955296525235;0;8
551;820.608/2008;4817;0.5807955296525235;0;8
552;866.093/2018;2651;0.5807876548208372;1;8
553;866.094/2018;2652;0.5807876548208372;1;8
554;866.106/2018;2659;0.5807876548208372;0;8
555;866.462/2018;2678;0.5807876548208372;0;8
556;866.697/2018;2690;0.5807876548208372;1;8
557;866.861/2018;3177;0.5807876548208372;1;8
558;820.172/1999;2989;0.5807736373813936;1;8
559;810.202/2007;4779;0.5801707964874298;0;8
560;826.009/2010;4649;0.580104084261513;0;8
561;878.037/2005;4640;0.5801007192215553;1;8
562;864.174/2005;4139;0.5800088367792234;0;8
563;840.074/1992;4761;0.579690743696558;1;8
564;890.061/2004;4882;0.5795995716933954;1;8
565;896.479/2004;4650;0.5793097456454013;1;8
566;896.370/2001;76;0.5792265339328398;1;8
567;896.086/1999;98;0.5792265339328398;1;8
568;850.962/2011;1525;0.5791596688411332;1;8
569;830.349/2009;3584;0.5790598331508836;1;8
570;871.132/2010;3340;0.5789278921782659;1;8
571;871.590/2008;2889;0.5786629562627003;1;8
572;868.041/2021;1952;0.578451899855078;0;8
573;830.880/1993;36;0.5781913989345137;1;8
574;833.663/1993;4905;0.5781913989345137;1;8
575;826.070/1999;3495;0.5775721453448213;1;8
576;870.496/2011;3737;0.5771709864076348;1;8
577;820.576/2010;3488;0.576011924740378;1;8
578;867.035/2018;1940;0.5759591603383422;1;8
579;867.036/2018;1941;0.5759591603383422;1;8
580;867.041/2018;1943;0.5759591603383422;1;8
581;867.045/2018;2853;0.5759591603383422;1;8
582;867.046/2018;2854;0.5759591603383422;1;8
583;867.047/2018;2855;0.5759591603383422;1;8
584;867.050/2018;2858;0.5759591603383422;1;8
585;867.051/2018;2859;0.5759591603383422;1;8
586;867.052/2018;2861;0.5759591603383422;1;8
587;867.053/2018;2863;0.5759591603383422;1;8
588;867.054/2018;2865;0.5759591603383422;1;8
589;867.057/2018;2870;0.5759591603383422;1;8
590;867.058/2018;2872;0.5759591603383422;1;8
591;867.059/2018;2873;0.5759591603383422;1;8
592;867.060/2018;2874;0.5759591603383422;1;8
593;866.584/2018;3104;0.5759591603383422;0;8
594;896.574/2007;4885;0.5759255618791062;1;8
595;864.171/2019;2355;0.5752090534550226;1;8
596;871.025/2003;2495;0.5748678247879494;1;8
597;870.348/1989;4606;0.5744600111566539;1;8
598;806.114/2016;745;0.5741924474805234;0;8
599;864.321/2015;1859;0.5741924474805234;1;8
600;864.273/2015;4207;0.5741924474805234;1;8
601;830.647/2018;1167;0.5738803028705173;1;8
602;832.308/2018;1269;0.5738803028705173;0;8
603;300.144/2018;4285;0.5738803028705173;1;8
604;300.423/2010;210;0.5737189442888875;1;8
605;830.254/2010;1145;0.5737189442888875;1;8
606;832.626/2010;1288;0.5737189442888875;1;8
607;820.251/2008;4752;0.5733575358071987;0;8
608;896.083/1999;97;0.5733527514817139;1;8
609;833.930/2013;3531;0.5733234135024201;1;8
610;896.428/2003;4456;0.5729178723253439;1;8
611;832.526/2008;1285;0.5727165742786839;0;8
612;826.037/2001;3493;0.5725941897790804;0;8
613;810.587/1973;99;0.5725039408119377;0;8
614;850.108/2015;1498;0.5724339131288106;1;8
615;802.511/1975;2387;0.571748145921898;1;8
616;826.433/2003;3509;0.5715853923447332;0;8
617;870.794/2010;3356;0.5714621918790407;1;8
618;830.185/2018;1140;0.5712874212943284;1;8
619;830.186/2018;1141;0.5712874212943284;1;8
620;830.644/2018;1166;0.5712874212943284;1;8
621;831.134/2019;1204;0.5712874212943284;1;8
622;826.087/2007;24;0.5712760641599443;1;8
623;866.552/2018;2684;0.5710940930710808;0;8
624;866.578/2018;3100;0.5710940930710808;1;8
625;866.581/2018;3101;0.5710940930710808;0;8
626;866.582/2018;3102;0.5710940930710808;0;8
627;866.585/2018;3105;0.5710940930710808;0;8
628;866.580/2018;3284;0.5710940930710808;1;8
629;866.579/2018;3285;0.5710940930710808;1;8
630;866.567/2018;3286;0.5710940930710808;1;8
631;866.566/2018;3287;0.5710940930710808;1;8
632;866.565/2018;3288;0.5710940930710808;1;8
633;866.551/2018;3303;0.5710940930710808;0;8
634;866.550/2018;3305;0.5710940930710808;0;8
635;866.603/2018;3312;0.5710940930710808;1;8
636;866.606/2018;3313;0.5710940930710808;1;8
637;820.642/2007;3489;0.5708229800504194;1;8
638;820.071/2007;4615;0.5708229800504194;0;8
639;831.091/2004;1199;0.5704777573840246;1;8
640;864.442/2013;3097;0.5695496279040428;1;8
641;866.264/2018;1906;0.5689936332117755;1;8
642;896.127/2005;3128;0.5689587049950828;1;8
643;826.046/2009;23;0.568735719305704;1;8
644;896.738/1995;4861;0.5687047576425118;1;8
645;848.283/1999;50;0.5686958869851766;1;8
646;820.253/2008;4754;0.5685596143982907;0;8
647;820.254/2008;4755;0.5685596143982907;0;8
648;820.250/2008;4758;0.5685596143982907;0;8
649;820.289/2008;4793;0.5685596143982907;0;8
650;820.671/2008;4891;0.5685596143982907;0;8
651;826.263/2009;29;0.5683272429261397;0;8
652;864.783/2011;1886;0.5682839301691364;1;8
653;820.230/2009;15;0.5682819793490516;1;8
654;820.144/2009;4770;0.5682819793490516;0;8
655;826.313/1999;3505;0.5676992420674105;1;8
656;832.378/2008;1274;0.5675541794617395;1;8
657;831.114/2014;3443;0.567295420861015;1;8
658;830.571/1986;4586;0.5666722510892014;1;8
659;300.120/2020;133;0.5664795742525014;1;8
660;301.070/2021;407;0.5664795742525014;1;8
661;830.470/2021;1156;0.5664795742525014;1;8
662;300.775/2021;3882;0.5664795742525014;1;8
663;864.919/2008;2319;0.5661089047792635;1;8
664;810.388/1983;3800;0.5660709025579983;0;8
665;834.611/2007;1365;0.5659557471942293;1;8
666;860.067/2012;2630;0.5659201996192539;1;8
667;860.225/2012;3221;0.5659201996192539;1;8
668;896.244/1997;4602;0.5652581602085904;0;8
669;896.543/1998;4766;0.5652581602085904;0;8
670;850.018/2007;3412;0.565210397978905;1;8
671;830.846/2019;3324;0.5648868835657763;1;8
672;820.252/2008;4753;0.5648151593874954;0;8
673;890.397/1992;3563;0.5644344146413905;1;8
674;890.266/1993;4776;0.5641731214192943;1;8
675;861.521/2008;1762;0.5626192122531922;1;8
676;861.975/2008;3084;0.5626192122531922;1;8
677;890.197/1989;4594;0.5623488447673433;1;8
678;830.451/2008;1155;0.5623019700506777;1;8
679;873.607/2011;2088;0.5618506044276212;1;8
680;871.313/2011;3115;0.5618506044276212;1;8
681;884.059/2005;2152;0.5610415405739135;1;8
682;884.066/2005;2154;0.5610415405739135;1;8
683;884.067/2005;2155;0.5610415405739135;1;8
684;884.072/2005;2157;0.5610415405739135;1;8
685;884.074/2005;2158;0.5610415405739135;1;8
686;884.063/2005;2918;0.5610415405739135;1;8
687;884.064/2005;2919;0.5610415405739135;0;8
688;884.075/2005;3137;0.5610415405739135;0;8
689;884.073/2005;3143;0.5610415405739135;1;8
690;834.697/2007;1366;0.5606991508007658;1;8
691;831.239/2009;3576;0.5602941548097203;1;8
692;832.849/2009;4825;0.5602941548097203;1;8
693;880.148/2014;2131;0.5601527288854002;1;8
694;830.824/2021;1181;0.5600625330207216;1;8
695;303.145/2017;460;0.5597810384464399;1;8
696;866.049/2017;2647;0.5597810384464399;1;8
697;866.857/2017;2710;0.5597810384464399;0;8
698;866.908/2017;2752;0.5597810384464399;1;8
699;866.911/2017;2755;0.5597810384464399;1;8
700;866.915/2017;2759;0.5597810384464399;0;8
701;866.920/2017;2764;0.5597810384464399;0;8
702;866.921/2017;2765;0.5597810384464399;0;8
703;866.927/2017;2771;0.5597810384464399;1;8
704;866.928/2017;2772;0.5597810384464399;1;8
705;866.940/2017;2781;0.5597810384464399;1;8
706;866.950/2017;2785;0.5597810384464399;1;8
707;866.954/2017;2788;0.5597810384464399;1;8
708;866.969/2017;2796;0.5597810384464399;0;8
709;866.995/2017;2815;0.5597810384464399;1;8
710;866.999/2017;2818;0.5597810384464399;0;8
711;867.011/2017;2824;0.5597810384464399;0;8
712;867.013/2017;2826;0.5597810384464399;1;8
713;867.017/2017;2830;0.5597810384464399;1;8
714;866.070/2017;3310;0.5597810384464399;1;8
715;878.133/2009;55;0.5588118089595439;1;8
716;831.819/2012;4843;0.5587145167217481;1;8
717;874.112/2011;4638;0.558154317773735;1;8
718;826.745/2007;4896;0.5581370440982772;0;8
719;864.248/2018;1847;0.5578380612086826;0;8
720;864.191/2018;2463;0.5578380612086826;1;8
721;850.056/2011;2593;0.5574094259137321;1;8
722;886.249/2010;2935;0.5562878951903828;1;8
723;826.317/2008;3506;0.5562698939393815;0;8
724;840.169/2013;4842;0.5561689117887398;1;8
725;850.223/1988;1503;0.5558231620758444;1;8
726;891.140/1994;4795;0.5556668351731165;1;8
727;826.199/2009;3502;0.5555794113890503;1;8
728;830.661/2013;4853;0.5552920146491703;1;8
729;751.959/1996;475;0.554974179028211;1;8
730;851.019/2011;2626;0.5540155172417942;1;8
731;851.013/2011;3153;0.5540155172417942;1;8
732;820.059/2009;4637;0.5536471183401799;0;8
733;896.488/2000;4195;0.5529491410543753;1;8
734;832.688/2008;3222;0.5529256166149774;1;8
735;833.124/2012;1314;0.552709650380028;1;8
736;896.005/1998;2443;0.5526209028880734;1;8
737;860.378/2005;3475;0.5526166576115262;1;8
738;871.027/2003;2496;0.551986612203716;1;8
739;862.658/2011;1789;0.5518742011839257;1;8
740;861.234/2011;3068;0.5518742011839257;1;8
741;830.652/2018;1168;0.5517006103312317;1;8
742;850.520/2012;1512;0.551547969204984;1;8
743;871.018/2003;2489;0.5512537884396295;1;8
744;880.065/2014;2119;0.551235231433239;1;8
745;850.544/2007;3022;0.5511306906256229;1;8
746;850.571/2007;3387;0.5511306906256229;1;8
747;832.936/2007;2522;0.5508246697890755;1;8
748;864.323/2012;1861;0.5504982139570214;1;8
749;864.324/2012;1862;0.5504982139570214;1;8
750;864.328/2012;1865;0.5504982139570214;1;8
751;864.399/2012;3096;0.5504982139570214;1;8
752;834.214/2010;1353;0.5504785570381797;0;8
753;834.505/2010;1362;0.5504785570381797;1;8
754;860.613/2010;1651;0.550054082722442;1;8
755;826.632/2010;4848;0.5486810132752536;0;8
756;831.710/2012;3525;0.5485729850394283;1;8
757;864.234/2012;1842;0.5481455489968331;1;8
758;886.009/2017;2162;0.5473733371452749;1;8
759;886.073/2017;2165;0.5473733371452749;1;8
760;301.254/2021;3917;0.5468473407722857;1;8
761;861.869/2010;1773;0.5466983439952718;1;8
762;860.357/2010;3036;0.5466983439952718;1;8
763;896.280/1998;3570;0.5466159740920494;1;8
764;896.489/1996;4840;0.5466159740920494;0;8
765;833.717/2011;1340;0.5465180219627419;1;8
766;831.776/2011;2994;0.5465180219627419;1;8
767;896.575/2009;4655;0.5462525818617436;0;8
768;880.067/2018;2120;0.5458753091865849;1;8
769;864.643/2011;1883;0.545681511745266;1;8
770;896.781/1995;3572;0.5451353398182097;1;8
771;862.813/2011;3272;0.5449799253705282;1;8
772;866.043/2017;2646;0.5447870941864085;1;8
773;866.856/2017;2709;0.5447870941864085;0;8
774;866.875/2017;2726;0.5447870941864085;0;8
775;866.890/2017;2735;0.5447870941864085;1;8
776;866.902/2017;2746;0.5447870941864085;0;8
777;866.914/2017;2758;0.5447870941864085;1;8
778;866.917/2017;2761;0.5447870941864085;0;8
779;866.992/2017;2812;0.5447870941864085;0;8
780;867.044/2017;2850;0.5447870941864085;0;8
781;867.045/2017;2852;0.5447870941864085;1;8
782;867.048/2017;2856;0.5447870941864085;1;8
783;867.407/2017;2880;0.5447870941864085;0;8
784;867.208/2017;3109;0.5447870941864085;0;8
785;867.099/2017;3307;0.5447870941864085;0;8
786;866.072/2017;3311;0.5447870941864085;1;8
787;834.193/2011;1352;0.5445851043159875;1;8
788;832.666/2011;2521;0.5445851043159875;1;8
789;896.276/1998;3568;0.5445014880276025;1;8
790;886.151/2012;2931;0.5441119698649043;1;8
791;886.330/2012;2938;0.5441119698649043;1;8
792;866.932/2011;2776;0.5437648245726467;0;8
793;872.245/1996;92;0.5428556485306697;1;8
794;826.147/2000;3499;0.5427497916216569;0;8
795;826.336/2000;3507;0.5427497916216569;1;8
796;831.268/2018;4357;0.5427227187838828;1;8
797;896.425/1996;2267;0.5422678077992908;1;8
798;896.119/1996;4527;0.5422678077992908;1;8
799;861.378/2009;2416;0.5416941052149417;1;8
800;861.169/2009;3066;0.5416941052149417;1;8
801;826.071/2002;3496;0.5414213018046267;0;8
802;864.805/2008;1887;0.5413858722925713;1;8
803;826.007/1989;3491;0.5410987127302699;1;8
804;890.129/2001;4592;0.5409697784025236;1;8
805;862.175/2005;3554;0.5404053980360436;1;8
806;867.056/2018;1944;0.5403608140214979;1;8
807;867.037/2018;2845;0.5403608140214979;1;8
808;867.062/2018;2876;0.5403608140214979;1;8
809;867.079/2018;2877;0.5403608140214979;1;8
810;866.590/2018;3282;0.5403608140214979;0;8
811;872.246/1996;93;0.5401222635081614;1;8
812;896.035/2002;72;0.539987557747265;1;8
813;826.588/2010;4844;0.539569472287751;0;8
814;864.058/2018;1808;0.539132289905113;1;8
815;864.232/2012;1841;0.5386624580152899;0;8
816;864.322/2012;1860;0.5386624580152899;1;8
817;864.513/2012;1870;0.5386624580152899;1;8
818;864.400/2012;2426;0.5386624580152899;1;8
819;864.133/2012;2645;0.5386624580152899;0;8
820;896.483/2003;4722;0.5385573778169788;1;8
821;850.317/2007;2607;0.5385253345193439;1;8
822;862.957/2011;2644;0.537859517582946;1;8
823;807.064/1971;776;0.536965859021443;1;8
824;826.361/2010;3508;0.5366702660826267;1;8
825;864.089/2017;1817;0.5365637121859483;1;8
826;821.382/2013;4860;0.5364302271615939;1;8
827;890.908/1993;4646;0.5363275103840935;0;8
828;301.093/2020;410;0.5360950297646176;0;8
829;300.323/2020;4229;0.5360950297646176;1;8
830;846.008/2002;4780;0.5360843834162892;1;8
831;886.222/2012;2933;0.5359520576408935;1;8
832;871.024/2003;2494;0.5356073165574387;1;8
833;300.041/2020;112;0.535488143265604;1;8
834;301.376/2022;4446;0.535488143265604;0;8
835;301.375/2022;4447;0.535488143265604;0;8
836;300.721/2022;4476;0.535488143265604;1;8
837;861.476/2010;3077;0.5354770293974459;1;8
838;851.230/2013;4099;0.5353832243216018;1;8
839;890.109/1992;59;0.5349200516329436;1;8
840;890.157/1992;3559;0.5349200516329436;1;8
841;886.055/2011;2928;0.5348978089443402;1;8
842;866.487/2008;1914;0.5347033646288595;1;8
843;864.045/2017;1805;0.5341032706203548;0;8
844;820.612/2004;1019;0.5340604413556175;1;8
845;886.216/2013;2932;0.53388027153953;1;8
846;890.460/2004;4872;0.5336929012922078;0;8
847;864.223/2013;1837;0.5334926220916574;1;8
848;851.989/2013;1542;0.5328361952242454;1;8
849;820.188/2010;4762;0.5324959444688797;1;8
850;820.146/2010;4864;0.5324959444688797;0;8
851;860.876/2011;1685;0.531969105503644;1;8
852;860.881/2011;1686;0.531969105503644;1;8
853;861.494/2011;1758;0.531969105503644;1;8
854;862.311/2011;1785;0.531969105503644;1;8
855;862.898/2011;2643;0.531969105503644;1;8
856;300.307/2009;180;0.5319533699315855;0;8
857;832.155/2009;1260;0.5319533699315855;0;8
858;867.095/2019;1946;0.5319264286901952;1;8
859;866.075/2019;2649;0.5319264286901952;1;8
860;866.890/2018;2736;0.5319264286901952;1;8
861;867.026/2018;2837;0.5319264286901952;1;8
862;867.055/2018;2867;0.5319264286901952;1;8
863;867.061/2018;2875;0.5319264286901952;1;8
864;866.076/2019;3099;0.5319264286901952;1;8
865;866.583/2018;3103;0.5319264286901952;0;8
866;866.537/2018;3300;0.5319264286901952;1;8
867;866.538/2018;3301;0.5319264286901952;0;8
868;866.553/2018;3304;0.5319264286901952;0;8
869;866.083/2019;3429;0.5319264286901952;0;8
870;866.082/2019;3430;0.5319264286901952;0;8
871;866.081/2019;3431;0.5319264286901952;1;8
872;811.036/2010;3591;0.5318568743431511;1;8
873;871.022/2003;2492;0.5311291569139898;1;8
874;301.065/2019;406;0.5304016124966546;1;8
875;820.256/2008;4757;0.5303237899612444;0;8
876;850.485/2014;3721;0.5287240495646254;1;8
877;861.259/2010;1732;0.5283644356782767;0;8
878;871.981/2003;4656;0.5280929319903205;1;8
879;800.256/2004;2287;0.527961293528198;1;8
880;866.918/2012;1934;0.5277939144154494;1;8
881;300.718/2019;3612;0.5271110748253358;1;8
882;832.290/2013;4865;0.5266765609554817;1;8
883;810.253/1992;4683;0.5261505908056026;1;8
884;870.645/2011;2007;0.5260641428563666;1;8
885;896.495/2002;4604;0.5257449911609573;0;8
886;864.084/2009;3176;0.5256473085013856;1;8
887;873.518/2011;2087;0.5256228960479796;1;8
888;811.035/2010;3590;0.5254204767898637;1;8
889;850.902/2007;3413;0.5252842080795589;1;8
890;880.040/2018;2112;0.5250701439425433;1;8
891;864.532/2007;1873;0.525039907367189;1;8
892;858.057/2009;4332;0.5249383086683225;0;8
893;832.063/2014;4862;0.5249239397182487;0;8
894;832.024/2011;1254;0.5246314422063634;1;8
895;873.611/2009;2893;0.5246054318541611;1;8
896;826.117/2007;4831;0.5245486404474479;1;8
897;886.429/2013;4169;0.5242785743603479;1;8
898;831.313/2015;4881;0.5240858474635793;1;8
899;896.044/2001;3567;0.5239069790535926;1;8
900;810.478/2000;4841;0.5236403128389753;0;8
901;866.155/2015;2666;0.5231375403603549;1;8
902;866.448/2015;2950;0.5231375403603549;0;8
903;820.714/2002;4749;0.522864514393097;1;8
904;866.263/2013;2668;0.5222509417073763;1;8
905;820.610/2008;4818;0.5221994528675985;0;8
906;820.611/2008;4819;0.5221994528675985;0;8
907;820.617/2008;4821;0.5221994528675985;1;8
908;820.618/2008;4822;0.5221994528675985;1;8
909;820.619/2008;4823;0.5221994528675985;1;8
910;820.620/2008;4824;0.5221994528675985;1;8
911;820.243/2008;4899;0.5221994528675985;0;8
912;831.421/2011;1225;0.5221502541893155;0;8
913;834.223/2011;1354;0.5221502541893155;1;8
914;830.951/2011;2513;0.5221502541893155;1;8
915;826.779/2013;34;0.5202759625350796;1;8
916;890.239/1986;4587;0.5202134239761645;1;8
917;890.173/1988;4696;0.5202134239761645;1;8
918;890.170/1988;4697;0.5202134239761645;1;8
919;890.174/1988;4698;0.5202134239761645;1;8
920;890.177/1988;4699;0.5202134239761645;1;8
921;890.175/1988;4701;0.5202134239761645;1;8
922;890.176/1988;4702;0.5202134239761645;1;8
923;870.867/2011;2023;0.5201143822479729;1;8
924;820.547/2008;1013;0.5198536351536008;1;8
925;831.937/2008;2518;0.5198536351536008;1;8
926;891.550/1994;4709;0.519715646861032;1;8
927;890.263/1994;4764;0.519715646861032;1;8
928;884.006/2015;2909;0.5193629673847061;1;8
929;830.971/2011;1192;0.5192994556644585;1;8
930;884.091/2020;3278;0.5189239161991516;1;8
931;860.627/2010;1653;0.5185779407579736;1;8
932;861.870/2010;1774;0.5185779407579736;1;8
933;833.617/2007;1336;0.5182285540390767;1;8
934;826.295/1995;31;0.5178471740401659;0;8
935;861.196/2011;1721;0.5161630500548321;1;8
936;826.592/2006;1119;0.5160930417155001;1;8
937;896.174/1995;2244;0.5155063901540292;1;8
938;884.122/2019;2159;0.5153501436444552;1;8
939;884.127/2019;3123;0.5153501436444552;1;8
940;868.287/2015;4148;0.515080500418826;1;8
941;300.160/2019;2317;0.5148603302585381;1;8
942;871.373/2019;3224;0.5148603302585381;1;8
943;864.172/2019;2354;0.5145822369919487;1;8
944;851.263/2008;1538;0.5143347554501545;1;8
945;810.004/2005;4851;0.5142424125723671;0;8
946;826.136/2019;3595;0.5138683386709575;0;8
947;830.857/2019;1183;0.5137632148329607;1;8
948;826.239/1998;3503;0.5137622209967325;1;8
949;820.944/1998;4665;0.5133001382728196;1;8
950;820.438/1997;4712;0.5133001382728196;1;8
951;300.322/2020;183;0.5130770063508988;0;8
952;860.663/2016;1656;0.5130755551325017;1;8
953;872.680/2009;3402;0.5123150159307424;1;8
954;830.810/2021;1179;0.5118681849493458;1;8
955;884.007/2015;2910;0.5111940837507315;1;8
956;874.227/2011;4751;0.5111323130413448;0;8
957;861.264/2012;1733;0.511084155846821;1;8
958;861.556/2012;2418;0.511084155846821;1;8
959;300.393/2021;199;0.5110385834428859;1;8
960;300.833/2020;3888;0.5110385834428859;1;8
961;890.101/1994;3558;0.5109447181391416;1;8
962;810.730/2005;2985;0.5109125148095958;0;8
963;866.215/2019;1899;0.5108872657570402;1;8
964;866.095/2018;2653;0.5108872657570402;0;8
965;820.016/2005;961;0.5102988844835141;1;8
966;896.449/1998;4731;0.5099868224076044;1;8
967;300.101/2020;124;0.509962483679132;1;8
968;826.091/2000;4611;0.5099356620409824;0;8
969;826.448/2001;4644;0.5099356620409824;1;8
970;301.095/2020;411;0.5098950488227639;1;8
971;851.081/2013;1529;0.5098371557752788;1;8
972;851.255/2013;1535;0.5098371557752788;0;8
973;820.440/2011;4866;0.5095954777346183;0;8
974;830.557/2011;1163;0.5095559693797493;1;8
975;820.032/2001;4900;0.5094734148526952;1;8
976;866.223/2016;1902;0.509200576206611;1;8
977;866.112/2016;3405;0.509200576206611;1;8
978;826.510/2006;3510;0.5090483552300041;0;8
979;884.071/2011;2920;0.5089577680370858;1;8
980;820.454/2001;4021;0.5085946813509397;0;8
981;820.614/2008;4828;0.5079117155616129;0;8
982;864.302/2015;1856;0.5075793673591553;1;8
983;820.273/2004;986;0.5074427736993127;0;8
984;826.391/2004;4921;0.5074427736993127;1;8
985;861.588/2009;2420;0.5064140790998495;1;8
986;886.036/2012;4759;0.5057959453140584;0;8
987;864.062/2015;1810;0.5055839463448699;1;8
988;868.280/2015;1958;0.5048655107500032;1;8
989;851.041/2011;3728;0.5041211566977972;1;8
990;850.040/2012;3298;0.5038031660628856;1;8
991;890.382/1993;4598;0.5038015927289803;1;8
992;890.383/1993;4599;0.5038015927289803;1;8
993;890.388/1993;4600;0.5038015927289803;1;8
994;890.385/1993;4703;0.5038015927289803;1;8
995;896.312/2002;75;0.5035101528999594;1;8
996;850.375/2015;1507;0.5031516275042606;1;8
997;850.352/2014;2611;0.5031516275042606;1;8
998;871.519/2012;2429;0.5025361073913647;1;8
999;896.370/2006;4194;0.502388922701621;1;8
1000;300.534/2018;243;0.5020201289109634;1;8
1001;826.591/2013;3514;0.5019502310632762;1;8
1002;815.043/2013;4746;0.5019502310632762;1;8
1003;872.018/2011;2057;0.501603075826141;1;8
1004;826.514/1995;4687;0.5015926763422379;1;8
1005;300.553/2018;253;0.500876102550592;0;8
1006;300.668/2019;278;0.500876102550592;1;8
1007;300.682/2019;284;0.500876102550592;1;8
1008;300.707/2018;295;0.500876102550592;1;8
1009;866.187/1994;1896;0.5007891013733844;1;8
1010;866.464/2018;2680;0.5003943035830436;0;8
1011;866.466/2018;2682;0.5003943035830436;0;8
1012;820.439/1990;1002;0.5001699025931623;0;8
1013;890.203/2005;3560;0.5001067553214664;1;8
1014;300.202/2021;148;0.5000748376003731;0;8
1015;851.257/2008;1536;0.5000647816016821;1;8
1016;851.266/2008;3418;0.5000647816016821;1;8
1017;864.144/2016;1825;0.5000143118500824;1;8
1018;864.261/2015;1851;0.5000143118500824;1;8
1019;860.377/2012;1612;0.49862770940981566;1;8
1020;861.552/2012;3078;0.49862770940981566;0;8
1021;760.107/1996;3432;0.49841579017289095;1;8
1022;826.259/2009;27;0.49818746603221814;0;8
1023;826.262/2009;28;0.49818746603221814;0;8
1024;826.264/2009;30;0.49818746603221814;0;8
1025;826.631/2009;33;0.49818746603221814;0;8
1026;826.618/2009;4847;0.49818746603221814;0;8
1027;866.263/2014;1905;0.49754724468550365;1;8
1028;300.870/2018;361;0.49746132305498797;1;8
1029;300.809/2019;335;0.49740079515312846;1;8
1030;866.880/2017;2730;0.49727714543169077;1;8
1031;866.887/2017;2733;0.49727714543169077;1;8
1032;866.901/2017;2745;0.49727714543169077;1;8
1033;866.922/2017;2766;0.49727714543169077;1;8
1034;866.926/2017;2770;0.49727714543169077;1;8
1035;866.951/2017;2786;0.49727714543169077;1;8
1036;867.008/2017;2821;0.49727714543169077;0;8
1037;866.010/2017;3364;0.49727714543169077;1;8
1038;846.058/2008;3676;0.4970384813333888;1;8
1039;861.006/2012;3151;0.49695659892919314;1;8
1040;300.405/2020;202;0.4959752847087706;1;8
1041;300.989/2020;390;0.4959752847087706;1;8
1042;301.159/2021;3912;0.4959752847087706;1;8
1043;890.098/2008;4790;0.49563423818156016;0;8
1044;896.127/2003;4647;0.49532174936021023;0;8
1045;010.099/1967;100;0.4950841851073082;1;8
1046;890.153/2009;61;0.4949350702596817;1;8
1047;860.882/2011;1688;0.49419905956695803;1;8
1048;860.883/2011;1689;0.49419905956695803;1;8
1049;860.885/2011;1690;0.49419905956695803;1;8
1050;860.887/2011;1691;0.49419905956695803;1;8
1051;860.888/2011;1692;0.49419905956695803;1;8
1052;861.150/2011;1714;0.49419905956695803;1;8
1053;862.310/2011;1784;0.49419905956695803;0;8
1054;862.845/2011;1791;0.49419905956695803;1;8
1055;862.908/2011;1794;0.49419905956695803;1;8
1056;862.909/2011;1795;0.49419905956695803;1;8
1057;862.405/2011;2286;0.49419905956695803;0;8
1058;862.913/2011;3207;0.49419905956695803;1;8
1059;862.907/2011;3208;0.49419905956695803;1;8
1060;300.543/2022;247;0.4937115503574619;0;8
1061;846.060/2010;2542;0.4936236039455044;0;8
1062;300.932/2019;374;0.4934927581144627;1;8
1063;820.416/2012;102;0.49337135903981294;0;8
1064;831.544/2012;2517;0.49337135903981294;1;8
1065;868.099/2017;1955;0.4931878753070406;0;8
1066;300.329/2021;185;0.4925609445441556;1;8
1067;301.403/2022;4361;0.4925609445441556;1;8
1068;834.525/2008;1363;0.49240833562109065;0;8
1069;834.873/2008;1368;0.49240833562109065;1;8
1070;860.168/2004;3474;0.4923363000106693;1;8
1071;815.624/2005;87;0.4921698032863707;1;8
1072;886.115/2015;2930;0.49210690334564394;1;8
1073;830.466/2014;4875;0.4919089623189407;1;8
1074;821.024/2010;21;0.49182631224492246;1;8
1075;868.018/2018;3147;0.4917620267107858;0;8
1076;832.645/2012;1289;0.49142271494687656;1;8
1077;832.646/2012;1290;0.49142271494687656;1;8
1078;832.647/2012;1291;0.49142271494687656;1;8
1079;832.957/2012;1305;0.49142271494687656;0;8
1080;861.436/2011;1755;0.49127711902770654;1;8
1081;862.575/2011;1788;0.49127711902770654;1;8
1082;873.293/2007;3168;0.49111180975390545;1;8
1083;861.554/2012;2417;0.4910381763865601;1;8
1084;862.179/2012;3086;0.4910381763865601;0;8
1085;890.179/2008;4771;0.4908065981941098;0;8
1086;832.603/2007;4494;0.49078135419265784;0;8
1087;300.914/2020;369;0.49075305191426;1;8
1088;301.296/2021;432;0.49075305191426;1;8
1089;301.273/2020;2349;0.49075305191426;1;8
1090;300.384/2020;4206;0.49075305191426;1;8
1091;300.132/2009;136;0.49068135197869084;0;8
1092;831.130/2009;1202;0.49068135197869084;1;8
1093;820.680/1998;19;0.4900248756435567;1;8
1094;830.507/2008;1158;0.48992688243455107;1;8
1095;300.148/2021;140;0.48969246816949413;1;8
1096;300.332/2020;186;0.48969246816949413;1;8
1097;300.399/2020;4491;0.48969246816949413;1;8
1098;810.049/2001;4773;0.4896596247832553;0;8
1099;880.055/1993;2895;0.48913750561963815;1;8
1100;826.789/2011;4836;0.4890029765801712;0;8
1101;890.099/1988;58;0.4887817663499359;1;8
1102;831.018/2011;1195;0.4886027270799008;1;8
1103;834.453/2011;1361;0.4886027270799008;1;8
1104;301.056/2020;3616;0.48859346442802454;0;8
1105;871.670/2012;2050;0.4884087955251007;1;8
1106;826.867/2016;4869;0.4882696749458185;1;8
1107;850.057/2011;2594;0.48810632223993394;1;8
1108;850.073/2011;2597;0.48810632223993394;1;8
1109;850.991/2011;3023;0.48810632223993394;1;8
1110;801.020/2010;85;0.48807486039341746;1;8
1111;846.567/2008;3717;0.4878582067891401;1;8
1112;868.244/2016;3735;0.4876123737208468;1;8
1113;820.736/2011;4856;0.48743736822074674;0;8
1114;851.230/2008;3417;0.4873592735971193;1;8
1115;844.072/2010;4577;0.4872886460701628;1;8
1116;866.292/2012;2673;0.48716876703875467;1;8
1117;846.500/2008;3714;0.4870421608839166;1;8
1118;848.005/2010;4736;0.48704184588735117;1;8
1119;303.241/2018;467;0.48699445801102453;1;8
1120;800.820/1977;4913;0.48694456420471033;0;8
1121;300.301/2018;178;0.4867922393763578;1;8
1122;830.600/2013;1164;0.48678946651701144;1;8
1123;830.644/2013;2512;0.48678946651701144;1;8
1124;810.039/1991;4907;0.48611446242109785;0;8
1125;864.224/2013;1838;0.48540415964812894;1;8
1126;864.231/2013;1840;0.48540415964812894;1;8
1127;830.367/2020;1150;0.4853739742692852;0;8
1128;831.136/2020;1205;0.4853739742692852;1;8
1129;872.333/2011;2431;0.4849436292648886;1;8
1130;826.101/2009;4835;0.4839827058649962;1;8
1131;866.462/2008;2677;0.4837362120613194;1;8
1132;810.301/2000;4769;0.4836501178920777;0;8
1133;831.295/2014;4798;0.48361165441567;0;8
1134;820.946/2009;4797;0.48352077280500416;1;8
1135;896.614/2002;4857;0.4831007362018499;0;8
1136;860.065/2012;3200;0.482957851646917;1;8
1137;850.396/2012;1510;0.4821796790616165;1;8
1138;870.920/2021;3112;0.4820982732923819;1;8
1139;886.417/2010;4643;0.48189095105395974;1;8
1140;300.567/2018;255;0.4817398845072786;0;8
1141;303.286/2018;468;0.4817398845072786;0;8
1142;303.378/2018;3620;0.4817398845072786;0;8
1143;862.936/2011;1797;0.4815242245560329;1;8
1144;826.219/2000;26;0.4815008040814266;0;8
1145;815.686/2006;3487;0.48127972503457983;1;8
1146;826.556/2011;4785;0.4812652478388045;0;8
1147;821.098/2001;4883;0.48103903159267747;1;8
1148;896.555/1995;4376;0.48080221858863575;0;8
1149;300.120/2019;132;0.480680393432022;1;8
1150;300.861/2019;356;0.480680393432022;1;8
1151;300.945/2019;377;0.480680393432022;1;8
1152;300.379/2018;4235;0.480680393432022;1;8
1153;826.717/2015;3516;0.48065232816907016;0;8
1154;860.750/2006;1662;0.4804262433846668;0;8
1155;831.161/2010;1208;0.48041527860519206;1;8
1156;872.368/2012;2065;0.4801138477386568;1;8
1157;867.278/2020;1948;0.48008901472386234;1;8
1158;890.450/1989;2205;0.4791942568527899;1;8
1159;864.325/2013;1863;0.4790099761841084;1;8
1160;870.434/2020;1992;0.47894141283183544;1;8
1161;870.412/1986;3164;0.47887839531703497;1;8
1162;810.178/1988;3587;0.47885207364772825;0;8
1163;861.684/2010;52;0.4786254838080552;1;8
1164;870.855/2011;2019;0.4783567777690756;1;8
1165;301.324/2020;435;0.478185308741694;1;8
1166;866.736/2020;1928;0.478185308741694;0;8
1167;300.954/2022;4474;0.478185308741694;1;8
1168;826.119/2019;3372;0.4770520994165473;1;8
1169;832.619/2009;2520;0.4769869056238762;1;8
1170;830.032/2009;4465;0.4769869056238762;1;8
1171;821.201/2001;4626;0.47621932504717523;1;8
1172;826.518/2002;1112;0.47609834691267744;0;8
1173;861.621/2012;1768;0.4759570685237749;1;8
1174;860.490/2012;2461;0.4759570685237749;1;8
1175;862.175/2012;3085;0.4759570685237749;0;8
1176;886.441/2007;57;0.4758257674947142;1;8
1177;860.186/2012;1571;0.4752134574154193;1;8
1178;861.551/2012;1764;0.4752134574154193;0;8
1179;861.868/2012;1772;0.4752134574154193;1;8
1180;861.557/2012;2419;0.4752134574154193;1;8
1181;860.951/2012;3055;0.4752134574154193;1;8
1182;860.497/2012;3290;0.4752134574154193;1;8
1183;866.465/2018;2681;0.47509384017342887;0;8
1184;880.007/2012;2107;0.4745089328537088;1;8
1185;826.517/2011;3512;0.47431523576773654;1;8
1186;300.452/2018;220;0.47413586471239205;1;8
1187;830.115/2019;1136;0.47413586471239205;0;8
1188;830.249/2018;1144;0.47413586471239205;1;8
1189;300.019/2019;3599;0.47413586471239205;0;8
1190;300.312/2019;4245;0.47413586471239205;0;8
1191;300.666/2019;4251;0.47413586471239205;1;8
1192;300.315/2019;4292;0.47413586471239205;1;8
1193;866.679/2013;1926;0.47406383827460713;1;8
1194;867.417/2013;1950;0.47406383827460713;1;8
1195;846.099/2009;3683;0.47396064349324357;1;8
1196;831.712/2015;4870;0.47377240498000994;0;8
1197;831.714/2015;4871;0.47377240498000994;0;8
1198;831.415/2000;1224;0.4731823623590586;1;8
1199;886.047/2010;81;0.4727749151440567;1;8
1200;866.514/2018;3320;0.472452428061341;0;8
1201;300.405/2016;201;0.47204639886701943;1;8
1202;826.170/2002;3500;0.4715556363815375;1;8
1203;826.072/2002;4721;0.4715556363815375;1;8
1204;826.062/2014;4802;0.4714070166972478;0;8
1205;850.128/2008;3414;0.47065769027718485;1;8
1206;832.895/2006;44;0.46998213864193544;1;8
1207;851.722/2013;1540;0.4693624403569952;1;8
1208;851.313/2013;3421;0.4693624403569952;1;8
1209;300.008/2021;104;0.46925070633008603;0;8
1210;300.140/2021;138;0.46925070633008603;1;8
1211;300.470/2021;226;0.46925070633008603;1;8
1212;300.762/2021;313;0.46925070633008603;1;8
1213;301.140/2020;418;0.46925070633008603;0;8
1214;301.135/2020;3618;0.46925070633008603;1;8
1215;300.324/2018;184;0.46920005969394146;1;8
1216;820.207/2018;981;0.46920005969394146;1;8
1217;866.108/2018;2661;0.4691902972407117;0;8
1218;833.290/2012;2951;0.4689229048195393;1;8
1219;300.588/2021;261;0.46866255425916115;1;8
1220;896.048/1998;73;0.4678698404471766;1;8
1221;880.224/2012;2135;0.4675400402268734;0;8
1222;810.436/2015;6;0.4670091538418793;1;8
1223;861.151/2011;2638;0.46686544716502854;1;8
1224;848.211/2015;3473;0.46679561176780954;1;8
1225;860.868/2018;3197;0.4666898286113526;1;8
1226;860.720/2017;1659;0.4666404437441578;1;8
1227;860.796/2017;1670;0.4666404437441578;1;8
1228;860.842/2017;1675;0.4666404437441578;1;8
1229;860.939/2017;2315;0.4666404437441578;1;8
1230;860.701/2017;3183;0.4666404437441578;1;8
1231;886.117/2021;3382;0.4665234989369069;1;8
1232;860.009/2020;1545;0.4664379149144676;1;8
1233;860.055/2020;1552;0.4664379149144676;1;8
1234;860.457/2020;1621;0.4664379149144676;1;8
1235;860.562/2020;3044;0.4664379149144676;1;8
1236;860.658/2022;3350;0.4664379149144676;1;8
1237;860.496/2020;3376;0.4664379149144676;1;8
1238;870.303/2018;1988;0.4658807300320098;1;8
1239;871.372/2019;3223;0.4658807300320098;1;8
1240;860.853/2010;4732;0.4647657284757215;0;8
1241;810.078/1991;4794;0.46473346418678324;1;8
1242;834.305/2008;1355;0.46464006482721487;1;8
1243;820.351/1989;4911;0.4644283980694667;0;8
1244;896.278/1998;3569;0.46391725503276654;1;8
1245;884.123/2012;2923;0.4637415844553423;1;8
1246;848.231/2019;3250;0.46373616768249726;1;8
1247;821.083/2011;4740;0.4637088651619086;1;8
1248;866.855/2017;2708;0.4636644064299822;0;8
1249;866.900/2017;2744;0.4636644064299822;1;8
1250;866.913/2017;2757;0.4636644064299822;1;8
1251;866.923/2017;2767;0.4636644064299822;1;8
1252;866.976/2017;2801;0.4636644064299822;1;8
1253;866.984/2017;2807;0.4636644064299822;1;8
1254;866.986/2017;2809;0.4636644064299822;0;8
1255;866.993/2017;2813;0.4636644064299822;0;8
1256;866.997/2017;2816;0.4636644064299822;0;8
1257;866.998/2017;2817;0.4636644064299822;0;8
1258;867.002/2017;2819;0.4636644064299822;0;8
1259;867.014/2017;2827;0.4636644064299822;1;8
1260;867.020/2017;2833;0.4636644064299822;1;8
1261;867.034/2017;2844;0.4636644064299822;1;8
1262;867.040/2017;2848;0.4636644064299822;1;8
1263;867.054/2017;2864;0.4636644064299822;1;8
1264;867.055/2017;2866;0.4636644064299822;1;8
1265;867.056/2017;2868;0.4636644064299822;0;8
1266;867.057/2017;2869;0.4636644064299822;1;8
1267;867.058/2017;2871;0.4636644064299822;1;8
1268;866.582/2014;2686;0.4633454435742084;1;8
1269;300.885/2022;4454;0.46308125518523097;0;8
1270;860.199/2007;1576;0.462796251191318;1;8
1271;861.338/2007;3481;0.46201220573421764;1;8
1272;301.222/2021;425;0.4618140145420842;1;8
1273;868.087/2015;1954;0.4616416507474978;1;8
1274;873.610/2011;2091;0.4616094108950596;1;8
1275;872.336/2011;3117;0.4616094108950596;1;8
1276;872.371/2021;2066;0.4610060620121818;1;8
1277;870.518/2022;3343;0.4610060620121818;1;8
1278;870.519/2022;3344;0.4610060620121818;1;8
1279;301.117/2021;416;0.46092514668576384;0;8
1280;830.775/2021;1176;0.4607903486140547;1;8
1281;866.625/2018;1923;0.4607431417146577;0;8
1282;866.303/2018;2675;0.4607431417146577;0;8
1283;830.815/2008;3522;0.46072587461291536;1;8
1284;300.392/2020;198;0.46050967929489606;1;8
1285;815.146/2007;10;0.4598746862579225;1;8
1286;862.682/2011;1790;0.45948676188598553;1;8
1287;826.016/2016;3492;0.45944200023301784;1;8
1288;860.187/2015;1572;0.45935334811550893;1;8
1289;860.459/2015;1622;0.45935334811550893;0;8
1290;860.467/2015;1624;0.45935334811550893;0;8
1291;860.914/2015;1695;0.45935334811550893;1;8
1292;861.200/2015;1722;0.45935334811550893;0;8
1293;861.123/2015;3060;0.45935334811550893;0;8
1294;861.124/2015;3061;0.45935334811550893;1;8
1295;861.152/2015;3063;0.45935334811550893;1;8
1296;826.315/2013;4774;0.45933361236892783;0;8
1297;810.818/2006;850;0.4589769369328138;0;8
1298;896.661/2001;4708;0.45872316679735653;0;8
1299;864.022/2013;1801;0.45835698083436116;1;8
1300;864.277/2013;1854;0.45835698083436116;1;8
1301;861.233/2016;1727;0.4581822223374357;1;8
1302;861.118/2016;3059;0.4581822223374357;0;8
1303;860.876/2016;3130;0.4581822223374357;1;8
1304;861.114/2016;3381;0.4581822223374357;1;8
1305;884.078/2010;3761;0.4577452353574498;1;8
1306;846.615/2011;2587;0.457531229212403;1;8
1307;851.135/2013;1534;0.4571033395086342;1;8
1308;300.760/2018;310;0.4569808122669679;1;8
1309;300.445/2019;4254;0.45691009673151245;1;8
1310;300.813/2018;336;0.4568538764254905;1;8
1311;860.720/2008;3548;0.456685933396466;1;8
1312;815.371/2009;4624;0.4562712357801695;1;8
1313;300.825/2018;340;0.4553583913657915;1;8
1314;300.669/2018;280;0.4552974001689068;1;8
1315;300.684/2019;287;0.4552974001689068;1;8
1316;300.860/2019;355;0.4552974001689068;1;8
1317;826.030/2013;3581;0.45528983413667606;0;8
1318;860.206/2013;1579;0.45473982283273884;1;8
1319;861.327/2015;2641;0.45473982283273884;0;8
1320;860.704/2010;3547;0.4547378693652572;1;8
1321;860.607/2010;4630;0.4547378693652572;0;8
1322;860.862/2018;3188;0.4543099673956249;1;8
1323;860.016/2019;3341;0.4543099673956249;1;8
1324;800.277/2011;1;0.453973400281069;1;8
1325;810.193/2003;4711;0.45389865852147476;0;8
1326;830.800/2018;1178;0.4538643011947334;1;8
1327;300.164/2021;144;0.45358849499603715;1;8
1328;301.072/2020;408;0.45358849499603715;1;8
1329;860.188/2016;1573;0.45357059146831175;1;8
1330;861.236/2016;1730;0.45357059146831175;1;8
1331;860.057/2016;3396;0.45357059146831175;1;8
1332;886.440/2011;4629;0.45309643098324187;1;8
1333;878.019/2010;3748;0.4529996122059782;0;8
1334;300.886/2020;366;0.45280824607560266;1;8
1335;870.939/2020;2326;0.45280824607560266;1;8
1336;871.857/2022;4492;0.45280824607560266;1;8
1337;834.601/2008;1364;0.45229056250266464;1;8
1338;890.464/1990;70;0.45211262561251453;1;8
1339;850.059/2011;2595;0.45203249351775276;1;8
1340;866.134/2009;1894;0.4517689344869089;1;8
1341;300.575/2021;3866;0.451195530867628;1;8
1342;300.876/2021;3894;0.451195530867628;1;8
1343;826.422/2018;3594;0.45118366590191245;0;8
1344;826.915/2011;4811;0.45116340939553917;0;8
1345;860.766/2005;1664;0.45097612054353087;1;8
1346;867.030/2018;2839;0.45063541475253743;1;8
1347;891.081/1994;2220;0.4505392788763637;0;8
1348;861.912/2012;3083;0.4504637072075237;1;8
1349;860.143/2012;3209;0.4504637072075237;1;8
1350;890.477/2006;4863;0.450355476267362;0;8
1351;851.040/2011;3727;0.4503232459274768;1;8
1352;300.583/2018;4231;0.45018250720140707;0;8
1353;864.215/2014;1833;0.4496607304206859;0;8
1354;832.511/2015;1281;0.44956740346736945;1;8
1355;832.582/2015;1287;0.44956740346736945;1;8
1356;884.042/2016;2147;0.44956368904885724;1;8
1357;860.189/2021;3339;0.4494544903409552;1;8
1358;866.602/2017;1920;0.4491661134813988;1;8
1359;866.606/2017;1922;0.4491661134813988;1;8
1360;867.009/2017;2822;0.4491661134813988;0;8
1361;867.233/2017;2878;0.4491661134813988;1;8
1362;861.144/2015;2637;0.4478463038445307;1;8
1363;870.689/2018;2012;0.4478022095752125;0;8
1364;870.653/2019;3220;0.4478022095752125;1;8
1365;831.565/2016;1232;0.447741689375979;1;8
1366;870.031/1998;4657;0.4475219383761285;0;8
1367;860.376/2016;1611;0.44691343288295976;1;8
1368;864.216/2016;1834;0.44691343288295976;1;8
1369;864.149/2012;1826;0.4468957546388397;0;8
1370;860.057/2018;1553;0.44679386495036477;1;8
1371;860.227/2018;1583;0.44679386495036477;1;8
1372;860.576/2018;1643;0.44679386495036477;1;8
1373;860.749/2018;1661;0.44679386495036477;1;8
1374;860.022/2019;2628;0.44679386495036477;1;8
1375;860.128/2018;3331;0.44679386495036477;0;8
1376;834.001/2012;2995;0.44677704696298026;1;8
1377;303.206/2018;464;0.44670088106407113;1;8
1378;870.381/2012;3392;0.44657839764135465;0;8
1379;300.698/2011;294;0.4463577775618456;1;8
1380;850.142/2016;3719;0.4460980021846862;1;8
1381;300.735/2018;3878;0.4456901818425445;0;8
1382;815.607/2004;84;0.4455035713575223;1;8
1383;860.153/2007;51;0.44538082129450796;1;8
1384;861.515/2010;1761;0.4448021674002611;1;8
1385;880.017/2017;3154;0.44459670546232644;1;8
1386;300.348/2020;3607;0.4444916194687094;0;8
1387;815.067/2007;8;0.44445596078754435;1;8
1388;864.041/2016;1804;0.444260073300261;1;8
1389;300.223/2018;154;0.4438845258102513;1;8
1390;300.455/2018;221;0.4438845258102513;1;8
1391;870.440/2018;1994;0.4438845258102513;1;8
1392;870.931/2019;3391;0.4438845258102513;0;8
1393;300.432/2019;4287;0.4438845258102513;0;8
1394;871.794/2018;4436;0.4438845258102513;0;8
1395;846.681/2011;2589;0.44377949875221945;1;8
1396;846.188/2011;3705;0.44377949875221945;1;8
1397;860.882/2008;3479;0.44351226316725145;1;8
1398;860.199/2015;3029;0.44337262573760133;1;8
1399;860.205/2015;3349;0.44337262573760133;1;8
1400;300.168/2020;146;0.4430934954837704;1;8
1401;820.313/2002;4760;0.4428684596407897;0;8
1402;866.092/2018;2650;0.4426757967653243;1;8
1403;860.293/2015;1598;0.4424139899201578;1;8
1404;860.569/2014;1640;0.4424139899201578;1;8
1405;860.431/2014;3042;0.4424139899201578;1;8
1406;861.707/2013;3195;0.4424139899201578;1;8
1407;861.997/2013;3199;0.4424139899201578;1;8
1408;860.274/2017;1593;0.4421543660854658;0;8
1409;860.330/2017;3132;0.4421543660854658;1;8
1410;860.143/2017;3259;0.4421543660854658;1;8
1411;860.243/2021;2408;0.44195365854046537;1;8
1412;860.506/2022;3379;0.44195365854046537;1;8
1413;826.004/1992;4679;0.44170983718768353;0;8
1414;826.301/1992;4680;0.44170983718768353;1;8
1415;846.213/2011;3279;0.44169912931055316;1;8
1416;871.712/2018;2473;0.44149767208100804;1;8
1417;871.714/2018;3354;0.44149767208100804;1;8
1418;870.021/2019;3358;0.44149767208100804;1;8
1419;850.390/2014;1508;0.44127837909108764;1;8
1420;800.452/2010;4983;0.44126828999298895;0;8
1421;815.331/2006;82;0.4412591682854641;1;8
1422;860.405/2016;1615;0.44125080391956645;0;8
1423;300.256/2020;167;0.4408774343385767;1;8
1424;860.119/2014;1560;0.4407656530002017;1;8
1425;861.380/2013;1747;0.4407656530002017;1;8
1426;861.211/2013;2640;0.4407656530002017;1;8
1427;860.685/2014;3048;0.4407656530002017;1;8
1428;860.408/2009;3039;0.44021232181988496;1;8
1429;860.412/2009;3040;0.44021232181988496;1;8
1430;860.430/2009;3041;0.44021232181988496;1;8
1431;834.973/2010;1370;0.4401991867577913;1;8
1432;801.032/2010;4987;0.4401641081927517;1;8
1433;860.232/2019;1584;0.43966932763141475;1;8
1434;860.283/2018;1596;0.43966932763141475;1;8
1435;860.853/2019;1677;0.43966932763141475;1;8
1436;860.361/2019;3184;0.43966932763141475;1;8
1437;860.854/2019;3264;0.43966932763141475;0;8
1438;860.129/2018;3332;0.43966932763141475;1;8
1439;860.935/2019;3365;0.43966932763141475;1;8
1440;840.330/2010;2997;0.4395490698839202;0;8
1441;864.528/2011;1872;0.4392830271801529;1;8
1442;860.875/2018;1684;0.43907152652532677;0;8
1443;860.758/2019;2446;0.4388138863560877;1;8
1444;303.196/2018;3922;0.4388138863560877;1;8
1445;860.600/2011;1649;0.4380876578931835;1;8
1446;862.125/2011;3292;0.4380876578931835;1;8
1447;300.305/2017;179;0.4378960847165053;1;8
1448;861.302/2011;1740;0.43697970122763224;1;8
1449;872.395/2021;3201;0.43666955203778607;0;8
1450;833.712/2012;1339;0.4366632286239278;1;8
1451;833.748/2012;1343;0.4366632286239278;1;8
1452;864.255/2015;1848;0.436654453260781;1;8
1453;864.320/2015;3095;0.436654453260781;1;8
1454;864.596/2007;4144;0.4362296297487714;1;8
1455;840.133/2014;3578;0.43605471692570463;1;8
1456;871.667/2021;4569;0.43568961267207407;1;8
1457;864.615/2008;1879;0.43551853138113633;1;8
1458;830.122/2016;1137;0.4354540560161857;1;8
1459;831.726/2016;1240;0.4354540560161857;0;8
1460;860.915/2017;3138;0.43504563054197476;1;8
1461;861.079/2017;3228;0.43504563054197476;1;8
1462;860.161/2015;1569;0.4349378310474694;1;8
1463;861.072/2015;1706;0.4349378310474694;1;8
1464;861.294/2015;1737;0.4349378310474694;1;8
1465;860.112/2015;2362;0.4349378310474694;1;8
1466;861.306/2015;2458;0.4349378310474694;1;8
1467;861.143/2015;2636;0.4349378310474694;1;8
1468;861.039/2015;3057;0.4349378310474694;0;8
1469;860.768/2015;3257;0.4349378310474694;1;8
1470;833.270/2012;1319;0.4347675478272762;1;8
1471;826.697/2012;4633;0.43465975812143887;0;8
1472;832.507/2007;1280;0.43461679009437276;1;8
1473;868.061/2017;1953;0.43453283187959607;0;8
1474;860.297/2017;1600;0.43444924176916766;1;8
1475;860.627/2017;3385;0.43444924176916766;1;8
1476;860.923/2009;2502;0.43431396201204364;1;8
1477;880.091/2019;2897;0.43404075224230465;0;8
1478;870.366/2020;4149;0.433911966153347;0;8
1479;861.510/2016;2459;0.4337790095234866;1;8
1480;861.095/2016;3351;0.4337790095234866;0;8
1481;896.793/2007;4648;0.4337680388982584;0;8
1482;870.297/2012;3206;0.4337338930743794;1;8
1483;870.654/2019;2009;0.4335720734150913;1;8
1484;861.229/2016;1725;0.4331095359300409;1;8
1485;861.430/2016;3074;0.4331095359300409;1;8
1486;861.432/2016;3076;0.4331095359300409;1;8
1487;866.647/2011;1924;0.4329890039305808;1;8
1488;301.319/2020;434;0.4328698062119585;1;8
1489;870.435/2020;1993;0.4328698062119585;1;8
1490;846.580/2011;1409;0.4326617175351853;1;8
1491;846.528/2011;2585;0.4326617175351853;1;8
1492;846.034/2011;4308;0.4326617175351853;1;8
1493;826.272/2016;4800;0.43249075045155316;1;8
1494;880.265/2013;2902;0.4318389897443236;0;8
1495;860.454/2006;4919;0.43170054196670327;0;8
1496;831.768/2015;4889;0.4316671379257347;1;8
1497;300.692/2021;290;0.4316282323222591;1;8
1498;896.906/2006;3792;0.43125101077208694;1;8
1499;860.471/2018;1625;0.4311870332354723;1;8
1500;860.162/2019;3145;0.4311870332354723;1;8
1501;860.428/2018;3280;0.4311870332354723;1;8
1502;860.584/2019;3319;0.4311870332354723;0;8
1503;871.520/2012;2430;0.43113356101790296;1;8
1504;826.741/2011;3579;0.43081878445303706;1;8
1505;826.100/2012;25;0.4306601759880343;1;8
1506;860.628/2012;1654;0.43040182510060504;1;8
1507;860.043/2012;3026;0.43040182510060504;0;8
1508;860.044/2012;3027;0.43040182510060504;0;8
1509;830.933/2013;1189;0.43035556340772985;1;8
1510;801.040/2010;605;0.4303329608892411;1;8
1511;866.104/2018;2658;0.4300539302894754;1;8
1512;866.814/2017;2693;0.4299861016996032;1;8
1513;866.824/2017;2694;0.4299861016996032;1;8
1514;866.825/2017;2695;0.4299861016996032;1;8
1515;866.826/2017;2696;0.4299861016996032;1;8
1516;866.834/2017;2698;0.4299861016996032;1;8
1517;866.839/2017;2699;0.4299861016996032;1;8
1518;866.840/2017;2700;0.4299861016996032;1;8
1519;866.841/2017;2701;0.4299861016996032;1;8
1520;866.842/2017;2702;0.4299861016996032;1;8
1521;866.847/2017;2703;0.4299861016996032;1;8
1522;866.851/2017;2706;0.4299861016996032;1;8
1523;866.858/2017;2711;0.4299861016996032;0;8
1524;866.859/2017;2712;0.4299861016996032;0;8
1525;866.860/2017;2713;0.4299861016996032;0;8
1526;866.861/2017;2714;0.4299861016996032;1;8
1527;866.867/2017;2718;0.4299861016996032;0;8
1528;866.868/2017;2719;0.4299861016996032;0;8
1529;866.869/2017;2720;0.4299861016996032;0;8
1530;866.870/2017;2721;0.4299861016996032;1;8
1531;866.871/2017;2722;0.4299861016996032;1;8
1532;866.872/2017;2723;0.4299861016996032;0;8
1533;866.873/2017;2724;0.4299861016996032;0;8
1534;866.874/2017;2725;0.4299861016996032;0;8
1535;866.877/2017;2728;0.4299861016996032;0;8
1536;866.878/2017;2729;0.4299861016996032;0;8
1537;866.891/2017;2737;0.4299861016996032;1;8
1538;866.895/2017;2740;0.4299861016996032;1;8
1539;866.896/2017;2741;0.4299861016996032;1;8
1540;866.897/2017;2742;0.4299861016996032;1;8
1541;866.898/2017;2743;0.4299861016996032;1;8
1542;866.905/2017;2749;0.4299861016996032;1;8
1543;866.906/2017;2750;0.4299861016996032;1;8
1544;866.907/2017;2751;0.4299861016996032;1;8
1545;866.910/2017;2754;0.4299861016996032;1;8
1546;866.916/2017;2760;0.4299861016996032;0;8
1547;866.949/2017;2784;0.4299861016996032;1;8
1548;866.971/2017;2798;0.4299861016996032;1;8
1549;866.835/2017;3289;0.4299861016996032;1;8
1550;866.066/2017;3293;0.4299861016996032;1;8
1551;866.048/2017;3309;0.4299861016996032;1;8
1552;810.225/2003;5;0.42963311774182716;1;8
1553;870.830/2015;4801;0.42946146802513074;1;8
1554;300.789/2019;4248;0.42928571670733245;0;8
1555;300.128/2018;4205;0.4292768391699987;1;8
1556;300.061/2018;4244;0.4292768391699987;0;8
1557;884.094/2016;2922;0.42918878897359986;1;8
1558;848.129/2006;1431;0.42907000608500895;1;8
1559;860.209/2018;1581;0.4290546046274618;1;8
1560;880.047/2011;2114;0.42894958005574074;1;8
1561;300.111/2020;130;0.4287640871248305;1;8
1562;860.635/2007;2411;0.42874826004977135;1;8
1563;830.882/2017;1186;0.4286732950234872;1;8
1564;300.578/2019;257;0.42855436815341386;1;8
1565;300.580/2019;259;0.42855436815341386;1;8
1566;846.060/2018;3677;0.42855436815341386;1;8
1567;846.205/2018;4088;0.42855436815341386;1;8
1568;826.511/2018;2991;0.428492474524135;0;8
1569;826.512/2018;2992;0.428492474524135;0;8
1570;826.069/2018;3370;0.428492474524135;1;8
1571;815.379/1997;11;0.42848968411396626;1;8
1572;866.342/2016;1908;0.4283901296275287;1;8
1573;300.502/2020;235;0.4283419224027385;1;8
1574;860.981/2015;1700;0.4278561314398709;1;8
1575;861.125/2015;3062;0.4278561314398709;1;8
1576;864.296/2016;1855;0.4277350040367351;1;8
1577;300.106/2018;127;0.42767149307789953;1;8
1578;300.378/2019;195;0.42767149307789953;1;8
1579;300.761/2019;311;0.42767149307789953;1;8
1580;301.025/2019;397;0.42767149307789953;0;8
1581;831.084/2019;1197;0.42767149307789953;1;8
1582;831.120/2019;1201;0.42767149307789953;1;8
1583;300.742/2019;2291;0.42767149307789953;0;8
1584;300.424/2018;4204;0.42767149307789953;1;8
1585;300.433/2019;4210;0.42767149307789953;1;8
1586;300.282/2019;4213;0.42767149307789953;1;8
1587;303.176/2018;4220;0.42767149307789953;1;8
1588;300.766/2018;4242;0.42767149307789953;0;8
1589;300.402/2019;4247;0.42767149307789953;0;8
1590;300.340/2018;4252;0.42767149307789953;1;8
1591;830.727/2018;4288;0.42767149307789953;0;8
1592;300.508/2018;4553;0.42767149307789953;0;8
1593;862.124/2011;2423;0.4274819882778366;1;8
1594;860.553/2010;3544;0.42742643890380283;1;8
1595;861.517/2010;4750;0.42742643890380283;1;8
1596;846.626/2011;2588;0.4273554983508233;1;8
1597;861.309/2015;3070;0.4272621447573493;1;8
1598;860.117/2013;3028;0.4270061590277391;1;8
1599;810.283/1985;4677;0.42690634123741156;0;8
1600;831.911/2013;4854;0.4268423458782226;0;8
1601;831.450/2013;4898;0.4268423458782226;0;8
1602;860.117/2016;1559;0.4267019299155223;1;8
1603;860.503/2016;1630;0.4267019299155223;1;8
1604;861.159/2016;1717;0.4267019299155223;1;8
1605;861.279/2016;3187;0.4267019299155223;1;8
1606;860.131/2017;1563;0.4265846279812732;1;8
1607;860.562/2017;1639;0.4265846279812732;1;8
1608;860.338/2020;1606;0.42638558596004716;1;8
1609;840.327/2009;3172;0.4261366044290175;1;8
1610;860.244/2016;1587;0.42610835222407845;1;8
1611;808.574/1975;777;0.42610364259282624;1;8
1612;300.118/2020;131;0.4259851871700809;1;8
1613;300.292/2021;174;0.4259851871700809;1;8
1614;300.411/2020;206;0.4259851871700809;0;8
1615;300.697/2021;293;0.4259851871700809;1;8
1616;300.943/2020;376;0.4259851871700809;1;8
1617;300.967/2021;384;0.4259851871700809;1;8
1618;301.107/2020;413;0.4259851871700809;0;8
1619;300.169/2020;2312;0.4259851871700809;1;8
1620;300.628/2021;3610;0.4259851871700809;0;8
1621;861.029/2012;2365;0.42592001321382095;1;8
1622;861.350/2012;2415;0.42592001321382095;1;8
1623;300.505/2019;4551;0.42589993172744767;1;8
1624;860.059/2016;3210;0.425852543779285;0;8
1625;800.789/2010;4986;0.4257780308108403;0;8
1626;890.157/1980;62;0.42576945787557186;1;8
1627;300.737/2020;303;0.42534047356801946;1;8
1628;832.122/2012;3656;0.42520715961924765;0;8
1629;866.065/2017;2648;0.42511790256577875;1;8
1630;866.046/2017;3314;0.42511790256577875;1;8
1631;850.982/2011;2622;0.4250889463325337;1;8
1632;300.266/2018;169;0.42507135652277267;1;8
1633;870.856/2019;2020;0.42507135652277267;1;8
1634;871.503/2019;4453;0.42507135652277267;0;8
1635;833.662/2012;1338;0.4249654382559916;1;8
1636;880.155/2014;2469;0.42467563942845615;0;8
1637;880.105/2014;3141;0.42467563942845615;1;8
1638;880.154/2014;3150;0.42467563942845615;1;8
1639;866.030/2016;1891;0.4243160829934766;1;8
1640;821.446/2001;4951;0.42413705827460113;0;8
1641;811.287/2013;3435;0.42409611485332394;1;8
1642;861.164/2012;1719;0.4239273218634701;1;8
1643;300.795/2021;327;0.4236986820654907;1;8
1644;300.798/2021;329;0.4236986820654907;1;8
1645;300.831/2021;343;0.4236986820654907;1;8
1646;300.801/2021;3883;0.4236986820654907;0;8
1647;880.021/2016;2111;0.4235236665998917;0;8
1648;300.093/2018;3836;0.42348728855214973;1;8
1649;810.050/1992;2956;0.4233878931175933;1;8
1650;300.028/2022;109;0.4229608039634051;1;8
1651;300.048/2021;114;0.4229608039634051;1;8
1652;300.105/2021;126;0.4229608039634051;1;8
1653;300.787/2020;325;0.4229608039634051;1;8
1654;301.289/2020;431;0.4229608039634051;1;8
1655;301.297/2021;433;0.4229608039634051;1;8
1656;300.671/2020;4283;0.4229608039634051;1;8
1657;891.363/1994;4182;0.42273515137805656;1;8
1658;300.788/2019;4281;0.4225385838670305;0;8
1659;848.279/2018;1470;0.42237125911618756;1;8
1660;886.233/2012;4837;0.42190656170336843;1;8
1661;886.298/2010;4628;0.42189636776805967;1;8
1662;831.211/2008;37;0.4218628412924074;1;8
1663;810.235/1993;3588;0.4216828207534392;0;8
1664;860.127/2018;1561;0.4215865430642111;1;8
1665;860.231/2018;2352;0.4215865430642111;1;8
1666;300.744/2022;3880;0.4211137718214517;0;8
1667;884.128/2019;2924;0.4210351067741466;1;8
1668;830.379/2020;1151;0.42092997111586816;0;8
1669;831.173/2021;1211;0.42092997111586816;1;8
1670;826.419/2005;1098;0.42068308056728304;1;8
1671;860.552/2014;1636;0.4201573537549763;1;8
1672;860.785/2013;1669;0.4201573537549763;1;8
1673;861.379/2013;1746;0.4201573537549763;1;8
1674;861.448/2014;1756;0.4201573537549763;1;8
1675;861.950/2013;1776;0.4201573537549763;1;8
1676;860.344/2014;3035;0.4201573537549763;1;8
1677;860.902/2014;3052;0.4201573537549763;1;8
1678;832.548/2009;3528;0.42009673769086053;1;8
1679;862.905/2011;1793;0.4200211624472232;1;8
1680;862.912/2011;1796;0.4200211624472232;1;8
1681;848.005/2007;4738;0.41998568588404195;1;8
1682;301.123/2021;417;0.4196878514818603;1;8
1683;300.418/2021;209;0.41967830469427286;1;8
1684;820.690/2018;2467;0.41964931558931423;1;8
1685;826.755/2011;3519;0.41958084739929175;0;8
1686;860.207/2013;1580;0.4194311456344089;1;8
1687;860.292/2015;1597;0.4194311456344089;1;8
1688;860.865/2015;1680;0.4194311456344089;1;8
1689;861.175/2014;2413;0.4194311456344089;1;8
1690;860.643/2015;3046;0.4194311456344089;1;8
1691;861.634/2013;3081;0.4194311456344089;1;8
1692;864.264/2015;1852;0.41916253019301897;1;8
1693;810.185/1991;2959;0.41889001119815494;1;8
1694;866.467/2012;1913;0.41843879540991813;1;8
1695;860.406/2016;1616;0.4182830560043596;0;8
1696;861.232/2016;1726;0.4182830560043596;1;8
1697;860.381/2016;3037;0.4182830560043596;1;8
1698;860.145/2017;1565;0.41802589625622033;0;8
1699;860.133/2017;2364;0.41802589625622033;1;8
1700;880.951/1994;2906;0.4178996944760222;1;8
1701;861.041/2015;3058;0.4173142017635461;0;8
1702;815.177/1999;4590;0.4171690079600781;1;8
1703;815.182/1999;4597;0.4171690079600781;1;8
1704;861.040/2017;3374;0.41701148540210936;1;8
1705;861.080/2017;3380;0.41701148540210936;1;8
1706;860.797/2011;3549;0.4169404632786817;1;8
1707;870.848/2013;3555;0.4166355010771035;1;8
1708;300.630/2018;4221;0.4165459974323717;0;8
1709;300.297/2018;4257;0.4165459974323717;0;8
1710;826.171/2019;4508;0.4165459974323717;1;8
1711;851.039/2011;3726;0.4162165786012332;1;8
1712;861.092/2016;1709;0.41616775300831377;0;8
1713;861.160/2016;1718;0.41616775300831377;1;8
1714;861.281/2016;1736;0.41616775300831377;0;8
1715;861.285/2016;3328;0.41616775300831377;1;8
1716;820.723/2003;1025;0.4161411175855578;1;8
1717;851.080/2013;1528;0.41592190821671904;1;8
1718;890.279/2004;4739;0.4158947936070958;0;8
1719;300.056/2020;116;0.4158301993482252;0;8
1720;300.826/2021;3886;0.4157672624352001;0;8
1721;815.086/2007;4609;0.41545497643307017;0;8
1722;820.381/2010;996;0.41534324208080564;1;8
1723;820.468/2010;4022;0.41534324208080564;1;8
1724;848.085/2000;2481;0.4152055007463953;1;8
1725;300.234/2019;160;0.41418006820849046;1;8
1726;300.341/2019;187;0.41418006820849046;0;8
1727;830.034/2019;1132;0.41418006820849046;1;8
1728;831.556/2018;1231;0.41418006820849046;1;8
1729;830.726/2018;3149;0.41418006820849046;1;8
1730;300.156/2019;4214;0.41418006820849046;1;8
1731;300.341/2018;4216;0.41418006820849046;1;8
1732;300.132/2019;4580;0.41418006820849046;0;8
1733;846.280/2004;3709;0.41406506912650687;1;8
1734;890.249/1994;3562;0.4138389175491993;1;8
1735;830.867/2015;4874;0.4138298848814398;0;8
1736;861.434/2012;1754;0.41366963586852556;1;8
1737;300.907/2020;368;0.41357744175743993;1;8
1738;300.664/2022;2307;0.41357744175743993;1;8
1739;850.446/2008;3415;0.41300290924011;1;8
1740;880.458/2011;2145;0.4129037221890223;0;8
1741;880.478/2011;2903;0.4129037221890223;1;8
1742;800.902/2010;599;0.41272088499242476;0;8
1743;830.270/2007;1146;0.41260776760287476;1;8
1744;864.310/2016;1858;0.41240877655783453;1;8
1745;826.329/1999;4845;0.4122844191529738;0;8
1746;896.433/2008;4653;0.412227173637166;1;8
1747;864.097/2017;1819;0.41222159650043205;0;8
1748;300.429/2021;213;0.4117895564446429;1;8
1749;300.441/2020;3608;0.4117895564446429;0;8
1750;840.025/2011;1372;0.41143451859473934;1;8
1751;815.175/1999;4596;0.41133209992135206;1;8
1752;800.399/2011;533;0.41129744551778263;0;8
1753;800.691/2011;2385;0.41129744551778263;0;8
1754;800.567/2011;4976;0.41129744551778263;0;8
1755;800.898/2010;598;0.4104673012714497;0;8
1756;800.061/2010;4952;0.4104673012714497;0;8
1757;870.322/2018;1990;0.410295645961133;1;8
1758;870.111/2018;2485;0.410295645961133;0;8
1759;871.063/2019;3225;0.410295645961133;1;8
1760;871.105/2019;3330;0.410295645961133;1;8
1761;860.855/2015;3050;0.40990377992071075;1;8
1762;860.859/2015;3051;0.40990377992071075;0;8
1763;300.756/2022;4309;0.4098651798439589;1;8
1764;861.283/2016;3327;0.40977185714712316;1;8
1765;860.271/2012;1591;0.40970786139037574;1;8
1766;860.991/2012;1703;0.40970786139037574;1;8
1767;860.062/2012;2629;0.40970786139037574;1;8
1768;815.171/1999;4595;0.4096580383968175;1;8
1769;846.183/2011;3703;0.409573386627886;1;8
1770;850.018/2015;1495;0.40943919526349964;1;8
1771;850.752/2015;3724;0.40943919526349964;1;8
1772;300.244/2018;164;0.4093267838680016;1;8
1773;871.769/2018;2052;0.4093267838680016;1;8
1774;871.156/2018;3407;0.4093267838680016;1;8
1775;870.133/2019;3736;0.4093267838680016;1;8
1776;301.104/2011;3617;0.4091097608997402;1;8
1777;300.218/2020;153;0.40899325025156397;1;8
1778;300.730/2020;300;0.40899325025156397;1;8
1779;300.848/2020;348;0.40899325025156397;1;8
1780;866.603/2017;1921;0.40896326353790197;1;8
1781;866.607/2017;2687;0.40896326353790197;1;8
1782;866.827/2017;2697;0.40896326353790197;1;8
1783;866.848/2017;2704;0.40896326353790197;0;8
1784;866.849/2017;2705;0.40896326353790197;0;8
1785;866.852/2017;2707;0.40896326353790197;1;8
1786;866.864/2017;2716;0.40896326353790197;1;8
1787;866.866/2017;2717;0.40896326353790197;0;8
1788;866.876/2017;2727;0.40896326353790197;0;8
1789;866.885/2017;2731;0.40896326353790197;1;8
1790;866.886/2017;2732;0.40896326353790197;1;8
1791;866.889/2017;2734;0.40896326353790197;1;8
1792;866.893/2017;2738;0.40896326353790197;1;8
1793;866.909/2017;2753;0.40896326353790197;1;8
1794;866.918/2017;2762;0.40896326353790197;0;8
1795;866.924/2017;2768;0.40896326353790197;0;8
1796;866.932/2017;2777;0.40896326353790197;1;8
1797;866.955/2017;2789;0.40896326353790197;1;8
1798;866.959/2017;2791;0.40896326353790197;1;8
1799;866.963/2017;2793;0.40896326353790197;1;8
1800;866.965/2017;2794;0.40896326353790197;1;8
1801;866.970/2017;2797;0.40896326353790197;1;8
1802;866.972/2017;2799;0.40896326353790197;1;8
1803;866.975/2017;2800;0.40896326353790197;1;8
1804;866.977/2017;2802;0.40896326353790197;1;8
1805;866.978/2017;2803;0.40896326353790197;0;8
1806;866.979/2017;2804;0.40896326353790197;0;8
1807;866.988/2017;2811;0.40896326353790197;0;8
1808;866.994/2017;2814;0.40896326353790197;0;8
1809;867.007/2017;2820;0.40896326353790197;0;8
1810;867.012/2017;2825;0.40896326353790197;1;8
1811;867.018/2017;2831;0.40896326353790197;1;8
1812;867.019/2017;2832;0.40896326353790197;1;8
1813;867.031/2017;2840;0.40896326353790197;0;8
1814;867.032/2017;2842;0.40896326353790197;0;8
1815;867.043/2017;2849;0.40896326353790197;0;8
1816;867.117/2017;3107;0.40896326353790197;1;8
1817;867.162/2017;3321;0.40896326353790197;1;8
1818;866.557/2017;3406;0.40896326353790197;1;8
1819;300.760/2022;4355;0.40882324891413263;1;8
1820;826.128/2017;3498;0.4087873281900811;0;8
1821;860.384/2016;1613;0.408763407693103;1;8
1822;861.234/2016;1728;0.408763407693103;1;8
1823;861.429/2016;1753;0.408763407693103;1;8
1824;301.236/2020;429;0.40848507056804667;1;8
1825;300.155/2014;141;0.4084064539533031;0;8
1826;300.499/2010;233;0.40838284294288446;1;8
1827;820.554/2010;1015;0.40838284294288446;1;8
1828;861.405/2009;1748;0.40832291503865914;1;8
1829;890.005/1999;4873;0.4083028471767849;0;8
1830;864.059/2013;1809;0.4082071880565612;1;8
1831;860.200/2015;1578;0.40802881724064444;1;8
1832;300.235/2020;161;0.4079520036043347;1;8
1833;300.247/2020;166;0.4079520036043347;0;8
1834;300.358/2021;192;0.4079520036043347;1;8
1835;300.538/2022;245;0.4079520036043347;0;8
1836;300.586/2021;260;0.4079520036043347;1;8
1837;300.605/2022;267;0.4079520036043347;1;8
1838;301.006/2020;395;0.4079520036043347;1;8
1839;301.009/2020;396;0.4079520036043347;0;8
1840;301.102/2020;412;0.4079520036043347;0;8
1841;301.184/2021;422;0.4079520036043347;0;8
1842;830.737/2020;1175;0.4079520036043347;1;8
1843;300.587/2020;4230;0.4079520036043347;1;8
1844;878.158/2011;2104;0.4077532033636447;0;8
1845;846.018/2007;1404;0.407170485203855;1;8
1846;886.053/2004;2163;0.40711258656697763;1;8
1847;860.101/2018;1556;0.4069521380158214;1;8
1848;860.760/2018;1663;0.4069521380158214;1;8
1849;860.240/2019;2633;0.4069521380158214;1;8
1850;860.126/2018;3134;0.4069521380158214;1;8
1851;864.131/2013;1821;0.4067753871328387;1;8
1852;864.451/2013;2483;0.4067753871328387;1;8
1853;301.247/2021;3916;0.40673841754348355;0;8
1854;870.219/2012;3336;0.40667892008925677;1;8
1855;860.071/2012;2631;0.4066269135267798;0;8
1856;880.241/2011;2137;0.40614032236852876;1;8
1857;826.541/2013;32;0.40611761706086963;0;8
1858;832.520/2015;1284;0.40609510261811926;1;8
1859;833.189/2015;1317;0.40609510261811926;0;8
1860;300.466/2019;224;0.40587781546966856;0;8
1861;870.517/2022;3342;0.4055609658262399;1;8
1862;830.871/2012;1184;0.4055530098418599;1;8
1863;830.359/2012;3408;0.4055530098418599;1;8
1864;815.495/2010;4635;0.40478832726014746;1;8
1865;820.146/2018;973;0.4046874423414766;1;8
1866;820.193/2018;978;0.4046874423414766;1;8
1867;820.636/2018;1020;0.4046874423414766;1;8
1868;846.028/2018;3671;0.4046067395289613;1;8
1869;300.412/2022;207;0.4045956132577215;1;8
1870;300.204/2020;4266;0.4045956132577215;1;8
1871;871.004/2021;4440;0.4045956132577215;1;8
1872;826.122/2019;3361;0.4045839845889405;1;8
1873;864.004/1996;4560;0.4039890918910321;0;8
1874;832.513/2015;1282;0.40354238676661186;1;8
1875;832.514/2015;1283;0.40354238676661186;1;8
1876;860.440/2012;3258;0.40334265732276275;0;8
1877;861.251/2012;1731;0.40261684287312904;0;8
1878;860.856/2012;1678;0.40233924461575715;1;8
1879;860.484/2012;2462;0.40233924461575715;1;8
1880;860.555/2012;3260;0.40233924461575715;1;8
1881;860.661/2020;1655;0.40222972391782286;1;8
1882;301.245/2022;4505;0.4022262268899673;1;8
1883;800.586/2010;566;0.40205275325825623;0;8
1884;870.314/2012;2881;0.4019767886453022;1;8
1885;300.800/2018;330;0.40098275509345516;1;8
1886;300.865/2019;357;0.40098275509345516;1;8
1887;866.954/2018;1936;0.40098275509345516;1;8
1888;866.101/2018;2656;0.40098275509345516;0;8
1889;866.102/2018;2657;0.40098275509345516;1;8
1890;866.109/2018;2662;0.40098275509345516;0;8
1891;866.302/2018;2674;0.40098275509345516;0;8
1892;300.034/2019;4475;0.40098275509345516;1;8
1893;878.159/2011;2105;0.4008492394800769;1;8
1894;866.863/2017;2715;0.40079146294249585;1;8
1895;866.894/2017;2739;0.40079146294249585;1;8
1896;866.903/2017;2747;0.40079146294249585;0;8
1897;866.904/2017;2748;0.40079146294249585;1;8
1898;866.941/2017;2782;0.40079146294249585;1;8
1899;866.962/2017;2792;0.40079146294249585;1;8
1900;866.968/2017;2795;0.40079146294249585;1;8
1901;866.980/2017;2805;0.40079146294249585;1;8
1902;866.981/2017;2806;0.40079146294249585;1;8
1903;866.987/2017;2810;0.40079146294249585;0;8
1904;867.015/2017;2828;0.40079146294249585;1;8
1905;867.033/2017;2843;0.40079146294249585;1;8
1906;867.039/2017;2847;0.40079146294249585;1;8
1907;867.049/2017;2857;0.40079146294249585;0;8
1908;867.052/2017;2860;0.40079146294249585;1;8
1909;867.053/2017;2862;0.40079146294249585;1;8
1910;867.122/2017;3108;0.40079146294249585;1;8
1911;303.146/2017;4564;0.40079146294249585;1;8
1912;866.224/2016;1903;0.4006306670884012;1;8
1913;870.974/2012;3166;0.4005333996870051;1;8
1914;830.520/2017;1160;0.4005150394460839;1;8
1915;303.306/2018;469;0.4003013272705318;0;8
1916;303.307/2018;470;0.4003013272705318;0;8
1917;300.530/2019;4279;0.4003013272705318;1;8
1918;871.877/2018;2055;0.3998839842939412;1;8
1919;871.106/2019;3329;0.3998839842939412;1;8
1920;871.092/2019;3338;0.3998839842939412;1;8
1921;826.050/2023;3233;0.3998705220154515;0;8
1922;866.107/2018;2660;0.3996958778838945;0;8
1923;840.281/2010;4579;0.39963142907521526;1;8
1924;862.163/2011;1781;0.39957208185942;1;8
1925;862.554/2011;1787;0.39957208185942;1;8
1926;862.035/2011;2422;0.39957208185942;0;8
1927;800.568/2011;4977;0.39928684918022866;0;8
1928;890.282/2004;4607;0.3989057981701996;0;8
1929;300.671/2018;281;0.3987720070385838;1;8
1930;890.283/2004;4718;0.39873699037177196;0;8
1931;870.346/2014;2503;0.39854010564317016;1;8
1932;890.499/2000;4868;0.3984506879489687;0;8
1933;890.197/1999;4903;0.3984506879489687;0;8
1934;820.372/2012;4890;0.3984079637191569;0;8
1935;833.340/2012;1326;0.39831149139309335;1;8
1936;833.747/2012;1342;0.39831149139309335;1;8
1937;300.485/2018;4226;0.39806213879513236;0;8
1938;826.064/2019;4546;0.39806213879513236;1;8
1939;300.695/2017;291;0.39797389537253597;1;8
1940;830.519/2017;1159;0.39797389537253597;1;8
1941;831.849/2017;1247;0.39797389537253597;1;8
1942;800.956/2010;601;0.3977198378383935;1;8
1943;800.916/2010;4984;0.3977198378383935;1;8
1944;862.093/2007;3261;0.39741942279609266;1;8
1945;303.360/2018;472;0.3970456905865818;0;8
1946;830.443/2009;1154;0.3968868741968274;1;8
1947;884.082/2014;2921;0.39677917762902853;1;8
1948;884.049/2014;3121;0.39677917762902853;1;8
1949;896.059/1999;2227;0.39666308834473263;1;8
1950;896.084/1999;4186;0.39666308834473263;1;8
1951;866.955/2020;1937;0.39644256167523007;1;8
1952;826.038/1998;22;0.39636632322836457;1;8
1953;820.728/1997;4654;0.3959238522619113;1;8
1954;864.001/2000;1798;0.39586016141193753;0;8
1955;884.040/2016;3120;0.39565083706455056;1;8
1956;826.375/2009;2404;0.3954560484289521;1;8
1957;860.867/2015;1681;0.39539769181890666;0;8
1958;861.103/2013;1711;0.39539769181890666;1;8
1959;861.556/2014;1765;0.39539769181890666;1;8
1960;860.644/2015;3047;0.39539769181890666;1;8
1961;861.155/2013;3065;0.39539769181890666;1;8
1962;860.990/2014;3256;0.39539769181890666;1;8
1963;861.971/2008;1779;0.39537108219623457;1;8
1964;870.520/2022;3345;0.39518893501767965;1;8
1965;866.666/2020;1925;0.39500158347515646;1;8
1966;866.956/2020;1938;0.39500158347515646;1;8
1967;890.641/2006;3565;0.3947892614417717;1;8
1968;831.822/2012;1245;0.39450336041343637;0;8
1969;833.565/2012;1334;0.39450336041343637;0;8
1970;860.189/2016;1574;0.3942707120849377;1;8
1971;860.881/2016;1687;0.3942707120849377;1;8
1972;861.235/2016;1729;0.3942707120849377;1;8
1973;860.393/2016;3038;0.3942707120849377;0;8
1974;861.729/2011;3227;0.392920450063344;1;8
1975;826.199/2000;3501;0.3929171192284789;0;8
1976;870.130/2019;1964;0.3925745472392495;1;8
1977;303.221/2018;466;0.39254537890151986;1;8
1978;815.112/1991;9;0.3923875083771771;1;8
1979;831.442/2016;1227;0.39237364392057567;1;8
1980;832.573/2016;1286;0.39237364392057567;1;8
1981;832.701/2016;1295;0.39237364392057567;1;8
1982;832.751/2016;1300;0.39237364392057567;1;8
1983;851.259/2008;1537;0.39235414396201707;1;8
1984;300.797/2021;328;0.39216747898612614;1;8
1985;820.481/2010;1009;0.39210901795558106;0;8
1986;890.280/2004;4717;0.3916144801770927;1;8
1987;884.048/2014;2149;0.3915511601571268;1;8
1988;884.052/2014;2151;0.3915511601571268;1;8
1989;820.680/2007;4959;0.39136615287984156;0;8
1990;820.171/1997;13;0.3913139060801502;1;8
1991;862.272/2011;4830;0.39127052470648893;1;8
1992;820.313/2009;989;0.39071796764305106;1;8
1993;870.706/2019;2013;0.3897723187606517;0;8
1994;870.875/2019;2024;0.3897723187606517;1;8
1995;870.977/2019;2028;0.3897723187606517;1;8
1996;871.033/2019;2030;0.3897723187606517;0;8
1997;871.603/2019;2048;0.3897723187606517;1;8
1998;870.839/2019;4490;0.3897723187606517;1;8
1999;830.825/2017;4888;0.3897382951541828;1;8
2000;300.733/2019;302;0.38958579786584074;1;8
2001;866.696/2018;2689;0.38958579786584074;0;8
2002;300.110/2018;4256;0.38882870301124267;0;8
2003;300.060/2018;4282;0.38882870301124267;0;8
2004;300.307/2019;4302;0.38882870301124267;0;8
2005;300.804/2021;3884;0.38862158290520116;1;8
2006;862.208/2007;1783;0.38858439687749063;1;8
2007;830.235/2016;4880;0.3885049415995597;1;8
2008;890.464/1988;4685;0.38824481205188727;0;8
2009;300.102/2022;125;0.3880408993407577;0;8
2010;820.181/2020;976;0.3880408993407577;1;8
2011;820.416/2021;999;0.3880408993407577;0;8
2012;820.729/2021;3645;0.3880408993407577;1;8
2013;864.186/2016;2487;0.38737513556424436;1;8
2014;870.446/2020;1996;0.38654776406873387;1;8
2015;820.195/2017;979;0.3865422364679353;0;8
2016;848.130/2018;4433;0.38651830209476634;1;8
2017;860.934/2009;3054;0.38640729411856434;1;8
2018;860.683/2009;3294;0.38640729411856434;1;8
2019;860.684/2009;3295;0.38640729411856434;1;8
2020;820.571/2008;4024;0.3863057349342568;0;8
2021;300.053/2021;115;0.3862512610060808;1;8
2022;846.095/2020;1405;0.3862512610060808;0;8
2023;846.101/2020;1406;0.3862512610060808;0;8
2024;846.077/2020;2999;0.3862512610060808;0;8
2025;810.146/1987;3815;0.3861485818861529;0;8
2026;810.395/1994;2966;0.38583639495860406;0;8
2027;811.020/2015;3485;0.3856133773971691;1;8
2028;871.299/2021;2038;0.38511980232941906;1;8
2029;833.470/2010;4743;0.3846181537758087;0;8
2030;300.927/2019;373;0.38440005268867894;1;8
2031;300.164/2018;4224;0.38440005268867894;1;8
2032;850.728/2015;1518;0.38397416057505823;1;8
2033;831.293/2016;1215;0.3836636274984084;1;8
2034;300.183/2016;3605;0.3836636274984084;0;8
2035;862.713/2011;3087;0.38342181343822207;1;8
2036;300.367/2022;3855;0.38277025670492054;1;8
2037;820.992/2011;1057;0.38205149840346375;0;8
2038;864.174/2016;1828;0.3817072470219985;1;8
2039;880.120/2016;2899;0.3816098300571648;0;8
2040;864.132/2013;1823;0.3806210860201217;1;8
2041;860.499/2012;3291;0.38035946685003535;1;8
2042;846.064/2011;2543;0.3800716489256871;1;8
2043;820.209/2017;982;0.37996212610549845;0;8
2044;820.081/2014;967;0.37961569672291223;0;8
2045;300.428/2019;4556;0.3795083245680631;0;8
2046;800.110/2010;4948;0.3792727401211343;1;8
2047;800.392/2010;4985;0.3792727401211343;1;8
2048;820.198/2014;14;0.379012150994709;0;8
2049;820.941/2014;3490;0.379012150994709;1;8
2050;886.124/2002;4627;0.3784653852001281;1;8
2051;850.816/2009;4097;0.3782814987743719;1;8
2052;866.956/2017;2790;0.3782481384944918;1;8
2053;866.085/2020;1892;0.37822713860514956;0;8
2054;866.957/2020;1939;0.37822713860514956;1;8
2055;846.700/2011;2590;0.37785072984561346;1;8
2056;846.203/2011;3001;0.37785072984561346;1;8
2057;846.223/2011;3008;0.37785072984561346;1;8
2058;300.496/2018;232;0.3776283228724861;0;8
2059;300.993/2019;392;0.3776283228724861;1;8
2060;870.077/2019;1961;0.3776283228724861;1;8
2061;870.135/2018;4394;0.3776283228724861;1;8
2062;870.847/2019;4531;0.3776283228724861;1;8
2063;826.201/2018;4462;0.3772086435416766;0;8
2064;896.505/2012;4777;0.37707356723801516;1;8
2065;300.228/2019;157;0.3761249638789716;0;8
2066;300.362/2018;193;0.3761249638789716;1;8
2067;300.868/2018;360;0.3761249638789716;0;8
2068;300.504/2019;4246;0.3761249638789716;1;8
2069;300.600/2018;4259;0.3761249638789716;1;8
2070;300.682/2022;285;0.3760097011799681;0;8
2071;300.740/2020;305;0.3760097011799681;1;8
2072;301.220/2021;3914;0.3760097011799681;1;8
2073;880.262/2012;2901;0.37555356225510544;1;8
2074;851.163/2011;4098;0.37544005685574916;1;8
2075;848.018/2015;4791;0.3754294647650858;1;8
2076;832.726/2012;1298;0.37529628172570173;1;8
2077;833.289/2012;1322;0.37529628172570173;1;8
2078;866.277/2016;1907;0.37494126948592016;1;8
2079;866.758/2016;1929;0.37494126948592016;1;8
2080;867.339/2020;1949;0.37484731742168786;1;8
2081;890.663/2010;3566;0.3747402924164898;1;8
2082;303.125/2018;459;0.3736555530340213;1;8
2083;300.697/2018;4227;0.37330502833795337;0;8
2084;303.303/2018;4239;0.37330502833795337;1;8
2085;300.136/2018;4267;0.37330502833795337;0;8
2086;300.295/2018;4300;0.37330502833795337;0;8
2087;826.539/2018;4519;0.37330502833795337;1;8
2088;896.901/2006;2283;0.37328943474178783;1;8
2089;871.598/2019;2047;0.37308300049842014;1;8
2090;896.118/2009;74;0.37247217374477853;1;8
2091;810.569/2006;828;0.3724352940428963;1;8
2092;884.059/2009;2917;0.37207566770477984;1;8
2093;861.413/2013;1749;0.3720237986820828;1;8
2094;810.623/1994;3245;0.37149877809070825;0;8
2095;840.181/2013;4417;0.37137258337709295;0;8
2096;868.009/2018;3796;0.37110624592784436;1;8
2097;800.150/2011;499;0.37103432764788163;0;8
2098;820.439/2011;1003;0.37016167046239223;1;8
2099;840.031/2011;1374;0.3697408817567033;1;8
2100;861.394/2009;3072;0.3696872325283866;1;8
2101;861.618/2009;3296;0.3696872325283866;1;8
2102;300.230/2018;159;0.3696721595041605;0;8
2103;300.514/2019;238;0.3696721595041605;1;8
2104;830.875/2019;1185;0.3696721595041605;0;8
2105;300.239/2019;3606;0.3696721595041605;0;8
2106;300.666/2018;4295;0.3696721595041605;0;8
2107;826.283/2020;3297;0.36966320944455544;0;8
2108;820.543/2010;1012;0.36940557940184393;1;8
2109;861.649/2011;2421;0.36938622286464484;1;8
2110;872.851/2016;2081;0.3692954619103915;1;8
2111;846.102/2020;3000;0.36912726402375867;0;8
2112;300.517/2018;239;0.3690247701983182;1;8
2113;830.027/2019;1130;0.3690247701983182;0;8
2114;868.010/2018;1951;0.3690247701983182;0;8
2115;300.189/2019;4209;0.3690247701983182;1;8
2116;300.728/2018;4289;0.3690247701983182;1;8
2117;864.335/2015;4143;0.3687655914931189;1;8
2118;300.587/2021;3868;0.3687303011572313;1;8
2119;870.445/2020;1995;0.3685093942633607;1;8
2120;871.432/2020;2045;0.3685093942633607;1;8
2121;300.316/2020;2464;0.3685093942633607;1;8
2122;846.337/2014;2583;0.36793558629207296;1;8
2123;866.695/2018;2688;0.3679123288597519;0;8
2124;866.946/2014;1935;0.3678290160528463;0;8
2125;846.006/2019;1403;0.36774792754306035;1;8
2126;833.655/2007;4071;0.36738147440024327;0;8
2127;300.971/2019;385;0.36725899842668064;0;8
2128;833.771/2008;1345;0.3671901624138471;1;8
2129;866.921/2016;3106;0.36702712793889813;1;8
2130;866.099/2018;2655;0.36643114020908824;1;8
2131;300.319/2020;3851;0.36640178712343563;0;8
2132;300.523/2020;3863;0.36640178712343563;1;8
2133;840.152/2009;4076;0.36605154792487;0;8
2134;861.553/2012;3079;0.3644078488799267;0;8
2135;826.096/2018;3367;0.3641808698219385;1;8
2136;826.095/2018;3368;0.3641808698219385;1;8
2137;826.117/2019;3371;0.3641808698219385;1;8
2138;872.095/2021;3377;0.36410057745256863;0;8
2139;301.221/2021;3915;0.36410057745256863;1;8
2140;866.532/2015;1917;0.36408124352639926;1;8
2141;866.557/2015;1919;0.36408124352639926;0;8
2142;846.007/2012;2538;0.3639906087358205;1;8
2143;846.329/2012;2580;0.3639906087358205;1;8
2144;860.271/2019;1592;0.36378745691714304;1;8
2145;860.315/2019;1602;0.36378745691714304;1;8
2146;860.445/2018;1620;0.36378745691714304;1;8
2147;860.165/2018;4509;0.36378745691714304;1;8
2148;860.235/2011;3388;0.363392216285571;0;8
2149;300.686/2021;288;0.363248591030991;0;8
2150;301.172/2021;3913;0.363248591030991;1;8
2151;864.230/2016;2325;0.362662113823575;1;8
2152;896.513/2007;3782;0.36200021995869114;1;8
2153;866.925/2017;2769;0.3619736679598915;0;8
2154;846.383/2012;3711;0.3615880396595652;0;8
2155;830.093/2011;1133;0.3615143037983247;1;8
2156;832.741/2011;1299;0.3615143037983247;1;8
2157;810.359/1984;3817;0.3611520506594078;0;8
2158;880.243/2012;3119;0.360919953660591;0;8
2159;864.229/2015;1839;0.36076084325897595;1;8
2160;878.045/2019;2094;0.3606579485261804;0;8
2161;832.744/2002;4915;0.36062196793295337;0;8
2162;300.146/2018;139;0.3606123446741754;1;8
2163;300.574/2018;256;0.3606123446741754;1;8
2164;884.009/2015;2912;0.360586503977113;1;8
2165;884.084/2014;3762;0.360586503977113;1;8
2166;300.210/2017;4212;0.3604611899591051;0;8
2167;884.162/2021;4199;0.36028047568035154;0;8
2168;844.001/2019;2322;0.3600129982082129;1;8
2169;846.019/2016;3668;0.3599119791843311;1;8
2170;301.128/2016;3910;0.3599119791843311;1;8
2171;810.444/1984;3950;0.3597671722947852;0;8
2172;846.243/2012;2568;0.3597456331090154;1;8
2173;815.658/2005;4737;0.3595133774209978;1;8
2174;850.068/2015;1497;0.3593565503309835;0;8
2175;860.252/2013;1589;0.3593411783186041;1;8
2176;861.150/2014;1715;0.3593411783186041;1;8
2177;861.333/2015;1744;0.3593411783186041;1;8
2178;861.963/2013;1777;0.3593411783186041;0;8
2179;860.568/2014;2410;0.3593411783186041;1;8
2180;860.306/2013;4108;0.3593411783186041;0;8
2181;860.374/2013;4110;0.3593411783186041;1;8
2182;861.466/2015;4126;0.3593411783186041;1;8
2183;300.609/2022;269;0.3592625017750321;1;8
2184;300.638/2021;273;0.35885859178253565;1;8
2185;300.639/2021;274;0.35885859178253565;1;8
2186;826.228/2017;3217;0.3588261612937325;1;8
2187;300.490/2022;229;0.3587698311550247;1;8
2188;890.436/1991;3564;0.35851730701101214;1;8
2189;800.113/2010;4949;0.3583987096197186;0;8
2190;860.527/2016;1634;0.35825607233277956;0;8
2191;860.576/2016;1642;0.35825607233277956;1;8
2192;861.184/2016;1720;0.35825607233277956;1;8
2193;860.451/2016;2409;0.35825607233277956;1;8
2194;860.919/2016;2457;0.35825607233277956;1;8
2195;860.453/2016;3043;0.35825607233277956;1;8
2196;860.066/2016;4100;0.35825607233277956;0;8
2197;860.922/2016;4541;0.35825607233277956;1;8
2198;870.066/2012;1960;0.35756923042600397;1;8
2199;870.239/2012;2427;0.35756923042600397;1;8
2200;820.841/2011;1035;0.3573062846160028;1;8
2201;300.096/2021;123;0.3572984479412586;1;8
2202;300.105/2023;4455;0.3572984479412586;1;8
2203;301.022/2022;4461;0.3572984479412586;0;8
2204;800.483/1994;555;0.3572920661699459;1;8
2205;871.714/2013;3557;0.35715890794034816;1;8
2206;826.208/2018;1083;0.3571356687468755;1;8
2207;860.137/2018;2632;0.35705517333159437;1;8
2208;300.813/2019;3885;0.35705517333159437;0;8
2209;890.933/1994;2216;0.3567320944337357;0;8
2210;300.246/2018;165;0.35660270946302963;1;8
2211;840.049/2011;4792;0.3565008760310214;1;8
2212;850.791/2015;3725;0.3562890979792226;1;8
2213;866.531/2015;1916;0.35626567740163867;1;8
2214;866.985/2014;2808;0.35626567740163867;1;8
2215;870.894/2019;3739;0.3557883662000893;0;8
2216;870.437/2019;4532;0.3557883662000893;0;8
2217;864.222/2013;1835;0.3556144954037576;1;8
2218;864.258/2013;1850;0.3556144954037576;1;8
2219;864.269/2013;1853;0.3556144954037576;1;8
2220;864.220/2013;2320;0.3556144954037576;1;8
2221;821.085/2010;1059;0.3554119117140315;0;8
2222;897.036/2007;2284;0.35507463782922094;1;8
2223;831.431/2002;4914;0.3549534938942149;1;8
2224;300.442/2018;216;0.3549449733829845;1;8
2225;300.299/2018;4223;0.3549449733829845;0;8
2226;826.360/2018;4321;0.3549449733829845;1;8
2227;890.621/2007;4858;0.3546363201944096;1;8
2228;864.119/2015;4137;0.3544907248275068;1;8
2229;864.360/2014;1867;0.35447107205370515;1;8
2230;848.033/2014;3539;0.3535529872906314;1;8
2231;830.939/2008;1190;0.35353104521187617;1;8
2232;300.650/2019;276;0.35341815964079637;0;8
2233;831.087/2011;1198;0.352982650213838;1;8
2234;833.718/2011;1341;0.352982650213838;1;8
2235;806.324/2012;771;0.35297060490821797;1;8
2236;896.227/2007;2249;0.35281465240323234;1;8
2237;884.008/2015;2911;0.3528043371477696;1;8
2238;860.423/2017;3731;0.35275332602919907;0;8
2239;860.018/2017;4542;0.35275332602919907;1;8
2240;800.075/2010;489;0.3525492576054531;0;8
2241;800.144/2010;4950;0.3525492576054531;0;8
2242;810.480/2016;3434;0.35250104543261357;1;8
2243;896.620/2011;4767;0.35244244565621263;1;8
2244;890.363/2009;69;0.352267773909963;1;8
2245;815.585/2014;3641;0.3521112057437043;1;8
2246;831.329/2015;4879;0.35209683810940984;1;8
2247;860.463/2016;1623;0.35156958677224703;1;8
2248;861.431/2016;3075;0.35156958677224703;1;8
2249;300.058/2021;117;0.3509869211668018;1;8
2250;300.161/2021;142;0.3509869211668018;1;8
2251;300.466/2021;225;0.3509869211668018;0;8
2252;300.872/2021;362;0.3509869211668018;0;8
2253;301.003/2021;394;0.3509869211668018;0;8
2254;301.036/2020;398;0.3509869211668018;0;8
2255;878.094/2012;4374;0.3509067818029673;0;8
2256;872.775/2016;2078;0.3509039521264767;1;8
2257;300.270/2017;170;0.35067719676403747;1;8
2258;861.305/2014;1741;0.35066083259572;1;8
2259;860.859/2013;4118;0.35066083259572;0;8
2260;872.478/2016;2070;0.35059856577948934;1;8
2261;300.866/2019;358;0.35048399444091805;0;8
2262;866.698/2018;2691;0.35048399444091805;0;8
2263;300.026/2021;108;0.3503540663001966;0;8
2264;300.162/2021;143;0.3503540663001966;1;8
2265;300.510/2021;237;0.3503540663001966;0;8
2266;300.621/2021;270;0.3503540663001966;0;8
2267;300.691/2020;289;0.3503540663001966;0;8
2268;300.883/2020;365;0.3503540663001966;0;8
2269;301.112/2021;414;0.3503540663001966;0;8
2270;831.794/2021;3409;0.3503540663001966;1;8
2271;300.293/2020;4250;0.3503540663001966;0;8
2272;300.669/2016;279;0.34949666245726707;1;8
2273;846.155/2016;3695;0.34949666245726707;1;8
2274;301.124/2016;3909;0.34949666245726707;1;8
2275;820.125/2018;3159;0.3494508565986449;0;8
2276;300.279/2019;172;0.3494148221487396;1;8
2277;800.137/2018;493;0.3494148221487396;1;8
2278;800.181/2019;504;0.3494148221487396;0;8
2279;300.579/2019;258;0.34936189987378147;1;8
2280;301.041/2019;400;0.34874603341606925;1;8
2281;848.162/2018;1437;0.34874603341606925;1;8
2282;848.246/2018;1461;0.34874603341606925;1;8
2283;848.300/2018;1473;0.34874603341606925;1;8
2284;878.050/2019;2367;0.3485684648582599;1;8
2285;870.304/2012;1989;0.3477066395190719;1;8
2286;820.598/2010;4557;0.34760445130256257;1;8
2287;810.407/1984;3948;0.3474797266641109;0;8
2288;800.109/2010;4947;0.3470649577119723;0;8
2289;800.076/2010;4953;0.3470649577119723;1;8
2290;896.378/2010;2262;0.34705363719350407;0;8
2291;886.319/2009;2937;0.34695608296663355;1;8
2292;846.168/2017;4087;0.34648152203552685;0;8
2293;873.702/2007;3169;0.3464766923518905;1;8
2294;846.129/2016;3687;0.3463976774075149;1;8
2295;300.107/2019;128;0.34631617643898854;0;8
2296;884.019/2004;3758;0.3461643958127147;0;8
2297;846.579/2011;1408;0.34599891846796865;1;8
2298;820.923/2012;1052;0.3458209487752284;1;8
2299;860.354/2017;4543;0.3457776545449933;0;8
2300;833.256/2012;1318;0.3454916589200154;1;8
2301;833.630/2012;1337;0.3454916589200154;1;8
2302;860.605/2014;3546;0.3454249540017556;0;8
2303;861.145/2015;3580;0.3454249540017556;1;8
2304;848.062/2020;4327;0.3443069194643186;1;8
2305;848.253/2016;3212;0.3442967438292161;1;8
2306;810.186/1991;2960;0.344007904066002;1;8
2307;800.613/2011;572;0.34389676056513446;1;8
2308;800.631/2011;2384;0.34389676056513446;0;8
2309;800.566/2011;4975;0.34389676056513446;0;8
2310;800.574/2011;4982;0.34389676056513446;0;8
2311;872.774/2016;2077;0.3437260774969982;1;8
2312;872.860/2016;3185;0.3437260774969982;1;8
2313;860.076/2013;1554;0.34370456675834815;1;8
2314;820.085/2016;968;0.3435209748368064;1;8
2315;867.035/2017;3360;0.3434824475685791;1;8
2316;866.343/2017;4566;0.3434824475685791;1;8
2317;866.347/2017;4568;0.3434824475685791;1;8
2318;303.341/2018;4301;0.3434147932227904;0;8
2319;826.424/2018;4340;0.3434147932227904;0;8
2320;826.490/2018;4520;0.3434147932227904;0;8
2321;860.019/2012;3025;0.34337789696927495;1;8
2322;846.524/2012;3716;0.34309124447750505;1;8
2323;871.595/2021;3116;0.34304811387860934;1;8
2324;806.106/2018;2309;0.342889068279306;0;8
2325;806.108/2018;2310;0.342889068279306;0;8
2326;806.105/2018;2311;0.342889068279306;0;8
2327;848.269/2015;49;0.3425940312234748;1;8
2328;832.291/2013;3657;0.34256306131867326;1;8
2329;820.901/2014;4028;0.34256306131867326;1;8
2330;896.017/2018;3772;0.3425360533105644;0;8
2331;300.667/2018;3872;0.3425360533105644;1;8
2332;300.743/2021;306;0.3422188784824493;0;8
2333;301.113/2021;415;0.3422188784824493;1;8
2334;826.225/2020;3373;0.3422188784824493;1;8
2335;834.367/2012;1357;0.3422093637333417;0;8
2336;896.238/2012;3125;0.3422093637333417;1;8
2337;840.064/2008;3664;0.34217003723653266;1;8
2338;871.657/2021;4516;0.3421364769336053;1;8
2339;820.154/2011;975;0.3421141851932104;1;8
2340;890.209/2007;65;0.3420985980682228;1;8
2341;300.554/2021;254;0.3418622676996488;0;8
2342;300.745/2020;308;0.3418622676996488;0;8
2343;826.236/2020;3369;0.3418622676996488;1;8
2344;300.081/2022;3835;0.3418622676996488;0;8
2345;300.250/2022;3844;0.3418622676996488;0;8
2346;300.251/2022;3846;0.3418622676996488;0;8
2347;300.309/2021;3849;0.3418622676996488;0;8
2348;300.865/2021;3893;0.3418622676996488;0;8
2349;848.319/2014;3016;0.3417168833545428;1;8
2350;810.624/1994;3244;0.3416391318434965;0;8
2351;870.673/2020;4151;0.34161292671226284;0;8
2352;300.217/2018;151;0.34154740611886153;0;8
2353;815.370/2018;915;0.34154740611886153;1;8
2354;860.245/2016;1588;0.3415264781840121;1;8
2355;860.623/2016;1652;0.3415264781840121;1;8
2356;860.872/2016;1682;0.3415264781840121;0;8
2357;861.018/2016;3266;0.3415264781840121;1;8
2358;890.328/2010;68;0.34152190667342114;1;8
2359;300.363/2014;4311;0.3414010803900761;1;8
2360;860.343/2019;1607;0.3410942350548865;0;8
2361;860.478/2019;1627;0.3410942350548865;1;8
2362;896.456/2010;3780;0.3410699408522332;0;8
2363;800.614/2011;573;0.34081117582850495;0;8
2364;800.202/2011;4962;0.34081117582850495;0;8
2365;800.206/2011;4964;0.34081117582850495;0;8
2366;800.552/2011;4968;0.34081117582850495;0;8
2367;800.560/2011;4969;0.34081117582850495;1;8
2368;800.556/2011;4970;0.34081117582850495;0;8
2369;800.557/2011;4971;0.34081117582850495;0;8
2370;800.562/2011;4972;0.34081117582850495;0;8
2371;800.564/2011;4973;0.34081117582850495;0;8
2372;800.571/2011;4979;0.34081117582850495;0;8
2373;800.572/2011;4980;0.34081117582850495;0;8
2374;800.118/2011;4989;0.34081117582850495;0;8
2375;800.120/2011;4990;0.34081117582850495;0;8
2376;800.158/2011;4991;0.34081117582850495;0;8
2377;870.224/2012;3337;0.34080930987620917;1;8
2378;848.113/2017;1425;0.34073703570671454;1;8
2379;861.210/2013;2639;0.34063004679715786;1;8
2380;860.950/2015;4119;0.34014717332103916;1;8
2381;815.606/2006;3642;0.3399641064287503;1;8
2382;830.050/2002;4714;0.3397089775262715;1;8
2383;860.629/2018;3276;0.33970275864430416;0;8
2384;860.039/2018;4368;0.33970275864430416;1;8
2385;878.125/2007;2099;0.3394070615155388;1;8
2386;815.584/1993;86;0.33926770784044713;0;8
2387;890.189/2003;64;0.3386893696464753;1;8
2388;860.260/2016;1590;0.3385901006029517;1;8
2389;801.001/2012;2508;0.3385537505688746;1;8
2390;300.592/2018;263;0.33842335407428564;1;8
2391;826.299/2019;2293;0.33842335407428564;1;8
2392;831.578/2014;1233;0.33786724993584283;1;8
2393;832.312/2014;1270;0.33786724993584283;1;8
2394;832.657/2014;1293;0.33786724993584283;1;8
2395;815.351/2003;3640;0.33748376331914426;1;8
2396;871.232/2016;4155;0.33742939017308987;1;8
2397;871.024/2016;4350;0.33742939017308987;1;8
2398;800.780/2010;595;0.3373399608564623;1;8
2399;300.070/2018;4234;0.3372917527863878;0;8
2400;860.594/2017;1648;0.33688392802938694;1;8
2401;861.158/2015;4123;0.33677849659270875;1;8
2402;861.972/2013;4132;0.33677849659270875;1;8
2403;860.339/2020;3346;0.3367021638129884;1;8
2404;830.031/2014;1131;0.33642919532479254;1;8
2405;833.770/2013;1344;0.33642919532479254;1;8
2406;861.212/2013;1724;0.33642919532479254;1;8
2407;830.635/2014;2511;0.33642919532479254;1;8
2408;862.082/2013;3553;0.3363538725991162;1;8
2409;861.550/2013;4631;0.3363538725991162;0;8
2410;861.559/2013;4741;0.3363538725991162;0;8
2411;300.069/2018;4217;0.33586833587927145;0;8
2412;860.423/2016;3129;0.3357258196032189;1;8
2413;830.483/2004;4916;0.3357117268575338;0;8
2414;860.234/2017;1585;0.3355008818309048;1;8
2415;860.512/2017;4114;0.3355008818309048;1;8
2416;870.415/2018;2448;0.33542447414304977;1;8
2417;871.169/2019;2472;0.33542447414304977;1;8
2418;300.973/2020;386;0.33537883621242864;1;8
2419;300.423/2021;3858;0.33531948648987364;0;8
2420;860.953/2009;1697;0.3352024517973729;1;8
2421;846.298/2015;3710;0.3350564716145154;1;8
2422;300.357/2018;191;0.33496335158066115;1;8
2423;300.774/2018;318;0.33496335158066115;1;8
2424;870.656/2019;2010;0.33496335158066115;1;8
2425;870.800/2018;2017;0.33496335158066115;1;8
2426;870.857/2019;2021;0.33496335158066115;1;8
2427;871.687/2018;3352;0.33496335158066115;1;8
2428;870.531/2018;4333;0.33496335158066115;1;8
2429;870.438/2019;4371;0.33496335158066115;1;8
2430;300.536/2020;3864;0.3347102220967452;1;8
2431;860.933/2012;3323;0.33457539296943034;1;8
2432;303.359/2018;471;0.33414371905344;0;8
2433;826.065/2018;1075;0.33414371905344;1;8
2434;826.200/2018;4429;0.33414371905344;1;8
2435;300.829/2021;3887;0.3340482386664525;0;8
2436;826.055/2009;4032;0.3340468807108388;1;8
2437;834.880/2008;1369;0.33383423212073726;1;8
2438;890.290/2009;66;0.3336553169831104;1;8
2439;820.909/2009;1049;0.3336355268302134;1;8
2440;860.231/2014;4106;0.3334580031751458;1;8
2441;300.122/2017;3837;0.3333835650499145;1;8
2442;860.211/2015;3030;0.33329242068723863;1;8
2443;860.230/2015;4105;0.33329242068723863;0;8
2444;303.053/2015;449;0.333277050413074;1;8
2445;820.724/2007;1026;0.33281058586267886;1;8
2446;846.520/2012;3715;0.3327561813603386;0;8
2447;866.912/2017;2756;0.33272282037004824;0;8
2448;300.578/2016;3867;0.3322314610155892;1;8
2449;300.131/2016;135;0.33222983548644247;0;8
2450;840.042/2014;4662;0.3319474315581549;1;8
2451;831.847/2014;1246;0.33167539161857734;1;8
2452;833.562/2014;1333;0.33167539161857734;1;8
2453;860.914/2013;1694;0.33167539161857734;1;8
2454;831.883/2014;4222;0.33167539161857734;1;8
2455;834.399/2008;1359;0.3310857578133221;1;8
2456;834.294/2008;3660;0.3310857578133221;1;8
2457;848.114/2018;1427;0.33046648461447226;1;8
2458;848.116/2018;1429;0.33046648461447226;1;8
2459;800.018/2020;2477;0.33026975068028014;1;8
2460;860.827/2016;2412;0.3299270357812703;1;8
2461;866.931/2017;2775;0.32958003163578437;1;8
2462;860.303/2009;3032;0.3293947787472888;1;8
2463;878.147/2011;2100;0.3293312094634194;0;8
2464;878.155/2011;2102;0.3293312094634194;1;8
2465;860.477/2018;1626;0.3292336118831352;0;8
2466;846.165/2012;3175;0.3291993074011382;1;8
2467;872.431/2013;2068;0.3290227432365292;1;8
2468;872.457/2015;2069;0.3290227432365292;1;8
2469;840.130/2012;3394;0.3287810114477695;0;8
2470;831.071/2010;2514;0.3284564135507333;0;8
2471;831.859/2014;1248;0.32771591787520515;1;8
2472;870.761/2016;2015;0.3273677687947344;0;8
2473;301.063/2019;405;0.32713015255336564;1;8
2474;303.337/2018;4268;0.32713015255336564;1;8
2475;300.463/2018;4270;0.32713015255336564;0;8
2476;826.187/2018;4324;0.32713015255336564;0;8
2477;826.276/2018;4366;0.32713015255336564;1;8
2478;300.376/2022;194;0.32546162284172225;0;8
2479;300.129/2020;3602;0.32546162284172225;0;8
2480;300.406/2021;205;0.3253716568729226;0;8
2481;300.251/2021;3845;0.3253716568729226;0;8
2482;300.990/2021;3905;0.3253716568729226;0;8
2483;820.988/2014;1056;0.32534380965242704;1;8
2484;811.117/2009;3803;0.3250932783618586;1;8
2485;800.184/2019;506;0.3250831591018839;0;8
2486;861.046/2017;3593;0.3249915398295659;1;8
2487;303.403/2018;473;0.32470402886482935;1;8
2488;848.084/2019;1422;0.32470402886482935;0;8
2489;867.392/2017;2879;0.3246906648657174;0;8
2490;840.925/2011;2537;0.3243357433998415;1;8
2491;896.078/2020;3775;0.32406371752903435;0;8
2492;896.587/2007;4763;0.3239712412327814;1;8
2493;861.426/2016;2450;0.32396008858768305;1;8
2494;861.171/2016;3133;0.32396008858768305;0;8
2495;896.058/2008;4184;0.3236216309515625;1;8
2496;830.415/2013;1152;0.3230861722601573;1;8
2497;831.610/2013;1235;0.3230861722601573;1;8
2498;832.239/2014;1267;0.3230861722601573;1;8
2499;832.335/2014;1273;0.3230861722601573;1;8
2500;833.158/2013;1316;0.3230861722601573;1;8
2501;833.331/2014;1325;0.3230861722601573;0;8
2502;833.499/2014;1332;0.3230861722601573;0;8
2503;833.979/2013;1347;0.3230861722601573;1;8
2504;830.131/2014;3650;0.3230861722601573;1;8
2505;846.154/2015;2551;0.32288630022182546;1;8
2506;832.186/2014;1262;0.32286989492385465;1;8
2507;820.534/2014;1010;0.3227431342395596;1;8
2508;821.353/2014;1071;0.3227431342395596;1;8
2509;826.181/2015;1077;0.3227431342395596;0;8
2510;860.722/2015;3477;0.32258298292504206;1;8
2511;840.277/2012;1382;0.3225426204607321;1;8
2512;840.001/2012;2524;0.3225426204607321;0;8
2513;866.169/2015;1895;0.3220082300470374;1;8
2514;867.306/2017;4466;0.3217028570998593;0;8
2515;867.310/2017;4469;0.3217028570998593;0;8
2516;800.148/2011;497;0.32168769081089266;1;8
2517;800.154/2011;501;0.32168769081089266;1;8
2518;800.586/2011;567;0.32168769081089266;1;8
2519;800.573/2011;4981;0.32168769081089266;0;8
2520;820.569/2008;4023;0.3216784570234282;0;8
2521;820.572/2008;4025;0.3216784570234282;1;8
2522;846.311/2013;2573;0.32142657954226445;1;8
2523;861.629/2013;1769;0.32125626178534444;1;8
2524;861.490/2014;2949;0.32125626178534444;0;8
2525;867.010/2017;2823;0.3210999297877043;0;8
2526;896.724/2008;3794;0.32063898968598137;0;8
2527;820.238/2010;984;0.3202896951750622;1;8
2528;896.832/2009;4198;0.32003004332788143;1;8
2529;896.219/2004;3777;0.31989084197915;1;8
2530;815.256/2011;83;0.3197134824984614;1;8
2531;846.085/2017;2545;0.3194870368370203;0;8
2532;846.018/2013;3667;0.31938442762408426;1;8
2533;820.748/2016;1029;0.3188834055147688;1;8
2534;866.943/2017;2783;0.31879470456508513;0;8
2535;866.717/2016;1927;0.31878680588464686;1;8
2536;830.680/2011;1170;0.3183170322897681;1;8
2537;826.601/2015;4427;0.3183167186865698;1;8
2538;896.576/2011;2943;0.3182713868816241;1;8
2539;864.181/2018;4322;0.31823708951442037;1;8
2540;840.672/2012;4876;0.3179410351207419;0;8
2541;826.485/2016;1106;0.3172941405964707;0;8
2542;826.635/2016;1122;0.3172941405964707;1;8
2543;826.885/2016;4064;0.3172941405964707;0;8
2544;303.147/2017;461;0.3172899807134917;1;8
2545;846.119/2015;3686;0.31724245304965554;1;8
2546;846.233/2013;3707;0.31724245304965554;1;8
2547;820.079/2014;966;0.3169211802760077;1;8
2548;870.731/2013;3395;0.3167679866614598;1;8
2549;860.376/2012;1610;0.3165992543037364;1;8
2550;861.321/2012;2449;0.3165992543037364;1;8
2551;861.184/2012;3067;0.3165992543037364;1;8
2552;867.307/2017;4467;0.31637138043390234;0;8
2553;870.095/2015;1962;0.3163480510517814;1;8
2554;870.748/2013;2883;0.3163480510517814;1;8
2555;846.174/2016;3699;0.3162217251131104;1;8
2556;896.004/2019;4526;0.3162110149050642;0;8
2557;866.919/2017;2763;0.31613656684464975;1;8
2558;832.669/2016;1294;0.31611126928820243;1;8
2559;861.562/2013;4632;0.3160984750790464;0;8
2560;800.151/2011;500;0.31597336910998525;0;8
2561;826.512/2016;2306;0.3159010077605699;0;8
2562;800.679/2007;583;0.31575796388203803;0;8
2563;890.010/2011;4745;0.31572493562365866;1;8
2564;815.454/1999;4605;0.31539118373097025;0;8
2565;848.204/2018;1448;0.31500568521929223;0;8
2566;848.239/2018;1460;0.31500568521929223;1;8
2567;860.010/2020;3231;0.3149246290963426;1;8
2568;831.725/2014;1239;0.3148606874435698;1;8
2569;878.153/2011;2101;0.3147796767496389;1;8
2570;880.076/2014;3252;0.3146988968681013;1;8
2571;831.691/2016;1237;0.31467440154663023;1;8
2572;821.282/2014;1068;0.31463205167298863;1;8
2573;870.519/2015;1999;0.3145318517721217;1;8
2574;870.668/2014;2882;0.31444484423992214;1;8
2575;886.073/2011;2164;0.31425765029850783;1;8
2576;896.639/2006;2274;0.31370436648510636;1;8
2577;896.857/2006;4992;0.31370436648510636;0;8
2578;868.157/2017;1957;0.3135813851710428;1;8
2579;820.408/2006;998;0.31349546403763834;1;8
2580;830.147/2011;1139;0.31329465023516145;1;8
2581;860.740/2009;1660;0.313078726149697;1;8
2582;860.850/2013;2451;0.3130205344212553;1;8
2583;300.494/2019;230;0.3123750692022673;1;8
2584;820.598/2018;1018;0.3123750692022673;1;8
2585;800.427/2011;537;0.31210774956922693;1;8
2586;800.680/2011;584;0.31210774956922693;0;8
2587;800.199/2011;4961;0.31210774956922693;0;8
2588;800.553/2011;4966;0.31210774956922693;0;8
2589;800.565/2011;4974;0.31210774956922693;0;8
2590;860.892/2011;2634;0.31206275309770665;0;8
2591;832.456/2014;1279;0.31202051367563644;1;8
2592;880.284/2013;2138;0.3119449222897767;1;8
2593;866.217/2017;1901;0.3118896544572993;0;8
2594;866.712/2017;2692;0.3118896544572993;1;8
2595;867.016/2017;2829;0.3118896544572993;0;8
2596;868.144/2016;1956;0.31185114444243833;1;8
2597;871.754/2015;4390;0.31174469202186905;1;8
2598;870.522/2015;2001;0.31159439223657015;1;8
2599;870.547/2016;2002;0.31138613359409756;1;8
2600;860.216/2015;3031;0.31120169816470283;1;8
2601;860.091/2012;4103;0.3110393297832378;1;8
2602;820.376/2015;4019;0.3107221239754696;1;8
2603;300.845/2016;346;0.31063883709538287;1;8
2604;870.686/2016;2011;0.31063883709538287;1;8
2605;871.077/2016;2031;0.31063883709538287;1;8
2606;872.814/2016;2079;0.31063883709538287;1;8
2607;300.406/2017;203;0.310458890306674;1;8
2608;303.079/2017;451;0.310458890306674;1;8
2609;832.045/2017;1255;0.310458890306674;1;8
2610;810.235/1999;4384;0.31032446018489146;1;8
2611;870.161/2016;1971;0.3098253697561079;0;8
2612;870.629/2016;2005;0.3098253697561079;1;8
2613;833.425/2011;3659;0.30978654056280697;1;8
2614;300.034/2017;111;0.3096562955823466;1;8
2615;300.923/2020;3898;0.3095392542557057;1;8
2616;300.765/2016;314;0.3093492450816568;1;8
2617;830.686/2016;1171;0.3093492450816568;1;8
2618;820.553/2013;1014;0.30934562797339193;0;8
2619;821.174/2013;1064;0.30934562797339193;1;8
2620;821.063/2015;4031;0.30934562797339193;1;8
2621;800.145/2019;494;0.3092054401536231;1;8
2622;896.059/2010;2228;0.30877946464607925;1;8
2623;300.025/2020;106;0.3087064409539056;0;8
2624;301.021/2021;3615;0.3087064409539056;0;8
2625;872.212/2014;2060;0.3084658623527368;1;8
2626;872.518/2013;2072;0.3084658623527368;1;8
2627;872.521/2013;2073;0.3084658623527368;1;8
2628;871.558/2013;3404;0.3084658623527368;1;8
2629;848.182/2016;3139;0.30841482492880395;1;8
2630;846.449/2007;3712;0.30834067702767626;0;8
2631;815.734/2008;88;0.30802012651104316;1;8
2632;872.769/2016;2075;0.3074606566064945;1;8
2633;872.323/2016;3198;0.3074606566064945;1;8
2634;872.966/2016;4431;0.3074606566064945;1;8
2635;872.957/2016;4575;0.3074606566064945;1;8
2636;864.449/2013;2350;0.3074149115746132;1;8
2637;861.796/2012;4747;0.3071546110940384;0;8
2638;861.204/2014;3480;0.30676804735242325;0;8
2639;860.240/2014;3540;0.30676804735242325;1;8
2640;860.241/2014;3541;0.30676804735242325;1;8
2641;861.419/2015;3552;0.30676804735242325;1;8
2642;820.944/2008;1054;0.30644062502322184;1;8
2643;831.816/2016;4269;0.3064385489506954;1;8
2644;841.144/2011;1393;0.3062986824211375;1;8
2645;300.739/2019;304;0.30624096170706955;1;8
2646;871.684/2019;2051;0.30624096170706955;0;8
2647;871.333/2017;2040;0.30623732805461634;1;8
2648;866.953/2017;2787;0.3057914987004915;0;8
2649;832.202/2014;1263;0.3056423292679238;1;8
2650;833.026/2014;1309;0.3056423292679238;1;8
2651;833.990/2013;1348;0.3056423292679238;1;8
2652;866.216/2017;1900;0.30552034619119983;0;8
2653;846.066/2009;3679;0.3053937106612105;1;8
2654;871.122/2016;2033;0.3052093291622152;1;8
2655;872.766/2016;2074;0.3052093291622152;1;8
2656;872.771/2016;2076;0.3052093291622152;1;8
2657;820.138/2017;972;0.30489875828352253;0;8
2658;820.400/2015;997;0.30479873584407163;1;8
2659;820.367/2013;2366;0.30479873584407163;1;8
2660;896.658/2008;3791;0.3046349362135624;1;8
2661;840.134/2014;4074;0.3045719885794086;0;8
2662;871.202/2002;2035;0.3044401606910345;1;8
2663;832.422/2015;1277;0.304427976398014;1;8
2664;833.287/2015;1321;0.304427976398014;1;8
2665;832.281/2015;4068;0.304427976398014;1;8
2666;861.329/2011;3071;0.30422997894557197;0;8
2667;862.527/2011;3190;0.30422997894557197;0;8
2668;851.134/2013;1532;0.30416908110227947;1;8
2669;820.366/2017;995;0.3040000580838217;1;8
2670;820.738/2016;1027;0.3038002303925289;1;8
2671;866.225/2016;1904;0.30341756969971323;1;8
2672;820.844/2011;3398;0.3032832395880672;0;8
2673;872.647/2015;3746;0.30322825213157484;1;8
2674;860.784/2017;1668;0.3032083312207195;0;8
2675;832.215/2014;1265;0.30308681390314773;1;8
2676;846.183/2013;2559;0.30255558787064907;1;8
2677;800.751/2012;2507;0.3023281000386636;1;8
2678;300.696/2017;292;0.30211199682235806;1;8
2679;831.299/2017;1216;0.30211199682235806;1;8
2680;880.048/2017;2115;0.3020055468314306;0;8
2681;880.035/2017;2894;0.3020055468314306;0;8
2682;832.371/2009;2519;0.30199183392284373;1;8
2683;896.097/2010;2233;0.30181685047856743;1;8
2684;300.474/2017;227;0.30178219067065415;1;8
2685;300.847/2017;347;0.30178219067065415;1;8
2686;846.098/2016;4084;0.30156124328669504;1;8
2687;878.156/2011;2103;0.3013380054025308;0;8
2688;886.587/2011;3148;0.3011863521767904;1;8
2689;821.216/2014;1066;0.3010155991518767;0;8
2690;800.147/2011;496;0.30088591044534085;0;8
2691;800.149/2011;498;0.30088591044534085;0;8
2692;801.177/2011;2386;0.30088326497559964;1;8
2693;846.091/2017;3682;0.30079825300344953;1;8
2694;304.103/2017;3924;0.30079825300344953;1;8
2695;300.299/2016;177;0.3006900341546796;1;8
2696;300.773/2016;317;0.3006900341546796;1;8
2697;830.714/2016;1174;0.3006900341546796;1;8
2698;831.255/2016;1213;0.3006900341546796;1;8
2699;831.365/2016;1222;0.3006900341546796;1;8
2700;833.954/2012;4072;0.3005030109673573;1;8
2701;832.995/2013;1306;0.2998176162704774;1;8
2702;831.925/2013;1250;0.29928661728842787;1;8
2703;832.059/2013;1256;0.29928661728842787;0;8
2704;831.895/1996;40;0.29904369277322007;1;8
2705;848.355/2011;1479;0.29874804774165176;1;8
2706;302.727/2015;445;0.29866674290093864;1;8
2707;860.571/2015;1641;0.29853240127098435;1;8
2708;896.117/2009;2456;0.2980352677071147;1;8
2709;826.227/2017;3218;0.29791630693532467;1;8
2710;826.431/2013;1099;0.2973840238342638;1;8
2711;826.672/2014;1125;0.2973840238342638;1;8
2712;844.112/2014;1401;0.2973840238342638;1;8
2713;884.037/2013;2915;0.2973840238342638;1;8
2714;826.635/2015;4550;0.2973840238342638;1;8
2715;832.067/2012;4573;0.2972918921370051;0;8
2716;832.068/2012;4574;0.2972918921370051;0;8
2717;303.102/2017;455;0.29701452180708765;1;8
2718;846.073/2019;3681;0.2970016533346293;0;8
2719;846.185/2015;3704;0.29682735042279906;1;8
2720;846.246/2013;3708;0.29682735042279906;0;8
2721;820.743/2015;1028;0.29659664347867626;0;8
2722;820.796/2015;1031;0.29659664347867626;1;8
2723;821.107/2014;1060;0.29659664347867626;1;8
2724;821.263/2014;1067;0.29659664347867626;0;8
2725;820.378/2015;4020;0.29659664347867626;0;8
2726;820.962/2014;4029;0.29659664347867626;1;8
2727;826.635/2017;4055;0.2960679892433791;1;8
2728;300.008/2013;103;0.2959595451567941;1;8
2729;833.321/2013;1324;0.2959595451567941;1;8
2730;831.552/2014;3655;0.2959595451567941;1;8
2731;846.042/2016;3672;0.2957811745074936;1;8
2732;300.976/2016;3903;0.2957811745074936;1;8
2733;846.216/2011;3003;0.295692824094475;1;8
2734;806.016/2014;728;0.29532549071294506;1;8
2735;806.017/2014;729;0.29532549071294506;1;8
2736;806.018/2014;730;0.29532549071294506;1;8
2737;300.034/2020;3834;0.2952294747639489;1;8
2738;870.624/2016;2003;0.29520962206745277;1;8
2739;872.204/2016;3745;0.29520962206745277;0;8
2740;878.123/2007;4166;0.2951454870250482;1;8
2741;826.182/2016;1078;0.29498777559918593;0;8
2742;826.487/2016;1108;0.29498777559918593;0;8
2743;860.296/2016;3202;0.29483616423686143;1;8
2744;861.458/2016;3219;0.29483616423686143;1;8
2745;861.003/2016;3386;0.29483616423686143;1;8
2746;861.108/2016;4122;0.29483616423686143;1;8
2747;300.592/2017;262;0.2947735133912865;0;8
2748;826.607/2017;1120;0.2947735133912865;0;8
2749;300.545/2017;4275;0.2947735133912865;1;8
2750;831.301/2017;1218;0.2943079680549336;1;8
2751;830.545/2017;3652;0.2943079680549336;1;8
2752;831.451/2015;1228;0.29420994938936484;1;8
2753;831.785/2015;1243;0.29420994938936484;0;8
2754;800.604/2012;569;0.29404343505025315;1;8
2755;820.212/2017;983;0.293990152796074;1;8
2756;833.037/2014;1312;0.29379786594818635;1;8
2757;300.599/2012;265;0.29373825715871565;1;8
2758;826.022/2016;1074;0.29369605217002753;1;8
2759;826.776/2016;1127;0.29369605217002753;0;8
2760;844.050/2016;1396;0.29369605217002753;0;8
2761;826.616/2016;4052;0.29369605217002753;1;8
2762;832.070/2016;1257;0.2936539132149698;1;8
2763;820.332/2016;993;0.2936371852597724;1;8
2764;303.055/2017;450;0.293427306883327;1;8
2765;896.506/2008;2269;0.2933191172131993;1;8
2766;831.330/2011;1221;0.29323508795567216;1;8
2767;300.952/2016;380;0.2932090234682025;0;8
2768;815.780/2016;2398;0.2932090234682025;1;8
2769;801.111/2011;607;0.2931843049956665;0;8
2770;800.117/2011;4988;0.2931843049956665;0;8
2771;826.135/2016;2990;0.2929143656401352;1;8
2772;820.506/2016;4315;0.2929143656401352;0;8
2773;870.833/2016;2018;0.29254865304350214;1;8
2774;871.527/2016;2887;0.29254865304350214;1;8
2775;300.730/2014;299;0.2925286980546821;1;8
2776;302.248/2015;439;0.2925286980546821;1;8
2777;896.389/2010;4995;0.2925189975490298;0;8
2778;820.892/2016;1046;0.2923167345654088;0;8
2779;846.021/2017;3669;0.2922567597489707;1;8
2780;300.948/2016;378;0.2918852819609814;1;8
2781;826.623/2013;1121;0.2918224110616673;0;8
2782;300.238/2021;162;0.2916867359224237;0;8
2783;871.527/2021;3335;0.2916867359224237;1;8
2784;810.698/2009;3242;0.291460011753916;0;8
2785;826.526/2011;1114;0.29139521454270434;0;8
2786;300.893/2011;367;0.2913787067675114;0;8
2787;810.089/2005;3818;0.29110199362276556;1;8
2788;820.315/1979;4917;0.29109403152387087;0;8
2789;860.722/2021;4500;0.29085351411376803;1;8
2790;886.061/2013;3768;0.29054799497871464;1;8
2791;878.095/2011;4562;0.29050482354696183;1;8
2792;830.015/2015;1129;0.2905033204606388;1;8
2793;831.165/2015;1210;0.2905033204606388;1;8
2794;300.716/2019;298;0.2898077741276989;0;8
2795;878.049/2019;3749;0.2898077741276989;1;8
2796;878.060/2018;3750;0.2898077741276989;1;8
2797;878.069/2018;4201;0.2898077741276989;1;8
2798;840.389/2016;4867;0.2897482489788404;1;8
2799;844.137/2013;1402;0.2896377016387394;0;8
2800;826.640/2014;4056;0.2896377016387394;0;8
2801;831.207/1996;1212;0.28956589957760576;1;8
2802;820.438/2012;1000;0.28931800689643206;1;8
2803;870.226/2020;1986;0.28929040736275485;1;8
2804;300.592/2023;4481;0.28929040736275485;1;8
2805;832.898/2013;1303;0.2892717765316095;1;8
2806;834.026/2013;1349;0.2892717765316095;1;8
2807;834.028/2013;1351;0.2892717765316095;1;8
2808;826.805/2016;4062;0.28866823984987927;1;8
2809;872.969/2016;4430;0.28834498028620975;1;8
2810;846.217/2011;2561;0.28823342579583344;1;8
2811;846.219/2011;3005;0.28823342579583344;1;8
2812;846.221/2011;3006;0.28823342579583344;1;8
2813;846.228/2011;3009;0.28823342579583344;1;8
2814;846.229/2011;3010;0.28823342579583344;1;8
2815;870.594/2017;4388;0.2880207230749869;0;8
2816;800.551/2011;564;0.2879215814953908;0;8
2817;801.113/2011;608;0.2879215814953908;0;8
2818;801.115/2011;609;0.2879215814953908;0;8
2819;801.116/2011;610;0.2879215814953908;0;8
2820;800.196/2011;4960;0.2879215814953908;1;8
2821;800.203/2011;4963;0.2879215814953908;0;8
2822;833.044/2011;4576;0.28721499916225796;1;8
2823;860.112/2019;3583;0.2868690845221058;1;8
2824;871.615/2017;2049;0.2867470992721956;1;8
2825;870.919/2017;3740;0.2867470992721956;1;8
2826;300.790/2017;326;0.2862700934389258;1;8
2827;871.104/2017;3113;0.2862700934389258;1;8
2828;870.959/2017;3357;0.2862700934389258;1;8
2829;815.168/2003;4932;0.28617700951489267;1;8
2830;830.493/2015;1157;0.28617550479768383;0;8
2831;831.300/2015;1217;0.28617550479768383;1;8
2832;820.806/2015;1032;0.28597349738437705;1;8
2833;826.401/2015;4040;0.28590880629003124;0;8
2834;890.937/2012;71;0.28576919301130504;1;8
2835;820.067/2012;964;0.28564806593492964;1;8
2836;821.172/2012;1063;0.28564806593492964;0;8
2837;846.333/2013;2582;0.2855215811605869;1;8
2838;846.156/2015;3696;0.2855215811605869;1;8
2839;860.412/2019;1618;0.28529975339573405;0;8
2840;871.214/2013;4154;0.28528806793406014;1;8
2841;870.892/2017;2884;0.2852278304947085;1;8
2842;866.525/2015;1915;0.28476217150619754;0;8
2843;300.504/2012;236;0.28466350676964386;0;8
2844;848.009/2019;1412;0.2844321708115443;1;8
2845;848.248/2018;1462;0.2844321708115443;1;8
2846;848.018/2018;2591;0.2844321708115443;1;8
2847;300.500/2017;234;0.2843327804476639;1;8
2848;300.076/2017;3600;0.2843327804476639;0;8
2849;303.182/2017;4203;0.2843327804476639;1;8
2850;831.977/2016;1251;0.2841208897230678;1;8
2851;832.705/2016;1296;0.2841208897230678;1;8
2852;820.924/2012;1053;0.2839743230103634;1;8
2853;890.167/2017;63;0.2838689673003108;1;8
2854;300.463/2017;223;0.2836236681342446;1;8
2855;300.714/2017;297;0.2836236681342446;1;8
2856;300.849/2017;349;0.2836236681342446;1;8
2857;303.080/2017;452;0.2836236681342446;1;8
2858;821.150/2014;1062;0.28360529724234357;1;8
2859;831.320/2020;1220;0.28349751633358544;0;8
2860;860.115/2019;3229;0.2834680719190779;1;8
2861;860.194/2019;3230;0.2834680719190779;1;8
2862;860.239/2018;3355;0.2834680719190779;1;8
2863;860.454/2018;4504;0.2834680719190779;1;8
2864;302.239/2015;438;0.28342990002206264;1;8
2865;301.221/2016;424;0.28327815285009145;1;8
2866;832.152/2016;1259;0.28327815285009145;0;8
2867;831.474/2016;4225;0.28327815285009145;0;8
2868;832.722/2016;4263;0.28327815285009145;0;8
2869;303.220/2018;465;0.2832714581242877;1;8
2870;872.838/2016;2080;0.2831343268102285;1;8
2871;872.958/2016;4432;0.2831343268102285;1;8
2872;300.713/2017;296;0.28303740505938624;1;8
2873;800.628/2011;577;0.28300319272699526;0;8
2874;800.549/2011;4967;0.28300319272699526;0;8
2875;820.078/2014;965;0.28265813613562535;0;8
2876;300.967/2016;383;0.2825706322353774;1;8
2877;831.380/2016;1223;0.2825706322353774;1;8
2878;832.181/2016;1261;0.2825706322353774;1;8
2879;860.150/2016;1567;0.2825706322353774;1;8
2880;831.820/2016;4067;0.2825706322353774;1;8
2881;860.557/2014;3545;0.2822569015762941;1;8
2882;300.855/2016;352;0.2819856890345424;1;8
2883;831.862/2016;1249;0.2819856890345424;1;8
2884;832.321/2016;1272;0.2819856890345424;1;8
2885;826.224/2013;1084;0.2818240131820699;0;8
2886;815.763/2015;2330;0.2818240131820699;0;8
2887;826.661/2013;4353;0.2818240131820699;1;8
2888;896.075/2011;2231;0.2817582963623223;0;8
2889;848.072/2008;3274;0.2816000926475131;1;8
2890;820.872/2013;1044;0.281580003898901;1;8
2891;861.073/2017;1708;0.28148393486679785;1;8
2892;820.479/2012;2399;0.2813638976108939;1;8
2893;821.049/2012;4030;0.2813638976108939;0;8
2894;848.586/2007;1491;0.2809437934653146;1;8
2895;860.918/2013;1696;0.2809296149393695;1;8
2896;861.594/2013;1766;0.2809296149393695;0;8
2897;861.602/2013;1767;0.2809296149393695;1;8
2898;815.037/2017;902;0.2808929119843159;1;8
2899;304.118/2017;2357;0.2808929119843159;1;8
2900;300.655/2017;3611;0.2808929119843159;1;8
2901;800.313/2018;518;0.28064650141396297;1;8
2902;860.611/2016;1650;0.2804357334108123;1;8
2903;860.060/2016;3211;0.2804357334108123;0;8
2904;860.280/2016;3729;0.2804357334108123;1;8
2905;861.225/2016;4530;0.2804357334108123;1;8
2906;870.147/2017;1967;0.2804037317315636;1;8
2907;870.169/2017;1973;0.2804037317315636;1;8
2908;870.170/2017;1974;0.2804037317315636;1;8
2909;870.202/2017;1978;0.2804037317315636;1;8
2910;870.220/2017;1982;0.2804037317315636;1;8
2911;870.225/2017;1985;0.2804037317315636;1;8
2912;870.246/2017;1987;0.2804037317315636;1;8
2913;896.662/2001;2275;0.28037643851451494;0;8
2914;870.752/2016;2014;0.2803713757416378;1;8
2915;826.251/2017;4038;0.28036132495285015;1;8
2916;826.238/2013;1085;0.2802661064623934;0;8
2917;826.281/2015;1088;0.2802661064623934;0;8
2918;844.092/2014;2303;0.2802661064623934;1;8
2919;871.299/2017;4389;0.2800321004195059;1;8
2920;864.266/2010;4140;0.27996112355716124;0;8
2921;871.591/2014;2046;0.279729393979558;1;8
2922;872.145/2014;4159;0.279729393979558;1;8
2923;860.528/2014;1635;0.27963155658759387;1;8
2924;860.590/2014;1646;0.27963155658759387;1;8
2925;834.027/2013;1350;0.2793368600218739;1;8
2926;800.490/2012;556;0.279289202798609;1;8
2927;820.588/2017;1017;0.279053125981429;0;8
2928;896.548/2008;3783;0.27877009862313396;1;8
2929;820.856/2011;1040;0.2784275254250442;0;8
2930;820.869/2011;1042;0.2784275254250442;0;8
2931;820.846/2011;3399;0.2784275254250442;1;8
2932;820.064/2016;4558;0.2780104740643761;1;8
2933;821.149/2002;1061;0.27783888517903904;1;8
2934;864.055/2014;2424;0.2777328047588368;1;8
2935;811.361/1995;881;0.2777289654801846;1;8
2936;801.028/2012;603;0.277455566165644;1;8
2937;890.726/2010;2209;0.27727383111068465;1;8
2938;846.010/2012;2539;0.277199828304087;1;8
2939;300.016/2019;105;0.27717628825438123;0;8
2940;872.203/2016;2059;0.2771721886565972;1;8
2941;800.807/2012;596;0.2771586658022039;1;8
2942;801.086/2012;3626;0.2771586658022039;1;8
2943;867.309/2017;4468;0.2769315308512932;0;8
2944;862.067/2013;4784;0.2766352859143433;1;8
2945;820.465/2008;17;0.27658841607899837;1;8
2946;300.406/2019;204;0.2765299423058011;1;8
2947;300.425/2018;211;0.2765299423058011;1;8
2948;871.089/2016;2032;0.27596651102324415;1;8
2949;871.373/2016;2043;0.27596651102324415;1;8
2950;871.421/2016;2044;0.27596651102324415;1;8
2951;872.316/2016;2062;0.27596651102324415;0;8
2952;872.208/2016;4423;0.27596651102324415;1;8
2953;873.217/2009;4955;0.27587913786919815;1;8
2954;851.645/2011;4497;0.27573564238262327;1;8
2955;300.570/2018;4233;0.2756308103611409;0;8
2956;846.158/2015;2553;0.2756202095669422;1;8
2957;300.217/2022;152;0.27554524488211946;1;8
2958;820.768/2006;4957;0.27552074893153655;0;8
2959;861.497/2014;1759;0.2753472926841156;1;8
2960;816.114/2013;959;0.2753239601459176;0;8
2961;870.142/2017;1966;0.27528107323266776;1;8
2962;870.149/2017;1968;0.27528107323266776;1;8
2963;870.150/2017;1969;0.27528107323266776;1;8
2964;870.154/2017;1970;0.27528107323266776;1;8
2965;870.168/2017;1972;0.27528107323266776;1;8
2966;870.171/2017;1975;0.27528107323266776;1;8
2967;870.207/2017;1979;0.27528107323266776;1;8
2968;870.208/2017;1980;0.27528107323266776;1;8
2969;870.213/2017;1981;0.27528107323266776;1;8
2970;870.222/2017;1984;0.27528107323266776;1;8
2971;870.239/2017;3111;0.27528107323266776;1;8
2972;300.953/2016;381;0.274824786247859;0;8
2973;815.404/2016;917;0.274824786247859;1;8
2974;300.392/2012;197;0.27478149793044;1;8
2975;871.342/2015;2042;0.2747492609055157;1;8
2976;800.266/2012;514;0.27471651093392196;1;8
2977;800.325/2012;521;0.27471651093392196;1;8
2978;800.354/2012;2953;0.27471651093392196;1;8
2979;810.344/2004;2963;0.2743877299827599;0;8
2980;800.550/2011;4965;0.2743190899409931;0;8
2981;800.570/2011;4978;0.2743190899409931;0;8
2982;820.046/2001;4015;0.2739788371951016;1;8
2983;832.021/2016;1253;0.27396203305945277;0;8
2984;832.257/2016;1268;0.27396203305945277;1;8
2985;832.378/2016;1275;0.27396203305945277;1;8
2986;300.744/2016;2358;0.27396203305945277;0;8
2987;830.588/2016;3653;0.27396203305945277;0;8
2988;832.452/2016;4070;0.27396203305945277;1;8
2989;884.191/2021;3127;0.27347059918311084;0;8
2990;867.308/2017;4470;0.2733306574157961;0;8
2991;820.858/2011;1041;0.27332725680402814;0;8
2992;820.870/2011;1043;0.27332725680402814;1;8
2993;896.367/2000;4347;0.27292286106539726;1;8
2994;860.869/2014;3478;0.2727870651447998;0;8
2995;848.158/2010;1435;0.2725823170527213;1;8
2996;806.019/2015;731;0.2725767231312133;1;8
2997;303.093/2017;453;0.2725756639715442;1;8
2998;871.024/2017;2029;0.2725756639715442;1;8
2999;870.433/2017;2428;0.2725756639715442;1;8
3000;884.167/2015;2925;0.27246544803315825;0;8
3001;826.445/2014;4042;0.27246544803315825;0;8
3002;300.843/2018;3890;0.27245409829220735;0;8
3003;300.123/2018;4238;0.27245409829220735;0;8
3004;866.826/2014;4147;0.2724346429131888;0;8
3005;827.106/2013;4365;0.2722694270446325;1;8
3006;848.031/2017;3393;0.27210361864715954;1;8
3007;846.182/2010;3702;0.27197856290867667;1;8
3008;870.516/2015;1997;0.27195023973221444;1;8
3009;870.518/2015;1998;0.27195023973221444;1;8
3010;870.520/2015;2000;0.27195023973221444;1;8
3011;871.541/2015;2888;0.27195023973221444;1;8
3012;861.356/2015;1745;0.27163207844520454;0;8
3013;860.985/2015;2363;0.27163207844520454;0;8
3014;815.694/2016;937;0.2714654898860699;1;8
3015;820.606/2008;4815;0.2711665877653332;0;8
3016;820.615/2008;4820;0.2711665877653332;0;8
3017;820.613/2008;4827;0.2711665877653332;0;8
3018;826.737/2009;3517;0.27097942126312374;1;8
3019;826.265/2017;1087;0.270677529102286;1;8
3020;826.246/2017;4037;0.270677529102286;1;8
3021;815.705/2004;938;0.27059128751135836;1;8
3022;810.219/1990;3821;0.27038577564014377;0;8
3023;860.197/2015;1575;0.2703608277283734;1;8
3024;861.325/2015;4487;0.2703608277283734;1;8
3025;303.190/2017;462;0.2699896246792366;0;8
3026;300.886/2017;3895;0.2699896246792366;0;8
3027;826.078/2017;4033;0.2699896246792366;0;8
3028;826.486/2017;4047;0.2699896246792366;0;8
3029;303.105/2017;4262;0.2699896246792366;0;8
3030;844.030/2017;4555;0.2699896246792366;1;8
3031;831.276/2015;1214;0.269929835109065;1;8
3032;300.771/2011;316;0.2698011760356597;1;8
3033;861.615/2012;3080;0.26974788493471674;1;8
3034;826.394/2016;1096;0.2696544666686855;0;8
3035;826.880/2016;2510;0.2696544666686855;1;8
3036;826.623/2016;4053;0.2696544666686855;1;8
3037;860.848/2015;3550;0.26954532061502057;0;8
3038;820.829/2016;1033;0.2692993507113429;1;8
3039;300.207/2020;149;0.2692588806880032;0;8
3040;840.331/2014;1386;0.2692187554499713;1;8
3041;826.525/2016;1113;0.2689682034044713;1;8
3042;826.641/2016;4058;0.2689682034044713;1;8
3043;826.673/2016;4060;0.2689682034044713;0;8
3044;826.850/2016;4063;0.2689682034044713;0;8
3045;820.855/2011;1038;0.2689636627613873;0;8
3046;896.687/2003;4918;0.26892432320300047;1;8
3047;840.139/2015;3665;0.2688066759322384;1;8
3048;886.078/2017;3769;0.26877436786883757;1;8
3049;300.782/2016;3613;0.26844016370663604;1;8
3050;860.358/2018;3542;0.26793086901450486;1;8
3051;820.873/2013;4027;0.26789633357940285;1;8
3052;886.300/2016;2936;0.26775585783413597;1;8
3053;896.084/2007;2232;0.2674826320826776;1;8
3054;810.233/2011;4372;0.2674738192516906;0;8
3055;860.389/2013;1614;0.2674388093699951;0;8
3056;862.105/2013;1780;0.2674388093699951;1;8
3057;860.736/2014;4320;0.2674388093699951;1;8
3058;848.281/2010;1471;0.26715690465517167;1;8
3059;810.519/2011;3253;0.2670735321558371;0;8
3060;831.988/2013;1252;0.26686516326642806;1;8
3061;832.442/2013;1278;0.26686516326642806;1;8
3062;833.065/2014;1313;0.26686516326642806;0;8
3063;833.273/2014;1320;0.26686516326642806;1;8
3064;833.608/2013;1335;0.26686516326642806;0;8
3065;830.527/2014;4066;0.26686516326642806;0;8
3066;820.682/2012;1024;0.2668259339264191;1;8
3067;820.161/2012;4018;0.2668259339264191;0;8
3068;872.939/2015;2083;0.26677195716257157;0;8
3069;830.489/2016;4219;0.2664532167861128;0;8
3070;860.046/2017;1551;0.26625832089599955;1;8
3071;860.481/2017;1628;0.26625832089599955;0;8
3072;860.281/2017;4356;0.26625832089599955;0;8
3073;860.012/2015;1546;0.2661661206285914;0;8
3074;833.434/2013;1331;0.2657563290406454;1;8
3075;860.873/2016;1683;0.26524588677841604;0;8
3076;860.998/2016;3056;0.26524588677841604;1;8
3077;830.442/2015;1153;0.26452642647407876;1;8
3078;831.106/2015;1200;0.26452642647407876;0;8
3079;861.309/2016;1742;0.264419603843413;1;8
3080;827.067/2013;2993;0.2644123989248494;1;8
3081;890.390/1998;2198;0.26437465883383326;0;8
3082;848.114/2017;1426;0.26436787904388864;0;8
3083;800.467/2007;547;0.26415090724821755;1;8
3084;896.296/2011;2259;0.2641227998742181;0;8
3085;832.374/2015;4264;0.2640343611823089;1;8
3086;811.284/2011;4463;0.26319262844405833;1;8
3087;300.918/2017;371;0.26306248491416917;1;8
3088;820.099/2015;970;0.2625772456720689;1;8
3089;820.496/2015;2400;0.2625189940406063;1;8
3090;884.047/2012;4578;0.262254493889437;1;8
3091;846.222/2011;3007;0.26219682033673425;1;8
3092;300.462/2020;2468;0.26198198815305807;0;8
3093;300.346/2021;3853;0.26198198815305807;0;8
3094;850.395/2015;1509;0.2619440692596485;1;8
3095;806.228/2014;4561;0.2618892535669697;1;8
3096;870.917/2017;2026;0.26182856104100916;1;8
3097;820.468/2006;1007;0.26156871285936845;1;8
3098;300.978/2016;389;0.26109451351480173;1;8
3099;840.028/2023;4425;0.26053887777776996;0;8
3100;896.706/2005;4944;0.2605088583018706;1;8
3101;820.458/2006;1006;0.260462500829309;0;8
3102;803.070/2015;630;0.2601897189333351;1;8
3103;301.263/2020;430;0.2597402075836029;0;8
3104;846.233/2011;2566;0.25965791569076657;1;8
3105;830.819/2017;1180;0.25963448980650056;1;8
3106;821.186/2014;1065;0.2594802561005589;0;8
3107;820.716/2013;4026;0.2594802561005589;0;8
3108;848.382/2012;1481;0.259439802305721;1;8
3109;815.427/2015;920;0.2592491491602135;1;8
3110;815.531/2015;928;0.2592491491602135;1;8
3111;816.077/2013;958;0.2592491491602135;0;8
3112;300.447/2014;2380;0.2592491491602135;1;8
3113;815.447/2015;2396;0.2592491491602135;1;8
3114;300.264/2014;3797;0.2592491491602135;1;8
3115;302.906/2015;4552;0.2592491491602135;1;8
3116;830.189/2016;1142;0.25920455266511355;1;8
3117;300.407/2021;3856;0.25913321147517504;0;8
3118;800.268/2012;515;0.2590286573406566;1;8
3119;806.029/2017;3628;0.2589776134483579;1;8
3120;300.276/2019;171;0.2588552740520279;0;8
3121;300.346/2019;189;0.2588552740520279;0;8
3122;300.557/2019;2466;0.2588552740520279;0;8
3123;300.014/2019;4215;0.2588552740520279;1;8
3124;300.496/2017;231;0.2585448439653653;1;8
3125;810.078/2006;4329;0.2585413845913117;0;8
3126;826.262/2014;1086;0.2582220547366681;0;8
3127;300.045/2017;113;0.25802015425909053;1;8
3128;300.868/2016;359;0.25755144476811;1;8
3129;301.057/2016;403;0.25755144476811;1;8
3130;301.060/2016;404;0.25755144476811;0;8
3131;301.011/2020;3906;0.2573319808793979;0;8
3132;810.834/2008;4403;0.2571668104438206;1;8
3133;300.951/2016;379;0.25702807220806767;1;8
3134;815.581/2016;932;0.25702807220806767;1;8
3135;815.760/2016;947;0.25702807220806767;1;8
3136;861.882/2012;3082;0.2569600729191625;1;8
3137;860.822/2017;1674;0.2568877612421112;0;8
3138;815.411/2017;918;0.25685102087400197;1;8
3139;815.763/2017;948;0.25685102087400197;0;8
3140;300.823/2009;339;0.2568297048916382;1;8
3141;300.769/2021;315;0.25668174144631395;0;8
3142;300.913/2021;3897;0.25668174144631395;1;8
3143;301.129/2021;3911;0.25668174144631395;0;8
3144;300.670/2018;4280;0.25629767152051613;1;8
3145;846.146/2014;3692;0.2561387910714936;1;8
3146;860.375/2021;4441;0.2561155948365677;1;8
3147;300.026/2020;107;0.2559384258171015;0;8
3148;820.996/2000;1058;0.2559028095221086;1;8
3149;860.235/2016;1586;0.2558985315748931;1;8
3150;861.098/2015;1710;0.25588689927084823;0;8
3151;861.424/2015;1752;0.25588689927084823;1;8
3152;861.546/2014;1763;0.25588689927084823;1;8
3153;860.904/2014;3053;0.25588689927084823;1;8
3154;861.427/2015;3073;0.25588689927084823;1;8
3155;860.984/2015;4120;0.25588689927084823;1;8
3156;861.660/2013;4129;0.25588689927084823;0;8
3157;862.073/2013;4133;0.25588689927084823;0;8
3158;300.808/2017;334;0.2558301460727549;1;8
3159;826.211/2017;4036;0.2558301460727549;0;8
3160;826.321/2017;4039;0.2558301460727549;0;8
3161;826.446/2017;4043;0.2558301460727549;1;8
3162;826.640/2017;4057;0.2558301460727549;0;8
3163;860.593/2017;1647;0.255672752108907;1;8
3164;860.892/2017;3333;0.255672752108907;0;8
3165;860.352/2017;4109;0.255672752108907;0;8
3166;840.441/2011;1390;0.25566060621394054;0;8
3167;846.158/2016;3697;0.2555208210866734;0;8
3168;848.115/2017;1428;0.2553091603879311;1;8
3169;815.161/2003;4926;0.25522407186637763;1;8
3170;815.162/2003;4927;0.25522407186637763;1;8
3171;815.163/2003;4928;0.25522407186637763;1;8
3172;815.164/2003;4929;0.25522407186637763;1;8
3173;815.167/2003;4931;0.25522407186637763;1;8
3174;815.169/2003;4933;0.25522407186637763;1;8
3175;815.175/2003;4938;0.25522407186637763;1;8
3176;815.176/2003;4939;0.25522407186637763;1;8
3177;873.218/2009;4956;0.2552198358834555;1;8
3178;300.782/2012;324;0.25488222898020507;1;8
3179;826.493/2016;4048;0.25484359240371374;0;8
3180;861.411/2016;2642;0.2546865976695616;0;8
3181;830.523/2017;1161;0.2546750828775658;1;8
3182;846.014/2017;3798;0.25448242045359143;1;8
3183;870.752/2014;3226;0.25447899564517557;1;8
3184;800.004/2012;477;0.254158574736258;0;8
3185;800.007/2012;478;0.254158574736258;0;8
3186;800.009/2012;479;0.254158574736258;0;8
3187;800.010/2012;480;0.254158574736258;0;8
3188;800.457/2012;545;0.254158574736258;1;8
3189;848.360/2010;1480;0.25409377960754986;1;8
3190;300.544/2017;249;0.25372190334649386;1;8
3191;300.784/2019;4237;0.25364786654658306;1;8
3192;300.766/2019;4299;0.25364786654658306;1;8
3193;832.936/2015;1304;0.2535596330035777;1;8
3194;861.204/2015;1723;0.2535596330035777;1;8
3195;860.996/2017;1704;0.2535092287070421;1;8
3196;860.607/2017;4502;0.2535092287070421;1;8
3197;866.344/2017;4565;0.25350010582769417;1;8
3198;846.053/2016;3675;0.2534992935818025;1;8
3199;846.159/2016;3698;0.2534992935818025;0;8
3200;866.096/2018;2654;0.253238414405082;0;8
3201;866.463/2018;2679;0.253238414405082;1;8
3202;866.554/2015;1918;0.25316878159333295;1;8
3203;860.692/2018;1658;0.2531339157494811;1;8
3204;820.604/2008;4814;0.25289708205167477;0;8
3205;831.161/2018;1209;0.25261750938614047;0;8
3206;860.105/2016;1558;0.2525285879978591;1;8
3207;861.133/2016;1713;0.2525285879978591;1;8
3208;861.457/2016;1757;0.2525285879978591;0;8
3209;860.309/2016;3033;0.2525285879978591;1;8
3210;848.279/2012;2345;0.25244907433561864;1;8
3211;302.796/2015;446;0.25133712939034397;1;8
3212;815.483/2015;921;0.25133712939034397;0;8
3213;815.497/2015;923;0.25133712939034397;1;8
3214;815.579/2014;931;0.25133712939034397;1;8
3215;300.136/2013;3603;0.25133712939034397;1;8
3216;896.751/2011;2279;0.2511571882033679;0;8
3217;861.299/2015;2414;0.251001573439932;1;8
3218;861.154/2014;3064;0.251001573439932;1;8
3219;826.554/2017;1118;0.25095444999433736;1;8
3220;300.529/2010;242;0.25086721366717785;1;8
3221;840.883/2011;2535;0.2508324111612058;1;8
3222;840.924/2011;2536;0.2508324111612058;1;8
3223;870.201/2017;1977;0.25055611792819393;1;8
3224;870.221/2017;1983;0.25055611792819393;1;8
3225;871.332/2017;2886;0.25055611792819393;1;8
3226;860.508/2019;1631;0.2504970559772894;1;8
3227;860.509/2019;1632;0.2504970559772894;1;8
3228;860.510/2019;1633;0.2504970559772894;1;8
3229;860.511/2019;3325;0.2504970559772894;1;8
3230;860.182/2019;4377;0.2504970559772894;0;8
3231;896.863/2008;2282;0.25037165972423575;1;8
3232;300.858/2017;354;0.25026054693351407;1;8
3233;848.008/2017;1411;0.25026054693351407;1;8
3234;896.551/2001;4707;0.2502464864090814;0;8
3235;800.102/2007;490;0.25014260184509285;0;8
3236;826.808/2016;3648;0.24998038243192908;0;8
3237;866.305/2016;4145;0.24965344744010598;1;8
3238;800.070/2012;488;0.24961476161297327;0;8
3239;800.264/2012;513;0.24947295062074484;1;8
3240;801.038/2012;604;0.24947295062074484;1;8
3241;872.394/2016;2067;0.24917214372788885;1;8
3242;871.184/2017;2034;0.2489775593449795;0;8
3243;848.171/2016;3014;0.2488939473768473;1;8
3244;848.030/2017;3316;0.24873814298953198;1;8
3245;860.348/2017;1608;0.24865412784841306;1;8
3246;860.552/2017;1637;0.24865412784841306;0;8
3247;848.553/2010;1490;0.24824196194352305;1;8
3248;806.115/2017;4559;0.24821947433822664;1;8
3249;830.780/2017;1177;0.24789972393404155;1;8
3250;832.706/2015;1297;0.2478117338300505;1;8
3251;815.244/2012;2305;0.24779474519646633;0;8
3252;300.857/2016;353;0.24776983237819222;1;8
3253;302.902/2015;447;0.2477095196512685;1;8
3254;860.988/2016;1702;0.24768603646879492;1;8
3255;860.801/2016;4117;0.24768603646879492;1;8
3256;826.569/2017;3646;0.24757569790247205;0;8
3257;826.161/2017;4035;0.24757569790247205;0;8
3258;826.550/2017;4050;0.24757569790247205;1;8
3259;870.173/2013;1976;0.2469819380630684;1;8
3260;820.103/2016;971;0.24693360438841325;0;8
3261;830.539/2016;1162;0.24693360438841325;1;8
3262;300.397/2019;200;0.24662660512935125;0;8
3263;826.486/2016;1107;0.24661042709048725;0;8
3264;826.554/2016;1117;0.24661042709048725;1;8
3265;826.837/2016;3649;0.24661042709048725;1;8
3266;300.989/2016;3904;0.24661042709048725;0;8
3267;826.642/2016;4059;0.24661042709048725;1;8
3268;831.752/2007;1242;0.24656335915427155;1;8
3269;300.289/2011;173;0.2463833662608781;1;8
3270;300.294/2011;175;0.2463833662608781;0;8
3271;300.552/2011;251;0.2463833662608781;1;8
3272;300.787/2019;4261;0.2462828342096916;0;8
3273;826.467/2016;1102;0.2461666605940462;1;8
3274;896.503/2007;4196;0.24609551128466725;0;8
3275;870.385/2016;1991;0.24579079655176397;1;8
3276;800.393/2012;532;0.24576696878039228;1;8
3277;832.207/2015;1264;0.24561078524775548;1;8
3278;832.226/2015;1266;0.24561078524775548;1;8
3279;861.297/2015;1738;0.24561078524775548;1;8
3280;820.452/2012;1005;0.24548847082058645;0;8
3281;815.341/2015;3639;0.24546354898933687;0;8
3282;846.150/2014;3265;0.24540630052538334;1;8
3283;300.917/2017;370;0.24528511102267642;1;8
3284;826.238/2010;4310;0.24503572827495712;0;8
3285;848.220/2017;1456;0.24501140791345902;1;8
3286;304.101/2017;474;0.24478526966916486;1;8
3287;832.650/2016;1292;0.2447379173545202;1;8
3288;848.059/2013;1417;0.24464767752543504;1;8
3289;826.184/2013;1080;0.2446475044424688;1;8
3290;826.186/2013;1081;0.2446475044424688;0;8
3291;844.012/2013;1394;0.2446475044424688;0;8
3292;844.093/2013;1398;0.2446475044424688;0;8
3293;844.094/2013;1399;0.2446475044424688;0;8
3294;826.185/2013;3232;0.2446475044424688;1;8
3295;846.160/2012;3174;0.2445854285865825;1;8
3296;846.013/2016;3322;0.24453392378131455;1;8
3297;840.741/2012;1392;0.2442508848470956;0;8
3298;860.590/2012;1645;0.24423979725146988;1;8
3299;861.279/2012;1735;0.24423979725146988;1;8
3300;800.357/2008;4922;0.24418546666251578;0;8
3301;815.608/2010;933;0.2440217210464641;1;8
3302;871.944/2014;2056;0.24396372875795558;0;8
3303;872.101/2014;4158;0.24396372875795558;0;8
3304;815.750/2012;944;0.24392696768064998;0;8
3305;850.180/2015;1500;0.24384573873129906;1;8
3306;806.038/2016;736;0.24359772322404086;1;8
3307;896.075/2016;4185;0.2434224199148454;0;8
3308;896.041/2017;4183;0.24331819422010756;0;8
3309;820.318/2008;990;0.24323839652259724;1;8
3310;820.319/2008;991;0.24323839652259724;1;8
3311;820.320/2008;992;0.24323839652259724;1;8
3312;861.276/2021;3589;0.24222288411863005;1;8
3313;815.722/2016;939;0.24219751014753385;1;8
3314;896.064/2011;2229;0.24210361636447636;0;8
3315;872.211/2014;3318;0.24204120756813471;1;8
3316;884.003/2016;3755;0.24202150261385932;0;8
3317;820.896/2015;1047;0.24127027799106343;1;8
3318;871.792/2016;2054;0.24117696984710799;0;8
3319;815.634/2007;4618;0.24108250506441128;0;8
3320;800.316/2012;520;0.24092226757257126;1;8
3321;800.401/2012;534;0.24092226757257126;1;8
3322;870.627/2016;3375;0.24076627199054673;1;8
3323;871.742/2016;4435;0.24076627199054673;1;8
3324;870.626/2016;2004;0.24071127957938757;1;8
3325;896.539/2011;2270;0.24064447056259436;1;8
3326;896.733/2011;2278;0.24064447056259436;0;8
3327;826.365/2015;1093;0.24063371619609097;1;8
3328;300.994/2013;393;0.24059869324542557;1;8
3329;815.192/2015;906;0.24059869324542557;1;8
3330;820.542/2016;1011;0.24040791987275606;1;8
3331;866.346/2017;4567;0.24034753485199414;1;8
3332;826.183/2013;1079;0.2403398999730381;0;8
3333;300.136/2014;137;0.24026844436927147;1;8
3334;826.671/2014;1124;0.24026844436927147;1;8
3335;826.607/2014;4521;0.24026844436927147;0;8
3336;846.229/2017;3706;0.24015770157710303;0;8
3337;300.828/2017;341;0.24010442625014308;1;8
3338;833.021/2015;1308;0.23959282955013153;1;8
3339;302.494/2015;441;0.23957367919667102;1;8
3340;300.779/2019;4273;0.23942619683016772;0;8
3341;860.199/2018;1577;0.23942093472420994;1;8
3342;300.604/2018;3609;0.23942093472420994;0;8
3343;860.304/2018;4510;0.23942093472420994;0;8
3344;820.306/2011;987;0.2392775249760401;1;8
3345;848.215/2015;1454;0.2390356388859041;1;8
3346;300.637/2014;272;0.2388561196613671;1;8
3347;300.731/2013;301;0.2388561196613671;1;8
3348;815.536/2011;929;0.23875395624808327;0;8
3349;300.298/2011;176;0.23873744926068707;1;8
3350;815.506/2011;926;0.23873744926068707;1;8
3351;815.852/2011;954;0.23873744926068707;1;8
3352;815.492/2015;922;0.2385541191774661;0;8
3353;815.642/2015;935;0.2385541191774661;0;8
3354;301.190/2013;2381;0.2385541191774661;1;8
3355;860.304/2014;1601;0.2385508409143281;1;8
3356;820.761/2007;4997;0.23853159462883985;1;8
3357;810.028/2009;4396;0.23851281347847217;1;8
3358;300.522/2017;240;0.23840777968508262;0;8
3359;846.103/2015;2547;0.23832209109115735;0;8
3360;846.123/2014;2550;0.23832209109115735;1;8
3361;831.319/2020;1219;0.2381139547510497;0;8
3362;860.910/2008;1693;0.23799875645149388;0;8
3363;861.353/2008;4124;0.23799875645149388;1;8
3364;826.638/2017;3647;0.23798948339589504;0;8
3365;846.148/2018;3694;0.23791206872600645;1;8
3366;300.243/2012;163;0.23782680263561953;1;8
3367;831.157/2012;1207;0.2378075298010835;1;8
3368;832.066/2012;4572;0.2378075298010835;0;8
3369;300.227/2021;156;0.23761844117304975;1;8
3370;301.229/2020;427;0.23761844117304975;0;8
3371;860.970/2009;1699;0.2374918916473514;0;8
3372;826.314/2014;1090;0.23734988799039672;0;8
3373;826.360/2015;1092;0.23734988799039672;0;8
3374;810.058/1985;3829;0.2372875921679041;0;8
3375;826.630/2016;4054;0.23704981308158074;1;8
3376;896.575/2011;2942;0.23701644492949747;1;8
3377;846.235/2014;2567;0.23699981017956068;1;8
3378;826.752/2016;4061;0.23699540455861648;0;8
3379;848.123/2017;2407;0.23680012121679286;0;8
3380;848.387/2013;3390;0.2366574649843789;1;8
3381;866.829/2016;1930;0.23663719020103782;1;8
3382;848.203/2011;1447;0.23649859431170975;1;8
3383;846.199/2017;1407;0.23648941742980423;1;8
3384;871.494/2016;3192;0.23638156493601206;1;8
3385;848.015/2015;1413;0.2363472772805881;1;8
3386;303.094/2017;454;0.2363448725553079;1;8
3387;896.582/2011;3785;0.23586916855565945;0;8
3388;896.258/2011;4192;0.23586916855565945;0;8
3389;870.645/2016;2008;0.23562947766950149;1;8
3390;871.280/2016;2037;0.23562947766950149;1;8
3391;872.457/2016;2351;0.23562947766950149;1;8
3392;884.013/2009;3756;0.2355806265991019;0;8
3393;300.632/2011;271;0.23523455402176527;1;8
3394;846.220/2011;2562;0.23493062576499563;1;8
3395;846.224/2011;2564;0.23493062576499563;1;8
3396;846.215/2011;3002;0.23493062576499563;1;8
3397;846.218/2011;3004;0.23493062576499563;1;8
3398;866.444/2015;1912;0.2348975737154258;0;8
3399;896.334/2014;2445;0.23424437310520874;1;8
3400;896.490/2014;3781;0.23424437310520874;1;8
3401;848.070/2015;1419;0.2338572998678821;1;8
3402;896.171/2009;2243;0.23374755613738246;0;8
3403;815.177/2003;4940;0.23365394248114468;1;8
3404;300.445/2013;217;0.23363170317207402;1;8
3405;300.088/2015;120;0.23357783899933943;1;8
3406;848.189/2017;1441;0.23352447513492464;0;8
3407;848.192/2017;1444;0.23352447513492464;1;8
3408;848.208/2017;1451;0.23352447513492464;1;8
3409;848.081/2017;3011;0.23352447513492464;1;8
3410;300.675/2016;3875;0.23338132285209398;1;8
3411;800.635/2013;578;0.23325411648940794;1;8
3412;890.089/2003;2174;0.2332230731409087;1;8
3413;815.819/2011;951;0.23306665077309677;0;8
3414;833.429/2013;1330;0.23306344506661061;1;8
3415;830.082/2014;4305;0.23306344506661061;0;8
3416;820.757/2007;1030;0.23303431374412262;0;8
3417;826.647/2016;1123;0.2328537632769714;1;8
3418;870.053/2017;1959;0.23285315235776433;1;8
3419;870.929/2017;3741;0.23285315235776433;1;8
3420;848.097/2016;1424;0.23277625790321632;1;8
3421;848.444/2011;3397;0.2327068264968215;1;8
3422;826.441/2017;2292;0.2327042002768628;0;8
3423;826.083/2017;4034;0.2327042002768628;0;8
3424;826.476/2017;4045;0.2327042002768628;0;8
3425;826.549/2017;4049;0.2327042002768628;1;8
3426;301.197/2010;423;0.23263038672785918;1;8
3427;815.945/2010;957;0.23263038672785918;1;8
3428;826.497/2014;1110;0.23261993552069266;0;8
3429;844.070/2015;1397;0.23261993552069266;0;8
3430;826.231/2013;4359;0.23261993552069266;0;8
3431;846.043/2016;3673;0.2325683357297129;1;8
3432;861.695/2021;4503;0.23255082827719065;1;8
3433;810.892/2011;2987;0.23216976519796567;0;8
3434;811.122/2011;4398;0.23216976519796567;1;8
3435;303.043/2017;448;0.2320230280181701;1;8
3436;300.167/2021;145;0.2318728874747959;0;8
3437;815.230/2013;910;0.2317872015812412;0;8
3438;826.419/2016;4041;0.2317790507620432;1;8
3439;880.053/2018;2116;0.2317394841411425;1;8
3440;880.054/2018;2117;0.2317394841411425;1;8
3441;866.858/2016;1932;0.2317289453158941;1;8
3442;866.308/2016;3799;0.2317289453158941;1;8
3443;826.664/2012;4339;0.23153148443422022;0;8
3444;815.741/2016;941;0.23109977095776965;1;8
3445;815.129/2016;2288;0.23109977095776965;1;8
3446;826.476/2010;1103;0.23075502484694752;0;8
3447;896.338/2012;2260;0.2306426045053489;1;8
3448;815.426/2010;919;0.23063296136002842;1;8
3449;864.199/2015;1832;0.23058300914987795;0;8
3450;815.344/2016;912;0.23042165157459607;1;8
3451;815.891/2016;956;0.23042165157459607;1;8
3452;846.143/2018;3688;0.23007871982283587;0;8
3453;800.416/2009;2343;0.22961773001812633;0;8
3454;848.123/2014;3012;0.229262875863758;1;8
3455;811.715/2015;894;0.22918845625283135;0;8
3456;811.024/2015;4506;0.22918845625283135;1;8
3457;848.255/2019;1464;0.22908823382592286;1;8
3458;826.442/2017;1100;0.22902980387983263;0;8
3459;846.144/2018;3690;0.2290223852273546;0;8
3460;848.310/2014;4094;0.2290026526184464;1;8
3461;896.664/2011;2276;0.22894794274488608;1;8
3462;884.120/2011;3764;0.2284776682995575;1;8
3463;301.054/2013;402;0.22841851717484046;0;8
3464;301.089/2011;409;0.2283731261836783;1;8
3465;864.237/2016;1846;0.2282851389604907;1;8
3466;864.289/2016;4141;0.2282851389604907;0;8
3467;800.925/2012;600;0.22822277233071694;0;8
3468;810.501/2008;3956;0.228107216163784;0;8
3469;861.477/2021;3366;0.22797453240392207;1;8
3470;300.731/2023;4496;0.22797453240392207;0;8
3471;820.066/2012;963;0.22795814637101403;1;8
3472;820.855/2012;1039;0.22795814637101403;1;8
3473;864.063/2019;3162;0.22790426438855577;0;8
3474;890.727/2010;2211;0.22782071741423285;1;8
3475;850.155/2015;3720;0.22741100983094473;1;8
3476;844.095/2013;1400;0.22713205626545943;0;8
3477;810.522/2017;824;0.22698319085351518;0;8
3478;826.289/2016;3263;0.2269725049472239;0;8
3479;831.550/2016;1230;0.22687575733929227;1;8
3480;832.312/2016;1271;0.22687575733929227;1;8
3481;300.446/2009;219;0.22679559065973395;1;8
3482;300.975/2009;387;0.22679559065973395;1;8
3483;300.687/2009;4472;0.22679559065973395;1;8
3484;800.718/2008;590;0.22666128494967686;1;8
3485;800.682/2008;4941;0.22666128494967686;0;8
3486;801.069/2008;4942;0.22666128494967686;0;8
3487;846.461/2012;2584;0.2264990715472881;0;8
3488;846.181/2012;3701;0.2264990715472881;0;8
3489;820.922/2012;1051;0.22623644268364607;1;8
3490;810.897/2016;2988;0.22607408460374867;1;8
3491;810.288/2016;3823;0.22607408460374867;1;8
3492;848.191/2017;1443;0.22588033880307906;1;8
3493;848.207/2017;1450;0.22588033880307906;1;8
3494;833.402/2014;1329;0.2258687564796783;1;8
3495;300.413/2010;208;0.22582551894594585;1;8
3496;300.435/2018;214;0.2255045362742351;1;8
3497;846.145/2018;3691;0.2255045362742351;0;8
3498;846.146/2018;3693;0.2255045362742351;0;8
3499;867.081/2019;1945;0.2254590164895944;1;8
3500;300.142/2018;3604;0.2254590164895944;1;8
3501;886.005/2018;3383;0.22509460090010805;1;8
3502;848.078/2017;2406;0.22491066509205843;1;8
3503;864.329/2016;4142;0.224789622481162;1;8
3504;848.476/2011;1486;0.2243139193400688;0;8
3505;815.170/2003;4934;0.22416564732685354;1;8
3506;815.171/2003;4935;0.22416564732685354;1;8
3507;815.173/2003;4936;0.22416564732685354;1;8
3508;810.194/2004;2961;0.22413575420575454;1;8
3509;840.107/2018;4073;0.2240375854464332;1;8
3510;300.785/2019;4202;0.2240375854464332;0;8
3511;300.778/2019;4286;0.2240375854464332;0;8
3512;861.474/2009;4391;0.2240010696827598;0;8
3513;801.080/2010;2296;0.22398338118645553;0;8
3514;800.259/2016;512;0.22390536784350187;1;8
3515;800.357/2016;523;0.22390536784350187;0;8
3516;848.268/2016;1466;0.22383200347278856;1;8
3517;800.378/2009;530;0.22351367198846844;0;8
3518;880.119/2010;4998;0.22316914038782892;0;8
3519;846.112/2012;2548;0.2230968832002503;1;8
3520;846.155/2012;3173;0.2230968832002503;0;8
3521;815.250/2011;2329;0.22276872302260878;1;8
3522;300.257/2020;168;0.22274217997107282;0;8
3523;831.729/2014;1241;0.2224948049973621;1;8
3524;833.912/2013;1346;0.2224948049973621;1;8
3525;806.038/2015;735;0.22234133858958183;1;8
3526;848.401/2013;1482;0.22228719673170078;1;8
3527;846.164/2012;2555;0.22205730174633265;0;8
3528;846.276/2012;2570;0.22205730174633265;1;8
3529;846.279/2012;2571;0.22205730174633265;0;8
3530;846.533/2012;2586;0.22205730174633265;0;8
3531;880.111/2012;2128;0.22191649959393006;1;8
3532;300.853/2011;351;0.22165681950462957;1;8
3533;848.301/2012;1474;0.2214454060159065;1;8
3534;300.993/2009;391;0.22132655046508407;1;8
3535;846.025/2015;3670;0.22131709636592675;1;8
3536;301.162/2011;421;0.22122847616211241;1;8
3537;896.196/2009;2245;0.22098342334301976;0;8
3538;815.174/2003;4937;0.22077769536361946;1;8
3539;302.609/2015;3919;0.22073771174768375;1;8
3540;848.190/2017;1442;0.22058241676238605;0;8
3541;848.456/2011;1483;0.22049334496341721;1;8
3542;870.235/2017;3110;0.220455467018221;1;8
3543;826.491/2017;1109;0.22031216798445966;1;8
3544;826.553/2017;1116;0.22031216798445966;1;8
3545;806.309/2010;770;0.22017863735791826;1;8
3546;806.683/2010;775;0.22017863735791826;1;8
3547;300.650/2010;275;0.21950996713455778;1;8
3548;815.846/2010;952;0.21950996713455778;1;8
3549;815.850/2010;953;0.21950996713455778;1;8
3550;300.115/2019;4218;0.21935944720072248;1;8
3551;300.818/2019;4296;0.21935944720072248;0;8
3552;846.314/2013;2574;0.21874763923889953;0;8
3553;846.315/2013;2575;0.21874763923889953;0;8
3554;800.212/2013;508;0.21860925649209328;1;8
3555;846.030/2012;2541;0.21826636718056197;1;8
3556;800.124/2017;3793;0.21791291751754108;1;8
3557;848.117/2017;3140;0.21786436734191975;1;8
3558;848.269/2017;1467;0.2175158757059452;1;8
3559;811.187/2010;875;0.21727954430174545;1;8
3560;820.154/2002;974;0.21716861274388663;1;8
3561;300.791/2019;4277;0.21707233167369447;0;8
3562;300.774/2019;4297;0.21707233167369447;1;8
3563;300.438/2021;3859;0.21685900466556937;1;8
3564;301.197/2022;4404;0.21685900466556937;1;8
3565;848.189/2014;1440;0.216803643413761;1;8
3566;301.398/2009;437;0.21680205434993707;1;8
3567;300.330/2009;2338;0.21680205434993707;0;8
3568;820.831/2010;2402;0.21614594392769543;0;8
3569;848.119/2017;3131;0.2160644120315191;1;8
3570;848.164/2011;1438;0.2159144566312456;0;8
3571;846.155/2015;2552;0.21542945545338227;1;8
3572;846.164/2015;2556;0.21542945545338227;0;8
3573;300.963/2011;382;0.21542541046839783;1;8
3574;878.074/2017;3752;0.21534333661577104;1;8
3575;810.916/2011;3979;0.21531911179419216;1;8
3576;810.083/2016;3826;0.21511538317013731;0;8
3577;300.790/2019;4211;0.21432797729546993;0;8
3578;300.786/2019;4249;0.21432797729546993;0;8
3579;300.769/2019;4255;0.21432797729546993;1;8
3580;300.775/2019;4265;0.21432797729546993;0;8
3581;848.268/2014;1465;0.2143274173850117;1;8
3582;820.967/2008;1055;0.21430837921970713;0;8
3583;811.075/2012;867;0.21397373219445226;0;8
3584;848.161/2012;1436;0.2134664679789092;1;8
3585;848.195/2012;1445;0.21308378322635962;0;8
3586;810.087/2008;2958;0.21297088975265158;1;8
3587;896.102/2009;2234;0.21290540064384417;1;8
3588;811.164/2016;4001;0.21281812706348754;0;8
3589;815.509/2012;927;0.21273461754418402;0;8
3590;896.793/2011;2281;0.21244676419469183;1;8
3591;810.550/2008;3234;0.21203712025243177;1;8
3592;810.815/2020;3974;0.21171955287056846;0;8
3593;820.351/2013;994;0.21169066592654734;0;8
3594;896.648/2011;2944;0.2116177374782305;1;8
3595;864.274/2015;3092;0.21145793105338656;0;8
3596;820.899/2001;1048;0.2110076217042646;1;8
3597;300.835/2009;345;0.21098526130064332;1;8
3598;880.405/2022;3384;0.2109661764929913;1;8
3599;811.687/2015;3813;0.21089433154938594;1;8
3600;866.415/2016;1910;0.21080286241325752;1;8
3601;810.669/2018;2323;0.21079395299245934;1;8
3602;810.551/2019;2969;0.21079395299245934;0;8
3603;810.724/2019;4313;0.21079395299245934;0;8
3604;810.699/2007;842;0.21079280518335133;1;8
3605;896.320/2012;3795;0.2105882777954135;0;8
3606;302.590/2015;442;0.2105020582247739;0;8
3607;810.065/2014;3806;0.2103351471363767;0;8
3608;810.405/2014;3820;0.2103351471363767;0;8
3609;878.155/2007;2436;0.2103168954484673;0;8
3610;806.093/2014;742;0.21027537169862387;1;8
3611;806.094/2014;743;0.21027537169862387;1;8
3612;848.025/2017;1415;0.21007463321382897;1;8
3613;800.551/2013;565;0.20996358094217535;1;8
3614;846.061/2014;3678;0.20994484705300787;1;8
3615;810.095/1985;3819;0.20990472863046974;0;8
3616;810.792/2009;3971;0.20952430186928678;0;8
3617;848.267/2016;4091;0.20921491992915262;1;8
3618;832.295/2014;4069;0.20888037748517327;0;8
3619;815.462/2010;2336;0.20882458865118758;0;8
3620;810.574/2017;3814;0.2088174065340075;0;8
3621;810.264/2010;3268;0.20874156590331874;0;8
3622;890.327/2015;2192;0.20869702984978428;1;8
3623;833.127/2015;1315;0.20832560991295462;0;8
3624;896.097/2013;4188;0.2082889358425131;0;8
3625;860.781/2017;1666;0.20823035953512367;0;8
3626;896.047/2011;2226;0.2079573838130716;1;8
3627;896.678/2011;3126;0.2079573838130716;1;8
3628;810.134/2008;3939;0.20794122064796902;0;8
3629;810.477/2008;3954;0.20794122064796902;0;8
3630;820.105/2015;3643;0.20761480265033355;1;8
3631;810.019/2009;3932;0.2074809393950804;1;8
3632;826.705/2001;3515;0.2074468458159804;0;8
3633;861.970/2013;1778;0.20743695781099297;1;8
3634;896.409/2008;2266;0.20718926138909569;0;8
3635;800.003/2016;476;0.2071773002496817;1;8
3636;800.432/2016;3622;0.2071773002496817;1;8
3637;801.028/2010;602;0.2071203891930507;0;8
3638;810.120/2015;3191;0.20671302308876327;1;8
3639;810.050/2015;3805;0.20671302308876327;0;8
3640;844.042/2018;1395;0.20657627694122424;0;8
3641;833.034/2015;1310;0.20652881356214894;1;8
3642;300.833/2009;344;0.20648664058020477;1;8
3643;810.367/2011;809;0.2061024851827253;1;8
3644;300.229/2021;158;0.2057913354366596;1;8
3645;831.403/2021;3262;0.2057913354366596;1;8
3646;810.535/2018;3830;0.20576047438839856;0;8
3647;848.314/2016;1475;0.20567721986020804;1;8
3648;848.294/2016;4093;0.20567721986020804;1;8
3649;848.006/2012;1410;0.2054546255968047;1;8
3650;830.666/2016;1169;0.20541918541820828;1;8
3651;890.848/2012;3771;0.2052893929910851;0;8
3652;810.738/2021;4493;0.20523718692679196;1;8
3653;800.332/2014;522;0.20516485329387105;0;8
3654;800.704/2014;587;0.20516485329387105;1;8
3655;870.131/2016;1965;0.2051312378810194;1;8
3656;896.687/2011;2277;0.20489622763191662;1;8
3657;820.438/2016;1001;0.20471573055611672;1;8
3658;300.849/2009;4471;0.2043366413527276;1;8
3659;810.301/2009;3944;0.20432298519524134;0;8
3660;810.477/2009;4381;0.20432298519524134;1;8
3661;846.552/2011;3205;0.20431923944475036;1;8
3662;866.861/2016;1933;0.20422272351761245;1;8
3663;848.274/2017;1469;0.20413498154900317;1;8
3664;806.082/2013;740;0.20376540782400787;1;8
3665;884.044/2009;2148;0.2035611445818114;1;8
3666;848.413/2011;3213;0.20334831710459228;0;8
3667;830.601/2014;1165;0.20331086390805628;1;8
3668;301.038/2016;399;0.20329332007306836;1;8
3669;848.207/2016;1449;0.20329332007306836;1;8
3670;848.223/2016;1458;0.20329332007306836;1;8
3671;811.123/2015;870;0.20323076858613348;1;8
3672;301.046/2013;401;0.20294237713250526;0;8
3673;848.124/2014;3013;0.20294237713250526;0;8
3674;831.508/2015;4240;0.20289361723630742;1;8
3675;300.390/2021;196;0.2026628868796908;1;8
3676;810.117/2018;786;0.20259233005055297;0;8
3677;810.119/2018;788;0.20259233005055297;0;8
3678;810.077/2018;3629;0.20259233005055297;0;8
3679;303.402/2018;3923;0.20259233005055297;1;8
3680;810.405/2018;4378;0.20259233005055297;0;8
3681;800.367/2016;525;0.2022912578665131;1;8
3682;300.772/2019;4290;0.20227877977275768;0;8
3683;300.033/2015;110;0.20217791719331954;1;8
3684;890.169/2017;4902;0.202075942633427;0;8
3685;846.016/2007;2540;0.20200603630193104;0;8
3686;810.448/2012;3951;0.201843697325083;0;8
3687;831.997/2007;5000;0.20169579009294492;1;8
3688;848.469/2011;1485;0.20163737261995854;1;8
3689;800.050/2017;484;0.2015163016424998;1;8
3690;800.334/2017;3925;0.2015163016424998;1;8
3691;300.839/2020;3889;0.20148108160084166;0;8
3692;300.434/2022;4439;0.20148108160084166;1;8
3693;860.313/2016;3034;0.201401799630056;1;8
3694;840.121/2019;2527;0.20116934536948414;1;8
3695;300.776/2019;4272;0.20116934536948414;1;8
3696;300.764/2019;4276;0.20116934536948414;1;8
3697;860.039/2004;1550;0.20089136048005693;0;8
3698;815.758/2010;946;0.20080729932391397;1;8
3699;820.830/2010;2401;0.20074563756155717;0;8
3700;300.092/2009;121;0.2003829832272572;1;8
3701;301.029/2021;3907;0.20037773771870654;0;8
3702;864.400/2014;1868;0.20027772882544648;1;8
3703;800.599/2009;2342;0.20027285112316173;0;8
3704;300.773/2019;4258;0.20014689025602753;1;8
3705;861.266/2013;1734;0.1998172752283731;1;8
3706;861.416/2014;1751;0.1998172752283731;1;8
3707;810.406/2003;4437;0.19960033897323962;1;8
3708;878.028/2001;4163;0.19957310082822977;1;8
3709;848.223/2013;1457;0.1994552087837834;1;8
3710;848.100/2015;4089;0.1994552087837834;1;8
3711;815.503/2013;925;0.19928115810194583;1;8
3712;815.773/2015;949;0.19928115810194583;0;8
3713;303.118/2018;458;0.19924360839225186;0;8
3714;300.339/2019;4303;0.19924360839225186;1;8
3715;300.672/2022;3874;0.19922123610667133;1;8
3716;848.353/2011;1478;0.19916425759501885;1;8
3717;810.856/1995;3822;0.19902922474298487;0;8
3718;302.456/2015;440;0.19898927809366804;0;8
3719;800.239/2016;509;0.19878927665150994;1;8
3720;800.606/2016;3625;0.19878927665150994;1;8
3721;848.156/2015;1434;0.1987194403291356;0;8
3722;815.694/2011;2334;0.19871756159157639;0;8
3723;300.782/2019;4304;0.19868167107056112;1;8
3724;810.182/2015;791;0.19866368558338554;1;8
3725;810.509/2004;3807;0.19852490435548076;1;8
3726;810.066/2004;4449;0.19852490435548076;0;8
3727;833.036/2015;1311;0.1981834756206636;1;8
3728;806.135/2015;748;0.19818337655658327;0;8
3729;848.221/2015;3146;0.19711901026126386;1;8
3730;815.141/2009;3315;0.19706137173955185;0;8
3731;300.548/2012;250;0.1968618809256596;0;8
3732;846.267/2012;2569;0.19637530537988981;1;8
3733;896.541/2012;2271;0.19621661265142484;1;8
3734;896.653/2013;3790;0.19615463277095774;0;8
3735;300.535/2009;244;0.19604541601520573;1;8
3736;820.910/2010;1050;0.19589515578856298;1;8
3737;300.684/2009;286;0.19575866756222612;1;8
3738;826.723/2011;4658;0.19531171895105437;0;8
3739;300.225/2018;155;0.19512709089981412;1;8
3740;815.232/2013;911;0.1951157563335219;0;8
3741;800.109/2009;492;0.19510438319992518;1;8
3742;800.245/2015;511;0.19504576032070997;1;8
3743;848.230/2015;1459;0.19444238521123283;1;8
3744;811.575/2015;888;0.19435428911749514;0;8
3745;810.473/2017;3810;0.1942136017065298;0;8
3746;800.436/2014;538;0.19389224659439083;0;8
3747;302.608/2015;443;0.1938573833020241;0;8
3748;302.645/2015;444;0.1938573833020241;1;8
3749;896.178/2014;2321;0.1938573833020241;1;8
3750;810.557/2003;3816;0.19385693241269264;1;8
3751;890.371/2012;2195;0.19363395427533467;1;8
3752;815.751/2007;945;0.1935681658681356;1;8
3753;848.212/2017;1452;0.19348639923072866;1;8
3754;872.146/2017;4523;0.19344909969338903;0;8
3755;860.808/2010;1672;0.1932421189474073;0;8
3756;861.796/2010;1770;0.1932421189474073;1;8
3757;848.541/2008;1488;0.1932351486862172;1;8
3758;811.430/2014;883;0.19316878482413116;1;8
3759;810.790/2014;3179;0.19316878482413116;1;8
3760;866.612/2017;4146;0.19315937605586903;1;8
3761;850.498/2015;3722;0.1931035316099752;0;8
3762;848.194/2015;3015;0.19271144723988087;0;8
3763;846.231/2012;2565;0.19270081512529103;1;8
3764;846.325/2012;2577;0.19270081512529103;1;8
3765;848.085/2016;1423;0.19267801323783743;0;8
3766;848.286/2016;1472;0.19267801323783743;0;8
3767;300.567/2021;2353;0.19264429051910723;0;8
3768;848.818/2011;1493;0.192331833954796;1;8
3769;811.043/2016;863;0.19228155825826063;0;8
3770;820.640/1993;4925;0.19205930820861258;1;8
3771;890.293/2012;2188;0.19202380783100853;1;8
3772;300.553/2016;252;0.1919635826342472;1;8
3773;896.167/2016;2240;0.1919635826342472;1;8
3774;896.654/2013;2314;0.19180752071448443;1;8
3775;896.236/2013;3778;0.19180752071448443;1;8
3776;811.196/2016;876;0.19159561055090177;0;8
3777;864.027/2015;2454;0.19140734269699042;1;8
3778;864.285/2015;3093;0.19140734269699042;1;8
3779;806.003/2008;2308;0.19104368537708225;0;8
3780;810.291/2018;4343;0.19104246695342145;1;8
3781;826.408/2013;4834;0.1909504656431138;1;8
3782;815.678/2016;2332;0.19066368624836624;0;8
3783;820.010/2010;960;0.19009418097244074;0;8
3784;810.450/2021;4200;0.18981110281325214;0;8
3785;301.156/2021;420;0.18980915370676224;1;8
3786;821.307/2014;1069;0.18977356040112564;0;8
3787;846.102/2015;2474;0.18952707933405885;1;8
3788;300.802/2021;332;0.1895106859017623;1;8
3789;864.031/2016;4134;0.18940377280454482;1;8
3790;848.151/2014;1433;0.1893830693592317;1;8
3791;810.843/2012;3237;0.1893602566120466;0;8
3792;810.032/2014;3934;0.18925462637322144;1;8
3793;300.188/2021;3840;0.1891593136670391;1;8
3794;810.922/2022;4501;0.1891593136670391;1;8
3795;878.101/2015;2097;0.18913608061761977;1;8
3796;878.095/2015;4164;0.18913608061761977;1;8
3797;896.041/2016;3773;0.18905430784627206;1;8
3798;800.386/2015;531;0.18905110350749965;1;8
3799;896.547/2014;2272;0.1888559693324664;0;8
3800;896.003/2013;2442;0.1888559693324664;1;8
3801;896.568/2013;2941;0.1888559693324664;0;8
3802;896.356/2014;4193;0.1888559693324664;1;8
3803;846.044/2016;3674;0.18880364241936437;1;8
3804;826.485/2014;1105;0.18878022768963829;0;8
3805;884.165/2015;3766;0.18878022768963829;1;8
3806;300.345/2017;188;0.1885836166869775;0;8
3807;303.115/2017;457;0.1885836166869775;0;8
3808;830.076/2017;4524;0.1885836166869775;1;8
3809;800.608/2016;571;0.18832906124720866;1;8
3810;800.424/2013;536;0.18818750331449444;1;8
3811;800.549/2013;563;0.18818750331449444;1;8
3812;896.788/2009;2280;0.18816046727873154;1;8
3813;815.754/2001;2316;0.18804937015118586;0;8
3814;810.533/2013;826;0.18804143191489975;1;8
3815;811.382/2013;4006;0.18804143191489975;0;8
3816;811.297/2013;4402;0.18804143191489975;0;8
3817;848.327/2013;4095;0.18769447274261078;1;8
3818;896.599/2011;2273;0.1876909993437667;0;8
3819;844.036/2019;2348;0.18756432822302377;1;8
3820;810.224/2015;794;0.18750732310518767;1;8
3821;848.065/2009;2497;0.18743349861534345;1;8
3822;826.544/2016;1115;0.18716912900759936;0;8
3823;300.110/2020;129;0.1871039913521288;1;8
3824;871.268/2020;2036;0.1871039913521288;0;8
3825;890.602/2014;2207;0.18707338716001418;1;8
3826;890.668/2013;2440;0.18707338716001418;1;8
3827;878.078/2017;3753;0.18685965634189938;0;8
3828;812.594/1968;897;0.18679132540419113;0;8
3829;800.762/2012;592;0.18672583873469706;1;8
3830;800.447/2016;2383;0.1867148688002338;1;8
3831;896.216/2012;2247;0.18669373324237742;1;8
3832;896.260/2015;2254;0.18655053753727813;1;8
3833;300.355/2010;190;0.18647041939678388;1;8
3834;896.253/2016;2253;0.18615730110105247;1;8
3835;300.859/2016;3892;0.18615730110105247;0;8
3836;884.095/2016;3122;0.18608239348188116;1;8
3837;846.162/2012;2554;0.18606858965942308;0;8
3838;846.168/2012;2557;0.18606858965942308;0;8
3839;846.170/2012;2558;0.18606858965942308;1;8
3840;846.288/2012;2572;0.18606858965942308;1;8
3841;846.328/2012;2579;0.18606858965942308;1;8
3842;846.330/2012;2581;0.18606858965942308;1;8
3843;800.418/2015;535;0.1859287390787152;0;8
3844;800.670/2015;581;0.1859287390787152;1;8
3845;800.279/2014;2294;0.1859287390787152;0;8
3846;800.395/2015;3926;0.1859287390787152;1;8
3847;848.046/2018;1416;0.18530633248461056;0;8
3848;878.084/2016;2096;0.18528076426717302;1;8
3849;878.071/2016;3751;0.18528076426717302;0;8
3850;811.700/2012;3271;0.18512384208248378;0;8
3851;820.441/2012;1004;0.18502832550007012;1;8
3852;896.284/2012;2257;0.18494592772213667;1;8
3853;810.477/1990;817;0.18455856147012104;1;8
3854;896.285/2016;2258;0.1845500692897236;1;8
3855;300.610/2018;3869;0.18434266193024784;0;8
3856;884.085/2011;3763;0.18432474740986743;0;8
3857;815.219/2013;907;0.18424474928864493;1;8
3858;840.192/2009;2530;0.1842194884799324;1;8
3859;820.848/2016;1036;0.1841850245710571;1;8
3860;820.627/2010;2295;0.1840829875764652;0;8
3861;800.242/2017;510;0.18404033730279085;0;8
3862;800.462/2013;2344;0.18393140083991913;0;8
3863;862.871/2008;1792;0.1838962460160136;0;8
3864;815.434/2017;4014;0.1838800430058755;0;8
3865;800.335/2016;2382;0.18378501324588564;1;8
3866;810.789/2018;845;0.18368725242736395;1;8
3867;810.127/2018;3249;0.18368725242736395;1;8
3868;810.308/2010;803;0.18356938603259487;0;8
3869;810.676/2010;839;0.18356938603259487;0;8
3870;800.699/2016;586;0.1832624492508871;1;8
3871;800.088/2016;3621;0.1832624492508871;1;8
3872;860.408/2018;4323;0.18318278466886584;0;8
3873;811.250/1996;3802;0.1831180585444004;0;8
3874;815.165/2003;4930;0.183089137962302;1;8
3875;848.447/2011;2592;0.1830079921590545;1;8
3876;848.207/2011;3277;0.1830079921590545;1;8
3877;886.136/2019;4395;0.18296363426376472;1;8
3878;880.112/2010;2898;0.1826419027121289;1;8
3879;810.978/2018;4337;0.18260086494643918;1;8
3880;810.076/2018;4405;0.18260086494643918;0;8
3881;815.620/2010;934;0.1822371040230459;1;8
3882;890.457/2012;3770;0.18211531931645367;1;8
3883;820.670/2011;1022;0.18208289460521548;0;8
3884;810.725/2019;4314;0.1817522176713704;0;8
3885;800.281/2017;4360;0.1816354465974622;1;8
3886;300.675/2022;3876;0.18149784360915813;0;8
3887;846.094/2012;2546;0.1814855209747582;0;8
3888;846.323/2012;2576;0.1814855209747582;1;8
3889;846.326/2012;2578;0.1814855209747582;1;8
3890;846.291/2012;3189;0.1814855209747582;0;8
3891;800.146/2011;495;0.18145136366185322;1;8
3892;815.537/2007;2331;0.18108745083819613;0;8
3893;815.857/2016;955;0.1805866183960524;1;8
3894;870.934/2018;4152;0.18055359129249268;1;8
3895;300.410/2023;4401;0.1805527720998619;0;8
3896;800.055/2017;486;0.1805046628060127;1;8
3897;800.545/2017;561;0.1805046628060127;1;8
3898;815.011/2017;899;0.18035772949121257;0;8
3899;806.114/2014;744;0.18035621592304352;1;8
3900;862.185/2007;1782;0.17999780195381798;1;8
3901;811.409/2016;7;0.17994555572700102;1;8
3902;872.272/2016;4160;0.17991909645639884;0;8
3903;815.661/2011;936;0.17989341970214703;1;8
3904;810.451/2011;816;0.17960531215538947;1;8
3905;815.115/2016;904;0.17959198088835013;1;8
3906;846.221/2014;2563;0.17909313138771749;1;8
3907;848.459/2008;1484;0.17902857672841108;1;8
3908;800.314/2017;519;0.17896699188925663;0;8
3909;800.477/2017;552;0.17896699188925663;0;8
3910;815.177/2011;905;0.17895779299906486;1;8
3911;300.677/2021;282;0.17885496744945772;1;8
3912;300.670/2022;3873;0.17885496744945772;0;8
3913;810.814/2020;3973;0.17885496744945772;0;8
3914;810.540/2021;3959;0.1788246312625582;1;8
3915;891.045/2013;2219;0.17877171602881062;1;8
3916;800.454/2015;543;0.17873189687958166;1;8
3917;896.215/2015;2246;0.1784278566914;0;8
3918;300.608/2010;2337;0.178257967794219;0;8
3919;800.551/2009;2948;0.17812334983618983;0;8
3920;800.514/2016;3928;0.17804061395846474;0;8
3921;890.255/2018;2182;0.17797757361048072;1;8
3922;860.376/2009;4112;0.17796223657294383;1;8
3923;820.423/1996;3644;0.17761733594434168;1;8
3924;811.653/2015;890;0.17757233631402966;0;8
3925;811.654/2015;891;0.17757233631402966;1;8
3926;811.722/2015;895;0.17757233631402966;1;8
3927;810.389/2015;3947;0.17757233631402966;0;8
3928;860.559/2020;1638;0.17754970308868334;1;8
3929;300.962/2021;3902;0.17754970308868334;0;8
3930;810.046/2014;4407;0.17707388086551645;1;8
3931;810.107/2013;4512;0.17705034974518583;1;8
3932;820.832/2010;2403;0.17700535998392353;0;8
3933;878.042/2018;2360;0.1769925524354646;0;8
3934;846.144/2017;3689;0.1769725674189559;1;8
3935;800.364/2017;524;0.1767587508964269;1;8
3936;800.370/2017;526;0.1767587508964269;1;8
3937;800.309/2014;517;0.17667578698002437;0;8
3938;800.375/2014;529;0.17667578698002437;0;8
3939;800.396/2015;3927;0.17667578698002437;1;8
3940;848.268/2015;4092;0.17644104896027007;1;8
3941;810.040/2019;3828;0.17619925390272984;0;8
3942;303.138/2018;3831;0.17619925390272984;1;8
3943;848.197/2017;1446;0.1759949582708042;1;8
3944;848.270/2017;1468;0.1759949582708042;0;8
3945;896.238/2016;2251;0.1758458973924149;1;8
3946;806.122/2015;746;0.1758418029658351;1;8
3947;810.121/1994;4;0.17552079767261117;1;8
3948;860.152/2018;1568;0.1754707861731649;1;8
3949;300.251/2019;4253;0.1753589515836916;0;8
3950;826.002/2018;4451;0.1752554291026918;0;8
3951;800.762/2015;593;0.17512024264218795;0;8
3952;820.205/2011;980;0.17494992260725725;1;8
3953;300.316/2019;181;0.17482768832339943;0;8
3954;830.690/2016;1172;0.17448238985265704;1;8
3955;832.392/2016;1276;0.17448238985265704;1;8
3956;800.547/2017;562;0.17400847192639213;1;8
3957;870.754/2017;3738;0.17330046913337013;1;8
3958;810.672/2012;3968;0.1732395422238295;1;8
3959;840.012/2016;4358;0.1732113235912407;1;8
3960;800.184/2013;505;0.1731760710998867;1;8
3961;815.229/2009;909;0.17307446910072896;0;8
3962;826.020/2016;4563;0.17300501359887474;1;8
3963;871.307/2015;2039;0.17293074350933796;1;8
3964;811.453/2016;3248;0.1723752915450626;1;8
3965;811.511/2013;887;0.17228251839321093;0;8
3966;820.252/2018;985;0.17225190673154894;0;8
3967;896.624/2009;3788;0.1722355020231574;1;8
3968;840.153/2017;4077;0.17200160649841767;1;8
3969;884.166/2014;3767;0.17177242118397265;1;8
3970;820.672/2005;4923;0.17167093227523075;0;8
3971;890.231/2018;2940;0.17165251070948423;1;8
3972;826.417/2019;1097;0.17161828765091267;0;8
3973;820.851/2015;1037;0.17147174102936305;1;8
3974;840.281/2016;1383;0.1712639225974324;1;8
3975;815.675/2003;4715;0.17118299989954247;0;8
3976;810.726/2019;4486;0.17079334125451495;0;8
3977;848.020/2013;1414;0.17072946059854668;1;8
3978;871.324/2016;3743;0.17041183109470193;1;8
3979;810.197/2010;793;0.170144440903808;0;8
3980;860.777/2020;1665;0.17002549261666025;1;8
3981;861.186/2022;3348;0.17002549261666025;1;8
3982;300.732/2023;4495;0.17002549261666025;0;8
3983;840.154/2017;1379;0.17000823788112554;1;8
3984;826.008/2016;1073;0.16983358614137456;1;8
3985;884.024/2016;3759;0.16983358614137456;1;8
3986;896.603/2013;3786;0.16958615965535792;0;8
3987;896.617/2013;3787;0.16958615965535792;0;8
3988;896.098/2013;4189;0.16958615965535792;1;8
3989;832.844/2016;1302;0.16957655257586093;0;8
3990;810.449/2012;3952;0.16950323823309124;0;8
3991;844.053/2014;4364;0.16945794976612963;0;8
3992;815.350/2008;913;0.1693409960743623;0;8
3993;800.595/2012;568;0.1692427530858517;1;8
3994;846.110/2013;3685;0.16919006602988085;0;8
3995;860.804/2016;3049;0.16911546520538578;1;8
3996;815.502/2015;924;0.16903783234368164;1;8
3997;300.977/2016;388;0.1689297447095551;1;8
3998;831.148/2016;1206;0.1689297447095551;1;8
3999;810.941/2011;857;0.16889897881318078;1;8
4000;826.177/2018;1076;0.16878914303373416;0;8
4001;860.497/2021;4540;0.16839104613581315;1;8
4002;896.140/2018;4415;0.16824274325153935;0;8
4003;800.479/2014;553;0.16806601933307094;0;8
4004;800.480/2014;554;0.16806601933307094;0;8
4005;820.874/2013;1045;0.16798040581460283;1;8
4006;896.166/2014;2239;0.16796543694469118;1;8
4007;884.001/2016;2908;0.1670279303070583;1;8
4008;826.479/2016;4046;0.1670279303070583;0;8
4009;840.010/2018;1371;0.1669703582323529;0;8
4010;848.041/2015;2478;0.16665707669992974;1;8
4011;848.140/2015;4529;0.16665707669992974;1;8
4012;826.562/2016;4051;0.16663740792694942;0;8
4013;826.084/2020;4369;0.16657211160530708;0;8
4014;848.319/2016;1476;0.16654910889104318;0;8
4015;872.105/2014;4351;0.1664845048165829;1;8
4016;861.648/2021;4536;0.166166774191646;1;8
4017;871.083/2015;4153;0.16614331479949282;1;8
4018;896.168/2016;2241;0.16550437641185156;0;8
4019;840.318/2018;4081;0.16457491330209648;0;8
4020;815.220/2018;908;0.16457365629793874;0;8
4021;800.476/2009;551;0.1642435252021106;1;8
4022;880.111/2019;3754;0.16406294078496778;0;8
4023;896.848/2008;4993;0.16405997826765079;0;8
4024;806.243/2007;764;0.16386522770958684;1;8
4025;806.244/2007;765;0.16386522770958684;1;8
4026;890.832/2012;2215;0.16346307518215683;1;8
4027;810.148/1998;3940;0.16341597311792086;0;8
4028;872.441/2013;4161;0.1633455277996161;1;8
4029;890.698/2014;2208;0.16324139213745265;0;8
4030;820.165/1998;4651;0.16317501154242758;0;8
4031;896.109/2008;3124;0.16256122072083107;1;8
4032;864.290/2014;2425;0.1622561604790086;1;8
4033;815.565/2008;930;0.16220184776790975;0;8
4034;810.888/2014;4442;0.16207225705698067;0;8
4035;810.932/2011;856;0.16196991073422276;1;8
4036;815.637/2002;2397;0.1618300161707884;1;8
4037;890.096/2018;2369;0.16149365938338606;1;8
4038;300.544/2011;248;0.16125589403092705;1;8
4039;810.558/2015;3960;0.16088617613252781;0;8
4040;800.620/2013;575;0.16083540729647003;1;8
4041;860.410/2014;1617;0.1605970105761144;1;8
4042;861.214/2013;4335;0.1605970105761144;1;8
4043;830.924/1990;1188;0.16059005825450115;1;8
4044;300.209/2021;3843;0.16039638982222126;1;8
4045;848.218/2017;1455;0.16035535863619715;1;8
4046;800.444/2015;539;0.1594423444505445;1;8
4047;800.447/2015;541;0.1594423444505445;1;8
4048;800.455/2015;544;0.1594423444505445;1;8
4049;800.669/2015;580;0.1594423444505445;1;8
4050;810.566/2019;2978;0.1594168395240178;0;8
4051;815.368/2017;914;0.15922631778036264;1;8
4052;815.775/2017;950;0.15922631778036264;1;8
4053;826.466/2017;1101;0.15895830140283557;0;8
4054;300.762/2013;312;0.15889593520654383;0;8
4055;815.726/2010;940;0.15886245496196952;1;8
4056;800.178/2016;503;0.1588112410274773;0;8
4057;300.187/2016;3839;0.1585090814998472;0;8
4058;811.083/2016;3999;0.1585090814998472;1;8
4059;300.539/2017;246;0.1581013149217251;1;8
4060;815.078/1999;2340;0.1578235004479764;0;8
4061;300.438/2022;3860;0.15771701796590662;0;8
4062;826.379/2016;1094;0.15748060617780762;0;8
4063;884.063/2016;3760;0.15748060617780762;1;8
4064;811.065/2016;4498;0.15745051026528012;1;8
4065;860.019/2019;1547;0.15680986328186258;1;8
4066;300.753/2022;3881;0.15680739902774748;1;8
4067;800.056/2017;487;0.15667673786885203;0;8
4068;896.631/2011;3789;0.1563147545531142;1;8
4069;896.169/2016;2242;0.15623481267473135;1;8
4070;811.162/2016;872;0.15593864108545943;0;8
4071;300.314/2016;3850;0.15589887777467193;0;8
4072;810.795/2016;3972;0.15589887777467193;1;8
4073;800.493/2011;557;0.1558748623454974;0;8
4074;803.164/2018;648;0.15586734783422068;1;8
4075;800.285/2019;516;0.15521590770271254;1;8
4076;800.588/2017;3624;0.1550715771397329;1;8
4077;890.384/2014;2197;0.15502759018202025;1;8
4078;800.038/2015;483;0.1550097448772597;0;8
4079;896.187/2015;4191;0.1549760929602356;1;8
4080;896.046/2014;2225;0.15493669677995403;0;8
4081;815.047/2018;2313;0.15474497612550595;0;8
4082;810.537/2018;3827;0.15470619649912973;0;8
4083;826.515/2017;1111;0.15452342654390408;0;8
4084;844.064/2017;2347;0.15452342654390408;1;8
4085;826.485/2017;4513;0.15452342654390408;0;8
4086;800.511/2016;559;0.15439296386819;1;8
4087;846.083/2009;2544;0.154303861024822;1;8
4088;872.048/2017;2058;0.15417853586766656;0;8
4089;890.011/2022;2169;0.1540471220677527;1;8
4090;810.100/1993;784;0.15389254778321226;0;8
4091;301.230/2020;428;0.15342120176942706;0;8
4092;826.481/2016;1104;0.1529642231494903;1;8
4093;861.332/2014;1743;0.1527351153451994;0;8
4094;300.941/2016;375;0.15267043236333017;1;8
4095;866.111/2018;2664;0.152650722877085;0;8
4096;871.338/2015;2041;0.15250325300119885;1;8
4097;810.806/2021;847;0.15215990525978138;0;8
4098;810.802/2021;3636;0.15215990525978138;0;8
4099;810.631/2014;2984;0.15208140684527408;0;8
4100;827.012/2014;4065;0.15205145739954334;1;8
4101;800.444/2017;540;0.1518901453241009;1;8
4102;810.740/2018;3634;0.15173878668906368;1;8
4103;880.153/2014;2132;0.15171240086121904;0;8
4104;300.091/2020;3598;0.151390719397927;0;8
4105;810.101/1993;785;0.151191961768743;0;8
4106;810.216/1994;2299;0.151191961768743;0;8
4107;896.018/2018;2223;0.15106288852582775;0;8
4108;846.196/2009;2560;0.15100149100593982;0;8
4109;840.014/2019;3353;0.1509383405429529;0;8
4110;300.608/2019;268;0.15052187877797268;0;8
4111;800.034/2012;482;0.15034537181169902;1;8
4112;800.452/2015;542;0.15018803385530705;1;8
4113;848.128/2016;1430;0.1499470620417055;1;8
4114;806.249/2011;766;0.14968028712522766;1;8
4115;860.698/2010;4545;0.149195796709708;0;8
4116;300.803/2017;333;0.1491514898126531;1;8
4117;803.057/2018;629;0.1488852889332534;0;8
4118;810.674/2016;3808;0.14845499360146486;0;8
4119;810.675/2016;3809;0.14845499360146486;0;8
4120;826.226/2018;4380;0.14843219910748692;1;8
4121;815.234/2002;4612;0.14830619852572463;0;8
4122;846.154/2009;3267;0.14819253387847828;1;8
4123;810.629/2018;2983;0.14817153272779643;0;8
4124;300.612/2018;3870;0.14806656852823166;0;8
4125;810.968/2013;4448;0.14794606575320463;1;8
4126;896.018/2011;2222;0.1478619925903022;0;8
4127;826.203/2011;1082;0.14762268535125303;1;8
4128;800.761/2012;591;0.1472077634129415;0;8
4129;300.851/2018;350;0.1471674781775201;1;8
4130;300.187/2019;4294;0.1471674781775201;1;8
4131;832.082/2016;1258;0.14697157435975564;1;8
4132;300.599/2018;266;0.1469117953953099;1;8
4133;300.113/2019;2465;0.1469117953953099;1;8
4134;806.234/2012;763;0.14669001777017568;1;8
4135;810.487/2017;819;0.14579685515877996;0;8
4136;884.147/2014;3765;0.14576680373271858;0;8
4137;300.898/2014;3896;0.14576680373271858;0;8
4138;810.413/2017;812;0.1457592313494074;0;8
4139;810.502/2017;821;0.1457592313494074;1;8
4140;810.679/2017;840;0.1457592313494074;1;8
4141;878.001/2015;2093;0.14557921543125393;1;8
4142;800.716/2014;589;0.14453177877478326;1;8
4143;800.551/2014;2359;0.14453177877478326;1;8
4144;800.052/2017;485;0.14421588958456413;0;8
4145;800.605/2017;570;0.14421588958456413;1;8
4146;810.395/2018;811;0.14407597714409762;1;8
4147;810.578/2018;830;0.14407597714409762;0;8
4148;300.285/2018;3847;0.14407597714409762;0;8
4149;810.696/2018;4379;0.14407597714409762;1;8
4150;840.036/2017;3662;0.1436519072500212;0;8
4151;840.039/2017;3663;0.1436519072500212;0;8
4152;848.103/2013;2455;0.1434196512031592;1;8
4153;896.191/2013;2444;0.14338862249270581;1;8
4154;810.596/2014;833;0.143340453264385;0;8
4155;810.414/2017;3949;0.14324875428172515;1;8
4156;890.259/2018;2183;0.14302232709516685;0;8
4157;840.300/2016;1384;0.14301480920775467;1;8
4158;846.117/2016;2549;0.14283383214377357;1;8
4159;800.373/2016;527;0.1424184205693156;0;8
4160;800.374/2016;528;0.1424184205693156;0;8
4161;300.429/2020;212;0.14219991264687346;1;8
4162;840.324/2014;4082;0.14219420120303614;1;8
4163;810.282/2019;2486;0.14207067487323963;0;8
4164;810.697/2018;4483;0.14207067487323963;0;8
4165;810.165/2018;4548;0.14207067487323963;1;8
4166;300.612/2017;4291;0.14206809678468518;1;8
4167;810.262/2018;4383;0.14203385274294605;1;8
4168;848.661/2010;1492;0.14138503914700926;1;8
4169;810.695/2018;4382;0.14134422304311087;1;8
4170;806.141/2014;749;0.14102310148249486;0;8
4171;846.070/2016;3680;0.14048541551194837;1;8
4172;896.044/2014;2224;0.14039362914237566;1;8
4173;890.003/2013;4170;0.14038396227466327;0;8
4174;864.222/2014;1836;0.1403262902553277;0;8
4175;806.073/2014;4293;0.1403262902553277;1;8
4176;810.132/2018;790;0.13957705561783518;1;8
4177;800.650/2016;579;0.1394670199192293;1;8
4178;821.332/2013;1070;0.13918375687889104;0;8
4179;846.450/2007;3713;0.13910617675378972;0;8
4180;810.443/2012;815;0.13902339814283124;1;8
4181;815.023/2008;900;0.1387488540836785;1;8
4182;815.024/2008;901;0.1387488540836785;0;8
4183;803.157/2018;647;0.13863975909372417;1;8
4184;300.409/2021;3857;0.13847297568577455;1;8
4185;890.027/2016;2170;0.13809725349707672;1;8
4186;880.091/2013;2125;0.13803902269490625;0;8
4187;880.220/2013;2134;0.13803902269490625;0;8
4188;830.101/2017;1134;0.1373181019546222;1;8
4189;878.008/2021;4422;0.13727094486447353;1;8
4190;806.080/2018;739;0.1367986514716285;0;8
4191;864.128/2015;1820;0.1367711500984133;1;8
4192;300.436/2018;215;0.13673279250746814;0;8
4193;815.815/2009;2453;0.136629362051232;0;8
4194;810.816/2020;3975;0.13658729954067095;0;8
4195;810.817/2020;3976;0.13658729954067095;0;8
4196;848.651/2010;2479;0.13644815181003211;1;8
4197;803.080/2020;635;0.1363152595902692;0;8
4198;862.517/2011;1786;0.13608763662615656;0;8
4199;840.377/2016;2533;0.13521378934463074;1;8
4200;810.581/2016;831;0.13517704528648067;1;8
4201;896.136/2013;2236;0.13461296037590204;1;8
4202;806.206/2012;752;0.1344420169189476;1;8
4203;840.010/2017;3661;0.1339119439795206;1;8
4204;890.335/2015;4174;0.1336549519016543;0;8
4205;806.092/2017;741;0.13364512028247869;1;8
4206;303.114/2017;456;0.13276986636196708;0;8
4207;810.873/2013;3235;0.13273720218725568;0;8
4208;300.349/2021;3854;0.13247188576514235;1;8
4209;810.716/2021;4484;0.13247188576514235;1;8
4210;300.192/2023;4499;0.132437167423589;0;8
4211;880.222/2013;3378;0.13237711078842987;0;8
4212;860.733/2011;4228;0.13194892441520864;1;8
4213;861.514/2011;1760;0.13184017464347106;1;8
4214;803.187/2014;654;0.13167235484625361;1;8
4215;880.057/2016;2896;0.13166677163040344;1;8
4216;810.312/2011;3243;0.13149265220921297;0;8
4217;846.103/2016;3684;0.1314008561343841;1;8
4218;846.132/2017;4085;0.13119244936941962;1;8
4219;806.034/2016;733;0.13110689869738276;0;8
4220;300.778/2017;322;0.13059210294362578;1;8
4221;890.301/2014;4326;0.13047950095040795;0;8
4222;803.034/2013;622;0.1303774097674136;1;8
4223;803.035/2013;623;0.1303774097674136;1;8
4224;803.306/2013;676;0.1303774097674136;0;8
4225;803.308/2013;678;0.1303774097674136;0;8
4226;821.521/2013;1072;0.1302373374960561;0;8
4227;300.653/2021;3871;0.13009552790291415;0;8
4228;303.340/2018;4278;0.13008356914036928;0;8
4229;860.096/2018;4478;0.13001724276280402;1;8
4230;864.167/2014;1827;0.12986176871965469;1;8
4231;803.186/2014;653;0.1298598914758093;1;8
4232;890.479/2006;4177;0.12952776018179268;1;8
4233;860.282/2018;1595;0.12932285303631938;1;8
4234;840.308/2016;1385;0.12895408074492187;0;8
4235;840.340/2016;1387;0.12895408074492187;0;8
4236;840.311/2016;4373;0.12895408074492187;1;8
4237;890.896/2014;2441;0.1287585073934008;1;8
4238;848.602/2011;4522;0.1278019174548913;0;8
4239;806.220/2007;757;0.12696973687850158;0;8
4240;300.830/2017;342;0.1268888626038234;0;8
4241;871.914/2016;4157;0.12677008879319404;1;8
4242;806.283/2007;768;0.12665814734534384;1;8
4243;806.076/2007;2954;0.12665814734534384;0;8
4244;811.674/2014;893;0.1266242574942335;0;8
4245;806.043/2017;738;0.1261120502928659;1;8
4246;800.512/2016;560;0.1260839858732259;1;8
4247;820.035/2015;962;0.12600479897109773;0;8
4248;890.422/2015;2202;0.1259973238355908;0;8
4249;848.184/2015;1439;0.12580548516235604;1;8
4250;890.324/2014;2191;0.12576509577137907;1;8
4251;810.499/2013;820;0.12520134227658822;0;8
4252;806.413/2012;2955;0.12514335736734739;1;8
4253;810.561/2010;3961;0.12493744161441177;0;8
4254;800.108/2017;491;0.12493614052173514;1;8
4255;800.464/2017;3623;0.12493614052173514;0;8
4256;810.260/2018;797;0.12442073756434716;0;8
4257;820.656/2016;1021;0.12406687674537836;0;8
4258;890.209/2016;2180;0.12385337951525578;1;8
4259;890.216/2016;4171;0.12356964985472714;1;8
4260;803.039/2013;626;0.12328611022670027;1;8
4261;803.103/2014;639;0.12301489158134593;0;8
4262;848.327/2015;1477;0.12297324107952014;0;8
4263;880.549/2008;3427;0.12292573814162118;0;8
4264;860.982/2015;3734;0.12200582335775488;0;8
4265;860.285/2015;4107;0.12200582335775488;1;8
4266;861.416/2013;4125;0.12200582335775488;1;8
4267;861.568/2013;4127;0.12200582335775488;1;8
4268;864.088/2016;4136;0.12157924202879464;0;8
4269;810.024/2009;3801;0.12131347977689186;0;8
4270;810.026/2009;3804;0.12131347977689186;0;8
4271;810.032/2009;4412;0.12131347977689186;0;8
4272;810.038/2009;4418;0.12131347977689186;0;8
4273;810.036/2009;4419;0.12131347977689186;0;8
4274;815.009/2012;898;0.12086212709580285;1;8
4275;810.818/2015;851;0.12074571797752935;0;8
4276;860.325/2015;1604;0.12055965056747713;1;8
4277;860.986/2014;1701;0.12055965056747713;1;8
4278;896.235/2016;2250;0.12049700488714252;0;8
4279;800.221/2005;4954;0.12018579554619391;0;8
4280;803.156/2013;646;0.12017566203390372;0;8
4281;810.655/2013;837;0.1198695854697607;0;8
4282;300.921/2019;372;0.11968494637642639;1;8
4283;896.397/2014;2264;0.11965702749812743;0;8
4284;890.108/2015;2177;0.11963570416251681;1;8
4285;890.395/2015;2199;0.11963570416251681;0;8
4286;803.113/2014;642;0.11883901180012889;0;8
4287;872.795/2016;3747;0.1182980927033439;1;8
4288;810.375/2010;3246;0.11817295647690032;1;8
4289;810.376/2010;3247;0.11817295647690032;1;8
4290;890.334/2006;2193;0.11797516264085599;1;8
4291;800.506/2014;558;0.1179654650757043;0;8
4292;880.121/2014;2129;0.11756507219418127;0;8
4293;811.152/2017;871;0.11750028374965803;0;8
4294;811.185/2017;874;0.11750028374965803;1;8
4295;800.028/2017;481;0.11747350288961432;1;8
4296;840.235/2017;2405;0.11746952400348308;1;8
4297;800.687/2016;585;0.11711697110535875;0;8
4298;300.775/2017;319;0.11696105724859945;1;8
4299;840.998/2011;2447;0.11683065424087063;1;8
4300;848.553/2008;1489;0.11674514461012607;0;8
4301;800.672/2016;582;0.11669040857281995;0;8
4302;820.275/2019;2484;0.11665148669072734;1;8
4303;300.321/2018;3852;0.11649849098156806;0;8
4304;820.478/2015;1008;0.11635260133824657;1;8
4305;300.082/2017;118;0.11618131379168142;1;8
4306;810.820/2017;3977;0.11618131379168142;1;8
4307;880.061/2013;2118;0.11609740788591834;0;8
4308;803.273/2013;674;0.1160104979413562;1;8
4309;860.148/2014;1566;0.11599485281914101;1;8
4310;300.082/2022;119;0.11585340752511784;1;8
4311;300.851/2020;3891;0.11585340752511784;0;8
4312;300.948/2020;3901;0.11585340752511784;0;8
4313;301.405/2022;4406;0.11585340752511784;0;8
4314;810.181/2021;4464;0.11585340752511784;0;8
4315;803.033/2013;621;0.1157217955923676;1;8
4316;860.934/2017;2471;0.11548901049658485;0;8
4317;800.856/2012;597;0.11509339495060417;1;8
4318;840.240/2018;4489;0.11502463811409992;0;8
4319;806.105/2017;4274;0.1148406378362409;0;8
4320;803.024/2020;618;0.1146849518247087;0;8
4321;300.939/2019;3900;0.11440043499566435;1;8
4322;860.070/2016;4102;0.11419076684812791;1;8
4323;860.598/2016;4307;0.11419076684812791;1;8
4324;861.083/2017;4121;0.1141100441212827;1;8
4325;896.354/2015;2261;0.11393077606155533;0;8
4326;861.165/2015;4477;0.1133548352010094;0;8
4327;880.016/2017;2109;0.1133391851497486;0;8
4328;300.303/2019;3848;0.11311180166377316;0;8
4329;840.112/2015;1375;0.11298811842355046;1;8
4330;815.854/2016;2327;0.11297703250931487;0;8
4331;880.001/2015;2106;0.11294189942458469;0;8
4332;815.749/2012;943;0.11287986654367173;0;8
4333;810.244/2016;3631;0.11275336963383675;1;8
4334;840.030/2015;1373;0.1126835015163214;1;8
4335;820.158/2012;4017;0.11237160858802075;0;8
4336;846.133/2017;4086;0.1123690854981153;0;8
4337;820.153/2015;4016;0.1120688452713791;0;8
4338;896.409/2007;2265;0.11184037947564689;1;8
4339;848.141/2020;4518;0.11177803094444212;0;8
4340;860.034/2016;1549;0.11158662681655887;0;8
4341;860.293/2016;1599;0.11158662681655887;1;8
4342;860.067/2016;4101;0.11158662681655887;1;8
4343;860.515/2016;4115;0.11158662681655887;0;8
4344;826.143/2015;4473;0.1114524799902573;0;8
4345;840.074/2015;4525;0.1110584381331406;1;8
4346;815.742/2016;942;0.11105590841047373;0;8
4347;810.516/2012;822;0.11097318180785205;0;8
4348;810.518/2012;823;0.11097318180785205;1;8
4349;815.372/2018;916;0.1108701761967818;1;8
4350;810.567/2015;3832;0.11086380616264689;0;8
4351;803.032/2013;620;0.11083692264928169;0;8
4352;820.837/2016;1034;0.11031820098219151;0;8
4353;880.021/2002;2110;0.10988618777547829;0;8
4354;826.357/2016;1091;0.10971027438589374;1;8
4355;826.820/2016;4387;0.10971027438589374;0;8
4356;848.071/2013;1420;0.10967679680178301;0;8
4357;826.563/2017;3326;0.1096741810582119;1;8
4358;811.102/2014;869;0.10954526397638181;0;8
4359;803.189/2014;655;0.10948239209919579;1;8
4360;810.480/2010;818;0.10945067507117873;0;8
4361;810.565/2010;3962;0.10945067507117873;0;8
4362;810.597/2010;3964;0.10945067507117873;0;8
4363;303.084/2017;3920;0.10941637948140523;0;8
4364;826.475/2013;4044;0.10858713053642885;0;8
4365;896.279/2012;2255;0.10826976959923965;0;8
4366;840.234/2013;4080;0.10790693309113837;1;8
4367;890.236/2009;4172;0.10788067727126317;1;8
4368;860.904/2017;4537;0.10759609235352273;1;8
4369;880.135/2012;2438;0.10755397801384012;1;8
4370;803.202/2017;656;0.10628177222961033;0;8
4371;806.041/2007;737;0.105986295933564;0;8
4372;806.012/2008;727;0.10593028889953213;1;8
4373;300.818/2010;337;0.10588117594342883;0;8
4374;890.255/2003;4173;0.10579458345370926;1;8
4375;861.635/2012;4128;0.10556639985247734;0;8
4376;820.409/2005;4924;0.10553018567649061;0;8
4377;810.857/2012;3236;0.10544661177481428;0;8
4378;810.856/2012;3238;0.10544661177481428;0;8
4379;810.628/2006;835;0.10532821504586219;0;8
4380;810.646/2006;3824;0.10532821504586219;0;8
4381;810.941/2006;3980;0.10532821504586219;0;8
4382;300.780/2017;323;0.10528083094825401;1;8
4383;301.283/2020;3918;0.10522959202994744;1;8
4384;810.032/2022;4528;0.10522959202994744;0;8
4385;890.735/2014;2213;0.10489974846368065;0;8
4386;300.125/2021;134;0.10464723880922108;0;8
4387;300.599/2010;264;0.10423072235447711;0;8
4388;300.743/2020;3879;0.10415864844163962;0;8
4389;803.041/2017;627;0.10404938416663918;1;8
4390;848.535/2008;1487;0.1040137783419549;1;8
4391;815.560/2016;2339;0.10364493979622576;0;8
4392;811.096/2013;4000;0.10360517969559607;0;8
4393;810.868/2014;3637;0.10350298303004986;0;8
4394;811.429/2014;3638;0.10350298303004986;1;8
4395;300.802/2017;331;0.10347531068429024;1;8
4396;810.944/2017;858;0.10344303122946222;0;8
4397;811.035/2012;862;0.10331951902748976;1;8
4398;860.101/2019;1557;0.10330136282920516;1;8
4399;860.783/2019;1667;0.10330136282920516;0;8
4400;860.189/2018;4344;0.10330136282920516;1;8
4401;840.130/2017;1378;0.10328795157285717;1;8
4402;840.140/2017;4075;0.10328795157285717;1;8
4403;840.119/2017;1376;0.10325572141841015;0;8
4404;840.535/2017;1391;0.10270089346659078;0;8
4405;840.534/2017;3666;0.10270089346659078;0;8
4406;806.288/2012;769;0.10255634492993235;0;8
4407;810.429/2010;3347;0.10246561264267458;0;8
4408;890.808/2013;2214;0.10233681275153834;0;8
4409;810.468/2018;2298;0.10226066859119926;0;8
4410;810.800/2018;3635;0.10224711225189964;0;8
4411;826.292/2017;1089;0.10221096752190915;1;8
4412;806.218/2009;755;0.10215871544953649;0;8
4413;806.222/2009;760;0.10215871544953649;1;8
4414;806.223/2009;761;0.10215871544953649;1;8
4415;860.810/2018;1673;0.10205113000252788;1;8
4416;860.225/2018;4104;0.10205113000252788;0;8
4417;300.912/2019;4452;0.10157407877848894;0;8
4418;810.088/2016;783;0.1014450678028278;1;8
4419;810.786/2016;844;0.1014450678028278;1;8
4420;848.135/2009;1432;0.10141807731070751;0;8
4421;848.210/2016;4090;0.10103843960947663;1;8
4422;880.440/2009;2144;0.10096470112089333;0;8
4423;810.596/2015;3963;0.10094103490922188;1;8
4424;810.027/2009;3933;0.10091269415800745;0;8
4425;811.014/2009;3982;0.10091269415800745;0;8
4426;810.043/2009;4397;0.10091269415800745;0;8
4427;810.867/2009;4399;0.10091269415800745;0;8
4428;810.033/2009;4410;0.10091269415800745;0;8
4429;810.030/2009;4411;0.10091269415800745;0;8
4430;803.207/2013;657;0.10086566148833687;1;8
4431;803.209/2013;660;0.10086566148833687;1;8
4432;803.210/2013;661;0.10086566148833687;1;8
4433;803.211/2013;662;0.10086566148833687;1;8
4434;803.212/2013;663;0.10086566148833687;1;8
4435;806.344/2012;4243;0.10079228486788631;1;8
4436;884.016/2016;3757;0.10061741273507187;0;8
4437;890.301/2016;2189;0.10046584243027624;0;8
4438;890.107/2017;2371;0.10046584243027624;1;8
4439;890.105/2017;2376;0.10046584243027624;0;8
4440;890.108/2017;2377;0.10046584243027624;0;8
4441;860.846/2018;4363;0.10043295088465819;0;8
4442;840.196/2018;2290;0.10023877851064958;1;8
4443;810.389/2017;2952;0.09999781741886186;0;8
4444;810.390/2017;2964;0.09999781741886186;0;8
4445;810.694/2015;841;0.09995534707172804;1;8
4446;810.131/2015;3215;0.09995534707172804;0;8
4447;811.566/2015;3240;0.09995534707172804;1;8
4448;880.356/2010;2141;0.09994788834966295;1;8
4449;860.732/2021;4458;0.09982452085444168;0;8
4450;840.365/2012;1388;0.0998178176667433;0;8
4451;810.490/2012;3239;0.09975857949313183;0;8
4452;810.844/2012;3269;0.09975857949313183;0;8
4453;810.847/2012;3270;0.09975857949313183;0;8
4454;810.186/1983;3941;0.09953280001246212;0;8
4455;811.171/2016;101;0.09934477121479955;1;8
4456;810.483/2016;2476;0.09934477121479955;1;8
4457;810.352/2006;3632;0.09915481266332073;0;8
4458;810.668/2006;3633;0.09915481266332073;0;8
4459;803.234/2012;3627;0.09909776720439156;0;8
4460;810.294/2011;2962;0.09901340605413192;0;8
4461;810.132/2015;3216;0.0990062230621997;0;8
4462;803.207/2015;658;0.09886035943417529;0;8
4463;300.139/2018;3838;0.09868852079401953;0;8
4464;861.015/2021;4385;0.09867542642005228;1;8
4465;860.811/2021;4459;0.09861173989453803;0;8
4466;810.005/2016;3254;0.09858628033854802;0;8
4467;860.375/2018;4111;0.09843352684199262;0;8
4468;303.123/2017;3921;0.09840563309548638;1;8
4469;890.238/2016;2374;0.09839835616648093;0;8
4470;890.454/2016;4176;0.09839835616648093;1;8
4471;896.064/2014;2230;0.0981520351876008;0;8
4472;860.325/2018;1605;0.09810781089383708;1;8
4473;860.485/2018;3186;0.09810781089383708;1;8
4474;860.422/2018;4349;0.09810781089383708;1;8
4475;860.748/2019;4367;0.09810781089383708;1;8
4476;860.219/2018;4445;0.09810781089383708;1;8
4477;803.184/2014;652;0.09797913536210541;1;8
4478;810.285/2015;799;0.09785781373698378;0;8
4479;810.485/2015;3955;0.09785781373698378;0;8
4480;880.219/2005;2900;0.09764988684807241;1;8
4481;810.546/2019;2967;0.09753668382375108;0;8
4482;810.563/2019;2975;0.09753668382375108;0;8
4483;810.616/2018;2979;0.09753668382375108;0;8
4484;810.624/2018;2980;0.09753668382375108;0;8
4485;810.628/2018;2982;0.09753668382375108;0;8
4486;803.022/2020;617;0.0974998935417957;1;8
4487;848.038/2022;4352;0.09744197880130634;0;8
4488;878.045/2005;4946;0.09740155546335787;0;8
4489;811.153/2017;3825;0.09735312614088627;1;8
4490;300.776/2017;320;0.09703986733712335;1;8
4491;803.241/2013;2285;0.09661530814459805;0;8
4492;840.512/2013;2368;0.09661142941403315;1;8
4493;840.229/2014;4078;0.09661142941403315;0;8
4494;840.230/2014;4079;0.09661142941403315;0;8
4495;810.564/2019;2976;0.0966080610426655;0;8
4496;810.565/2019;2977;0.0966080610426655;0;8
4497;880.018/2017;3299;0.09627746847787476;0;8
4498;890.107/2015;2176;0.09624667123823645;1;8
4499;880.137/2014;2130;0.09623640925387292;0;8
4500;826.259/2020;4450;0.09611437184750041;1;8
4501;810.524/2006;3958;0.0958094380834822;0;8
4502;840.081/2017;2526;0.09555530600214782;1;8
4503;880.418/2008;2143;0.09514371534426412;0;8
4504;880.973/2008;2907;0.09514371534426412;0;8
4505;810.360/2021;4488;0.09487103352988177;0;8
4506;890.436/2008;2204;0.09485667833088703;0;8
4507;860.052/2020;4414;0.09478729204395467;1;8
4508;810.286/2019;2389;0.09472773926802501;0;8
4509;810.308/2019;4421;0.09472773926802501;0;8
4510;890.432/2016;4175;0.09471682255679936;1;8
4511;840.079/2016;2525;0.0946472001059819;0;8
4512;300.318/2019;182;0.09450373460710838;1;8
4513;810.410/2015;4345;0.09447021680005954;1;8
4514;811.058/2017;865;0.09445079579698262;1;8
4515;810.509/2017;2297;0.09445079579698262;0;8
4516;890.106/2017;2175;0.09425080217522502;1;8
4517;890.085/2017;2372;0.09425080217522502;0;8
4518;803.011/2009;616;0.09378700842952853;1;8
4519;810.840/2006;852;0.09365071903265934;0;8
4520;810.263/2016;3942;0.0934729849391145;1;8
4521;840.385/2017;2998;0.09337143885031401;1;8
4522;840.309/2017;3362;0.09337143885031401;0;8
4523;803.178/2015;651;0.09308740814745617;1;8
4524;810.370/2016;3946;0.09296570038436054;1;8
4525;303.198/2018;463;0.09291306429684586;0;8
4526;800.618/2014;574;0.09280582033505838;0;8
4527;884.062/2012;4168;0.09276414399872435;1;8
4528;810.291/2014;801;0.09249754750255178;1;8
4529;810.352/2017;807;0.09249495927132757;0;8
4530;810.652/2017;836;0.09249495927132757;1;8
4531;810.088/2017;2388;0.09249495927132757;1;8
4532;810.945/2017;3981;0.09249495927132757;1;8
4533;803.208/2013;659;0.0923981317446533;1;8
4534;870.965/2014;2027;0.09224393788986711;1;8
4535;803.081/2016;637;0.0919814387492743;1;8
4536;896.152/2015;2238;0.09150889478953485;1;8
4537;840.476/2013;3273;0.09147885399122832;1;8
4538;301.147/2009;419;0.09136601286473867;0;8
4539;803.219/2010;667;0.09136136753881124;1;8
4540;810.669/2014;3967;0.09088898497741496;0;8
4541;896.149/2013;4190;0.09077504202589583;0;8
4542;890.598/2010;4178;0.09026495359627587;0;8
4543;861.936/2005;4131;0.09011543475569286;0;8
4544;810.035/2009;4420;0.0896654447572453;0;8
4545;880.195/2007;2133;0.08966528938623822;1;8
4546;880.505/2011;2146;0.08958519259103663;0;8
4547;860.162/2013;1570;0.08935156303174169;1;8
4548;840.353/2016;2531;0.08903772645928071;1;8
4549;811.624/2015;3241;0.08880425996831619;0;8
4550;810.553/2019;2970;0.08870978307617697;0;8
4551;810.559/2019;2972;0.08870978307617697;0;8
4552;300.725/2022;3877;0.08851993415059933;0;8
4553;890.028/2016;2171;0.08829532197243681;1;8
4554;848.215/2013;1453;0.08812338978789927;0;8
4555;803.284/2010;675;0.0880062240266747;1;8
4556;850.099/2015;4096;0.08787106494912507;0;8
4557;810.384/2017;3156;0.08781899095904275;0;8
4558;803.010/2018;615;0.08778678099558206;0;8
4559;880.138/2016;56;0.0876214556593598;0;8
4560;803.094/2009;638;0.08735793504618523;0;8
4561;880.286/2007;2139;0.08729044868623377;1;8
4562;800.471/2017;550;0.08726560827665784;0;8
4563;806.460/2011;774;0.08723534687148092;0;8
4564;840.126/2015;1377;0.08716918211075783;1;8
4565;826.393/2017;1095;0.08705684392727805;0;8
4566;890.138/2017;2370;0.08704223142902977;0;8
4567;300.430/2017;2379;0.08697515659350663;0;8
4568;810.083/2008;2957;0.08693496540567347;0;8
4569;803.420/2009;2289;0.08684626702988696;0;8
4570;833.085/2015;3658;0.08682820240791002;0;8
4571;806.189/2013;750;0.08676683429383056;0;8
4572;300.486/2020;228;0.08672510202522632;0;8
4573;300.618/2020;2452;0.08672510202522632;1;8
4574;830.290/2021;4515;0.08672510202522632;1;8
4575;810.560/2019;2973;0.08666737508718889;0;8
4576;810.561/2019;2974;0.08666737508718889;0;8
4577;810.627/2018;2981;0.08666737508718889;0;8
4578;810.547/2019;2968;0.08662945348602515;0;8
4579;810.799/2014;2304;0.08655750226548682;0;8
4580;830.144/2018;1138;0.08651174184878144;1;8
4581;804.491/2008;725;0.08598870123547936;1;8
4582;811.423/2013;882;0.08592007092097725;1;8
4583;826.049/2017;4338;0.08560482170417012;0;8
4584;810.556/2019;2971;0.08545776093939025;0;8
4585;803.618/2008;706;0.08538465334154748;1;8
4586;804.451/2008;723;0.08538465334154748;1;8
4587;300.819/2009;338;0.0851664834235474;1;8
4588;810.720/2021;3969;0.08509083846781818;1;8
4589;890.018/2007;4370;0.08451650100242525;0;8
4590;803.037/2017;624;0.08446630097949838;1;8
4591;300.572/2022;3865;0.08413056177120752;0;8
4592;810.054/2020;4511;0.08413056177120752;0;8
4593;803.077/2009;633;0.08378087838170453;1;8
4594;806.022/2015;732;0.08372965091945074;1;8
4595;810.644/2020;3966;0.08356490115349964;0;8
4596;840.199/2013;1380;0.08317904183868773;1;8
4597;840.200/2013;1381;0.08317904183868773;1;8
4598;840.254/2013;3171;0.08317904183868773;0;8
4599;803.754/2008;708;0.08309704955245037;1;8
4600;800.836/2008;4945;0.08305088084596507;0;8
4601;860.128/2013;1562;0.0829621511380436;1;8
4602;861.415/2014;1750;0.0829621511380436;1;8
4603;860.388/2014;4460;0.0829621511380436;0;8
4604;880.012/2019;2108;0.08262714814178976;1;8
4605;872.039/2010;4958;0.08245179608722711;0;8
4606;806.063/2016;4241;0.08238062540513029;0;8
4607;300.678/2018;283;0.08231771811735988;0;8
4608;806.196/2012;751;0.08225286808422509;0;8
4609;806.228/2012;762;0.08225286808422509;0;8
4610;810.278/2009;2324;0.0822089967234804;0;8
4611;820.836/2002;4920;0.08200295103850441;0;8
4612;826.697/2021;1126;0.08197539501904691;1;8
4613;810.122/2002;789;0.08184188842760381;0;8
4614;810.044/2002;3935;0.08184188842760381;0;8
4615;803.111/2012;640;0.08092655734952006;0;8
4616;848.065/2016;1418;0.08092208540399878;0;8
4617;848.071/2017;1421;0.0808946024735953;1;8
4618;803.073/2017;632;0.08080170799609278;1;8
4619;806.035/2013;734;0.08059399088974215;1;8
4620;878.100/2017;2361;0.08039661537576155;0;8
4621;803.010/2010;614;0.08028250338327489;1;8
4622;860.324/2019;3203;0.07993463426743155;1;8
4623;300.208/2021;3842;0.07985966050353545;0;8
4624;850.076/2013;3718;0.07985123621811863;1;8
4625;301.229/2013;426;0.07966400234622562;0;8
4626;804.261/2008;718;0.07950263774736278;0;8
4627;806.282/2007;767;0.07944762884907311;1;8
4628;840.160/2015;2528;0.07943016651676031;0;8
4629;840.163/2015;2529;0.07943016651676031;1;8
4630;864.143/2017;4138;0.07934867715410268;0;8
4631;803.308/2012;677;0.0791154669367727;1;8
4632;806.216/2009;753;0.07911435091605477;1;8
4633;806.219/2009;756;0.07911435091605477;1;8
4634;806.220/2009;758;0.07911435091605477;1;8
4635;806.221/2009;759;0.07911435091605477;1;8
4636;803.239/2011;669;0.07906418902200539;0;8
4637;810.880/2017;854;0.07899450560666646;0;8
4638;878.121/2013;2098;0.07887583816207207;1;8
4639;840.380/2016;2534;0.07887254966851738;1;8
4640;300.116/2020;4260;0.07886116498022828;1;8
4641;890.263/2013;2184;0.07885864326541217;1;8
4642;860.406/2015;3730;0.07835111979924386;1;8
4643;890.001/2007;2373;0.07833997728825005;1;8
4644;803.581/2011;701;0.07829617995919534;0;8
4645;803.449/2012;695;0.07821638360046654;0;8
4646;811.072/2008;4408;0.07817562536418088;0;8
4647;810.005/1985;3930;0.07811714796819864;0;8
4648;810.907/2009;855;0.07797430515656979;0;8
4649;803.359/2011;688;0.07735055282478376;0;8
4650;300.384/2018;4271;0.07723709536857143;0;8
4651;873.465/2011;2085;0.0771607625452052;1;8
4652;810.391/2017;2965;0.07709646409677612;0;8
4653;810.383/2017;3155;0.07709646409677612;1;8
4654;803.112/2012;641;0.07688978517885009;0;8
4655;803.346/2010;681;0.07686091138794321;1;8
4656;803.347/2010;682;0.07686091138794321;1;8
4657;803.143/2009;645;0.07679064686980705;0;8
4658;803.008/2009;613;0.07642520952236477;1;8
4659;810.006/1985;3931;0.07632341185634596;0;8
4660;811.261/2013;4003;0.07628218638216287;1;8
4661;803.348/2013;683;0.07604961956070831;1;8
4662;848.032/2022;2480;0.07549767953582921;1;8
4663;880.376/2010;2142;0.07538323447574508;0;8
4664;803.054/2005;628;0.07533819242216874;0;8
4665;806.125/2017;747;0.07523390357583236;1;8
4666;300.484/2017;4208;0.0752243407217676;0;8
4667;803.220/2010;668;0.07521342148899685;0;8
4668;810.120/2018;2346;0.07500986148667922;0;8
4669;811.064/2009;3996;0.07497028275919182;0;8
4670;810.386/2017;3157;0.07495033201977398;0;8
4671;810.387/2017;3158;0.07495033201977398;0;8
4672;840.366/2012;1389;0.07483414419365664;0;8
4673;840.474/2012;3193;0.07483414419365664;0;8
4674;840.476/2012;3194;0.07483414419365664;0;8
4675;800.625/2017;576;0.07414433450286259;0;8
4676;880.078/2011;2121;0.07403856988681043;0;8
4677;880.084/2011;2123;0.07403856988681043;0;8
4678;880.233/2011;2136;0.07403856988681043;0;8
4679;811.058/2009;3990;0.07399388480913448;0;8
4680;811.060/2009;3992;0.07399388480913448;0;8
4681;811.065/2009;3997;0.07399388480913448;0;8
4682;810.031/2009;4413;0.07399388480913448;0;8
4683;860.801/2017;1671;0.07396962909294437;0;8
4684;860.592/2013;4341;0.07396062770823678;1;8
4685;861.639/2013;4535;0.07396062770823678;1;8
4686;300.485/2017;4298;0.07389170646654736;0;8
4687;870.901/2015;2025;0.0737096397567437;1;8
4688;840.359/2016;2532;0.07367751034769751;1;8
4689;810.802/2014;2986;0.07346033554658733;1;8
4690;810.571/2004;829;0.07344432283635854;0;8
4691;890.984/2011;2218;0.07280264700349043;1;8
4692;810.587/2020;832;0.0727527209777088;1;8
4693;300.474/2022;3861;0.072684409414101;0;8
4694;300.880/2011;364;0.07268429317451248;0;8
4695;803.393/2011;691;0.07268429317451248;1;8
4696;860.434/2013;1619;0.07264862201693911;0;8
4697;803.272/2016;673;0.0723807782156701;1;8
4698;890.723/2012;4179;0.07233101521866941;1;8
4699;811.059/2009;3991;0.07226342099721535;0;8
4700;811.061/2009;3993;0.07226342099721535;0;8
4701;811.062/2009;3994;0.07226342099721535;0;8
4702;810.106/2009;4400;0.07226342099721535;0;8
4703;803.218/2010;666;0.07226283587122038;1;8
4704;803.351/2010;686;0.07226283587122038;1;8
4705;880.111/2011;2127;0.07211089980508706;0;8
4706;880.126/2011;2437;0.07211089980508706;0;8
4707;878.066/2017;4534;0.07206985089531201;0;8
4708;860.413/2014;4444;0.07186667142481466;1;8
4709;860.364/2016;4346;0.07165764127823328;0;8
4710;800.778/2011;594;0.071392300210625;0;8
4711;801.095/2011;4996;0.071392300210625;0;8
4712;804.490/2008;724;0.07121244971324717;0;8
4713;804.492/2008;726;0.07121244971324717;1;8
4714;803.081/2011;636;0.07106300579141997;1;8
4715;803.528/2011;698;0.07106300579141997;0;8
4716;803.576/2011;700;0.07106300579141997;0;8
4717;803.591/2011;702;0.07106300579141997;0;8
4718;803.667/2011;707;0.07106300579141997;0;8
4719;803.153/2011;2509;0.07106300579141997;1;8
4720;810.456/2008;3953;0.07091619218288403;0;8
4721;810.954/2008;4480;0.07091619218288403;0;8
4722;803.079/2007;634;0.0707830854106647;1;8
4723;810.534/2009;827;0.07073213222847075;0;8
4724;803.770/2011;713;0.07068325078216084;1;8
4725;803.349/2010;684;0.07051391186201096;1;8
4726;803.350/2010;685;0.07051391186201096;1;8
4727;803.352/2010;687;0.07051391186201096;1;8
4728;860.429/2016;4113;0.07038338378732029;1;8
4729;803.215/2010;664;0.07024101666404928;0;8
4730;803.217/2010;665;0.07024101666404928;1;8
4731;890.726/2012;2210;0.07017144594563572;1;8
4732;890.731/2012;2212;0.07017144594563572;1;8
4733;890.851/2012;4180;0.07017144594563572;1;8
4734;890.524/2011;2206;0.06992118219025752;1;8
4735;803.322/2012;680;0.0696070981181979;0;8
4736;803.806/2008;715;0.06956377274079623;1;8
4737;810.144/2010;4330;0.0694985676100033;1;8
4738;811.085/2010;4507;0.0694985676100033;0;8
4739;300.181/2009;147;0.06938296079947202;1;8
4740;880.077/2009;4943;0.06916347095817185;0;8
4741;896.520/2011;4197;0.0690990938461442;0;8
4742;890.071/2013;2172;0.06875901942347372;1;8
4743;860.682/2017;3733;0.06874846171282416;0;8
4744;880.083/2016;2122;0.06812284395397035;1;8
4745;880.085/2017;2124;0.06769286226853681;0;8
4746;840.306/2016;3833;0.06724041862709759;0;8
4747;890.272/2018;2185;0.06637708149829133;1;8
4748;864.087/2016;4135;0.06618134453571138;0;8
4749;860.586/2016;4362;0.06585484947709673;0;8
4750;880.308/1994;2140;0.06572388246611846;1;8
4751;890.964/2014;2217;0.06487317105794307;0;8
4752;890.899/2014;4181;0.06487317105794307;0;8
4753;803.758/2008;709;0.06469130487784262;0;8
4754;848.238/2022;4416;0.06332555252579396;0;8
4755;866.370/2016;1909;0.06320791783414036;0;8
4756;811.021/2009;3983;0.06283706613429606;0;8
4757;811.025/2009;3985;0.06283706613429606;0;8
4758;811.028/2009;3986;0.06283706613429606;0;8
4759;811.034/2009;3987;0.06283706613429606;0;8
4760;811.063/2009;3995;0.06283706613429606;0;8
4761;811.066/2009;3998;0.06283706613429606;0;8
4762;846.178/2016;3700;0.06255181790108547;1;8
4763;803.486/2009;696;0.06245027983078039;0;8
4764;803.487/2009;697;0.06245027983078039;0;8
4765;880.044/2010;2113;0.06232040621216069;0;8
4766;803.592/2011;703;0.06227690088625189;0;8
4767;803.608/2011;705;0.06227690088625189;0;8
4768;803.247/2012;670;0.06186890725698393;0;8
4769;803.248/2012;671;0.06186890725698393;0;8
4770;803.249/2012;672;0.06186890725698393;0;8
4771;861.266/2015;4409;0.06174534010138245;1;8
4772;800.668/2011;2470;0.061617804918862706;0;8
4773;806.217/2009;754;0.06160962404962759;1;8
4774;803.026/2007;619;0.06160912878860262;1;8
4775;810.878/2010;853;0.06152027135741086;0;8
4776;810.267/2010;3943;0.06152027135741086;0;8
4777;810.989/2010;4342;0.06152027135741086;0;8
4778;860.320/2021;1603;0.06148607517969095;1;8
4779;860.635/2020;4457;0.06148607517969095;0;8
4780;803.428/2010;694;0.061293641118637776;0;8
4781;861.104/2016;1712;0.06072704345414464;1;8
4782;810.531/2011;825;0.060023131118425145;1;8
4783;810.058/2011;3936;0.060023131118425145;0;8
4784;890.289/2015;2187;0.06001329650763483;0;8
4785;811.212/2011;877;0.059685430341657256;0;8
4786;811.279/2011;878;0.059685430341657256;0;8
4787;811.393/2011;4007;0.059685430341657256;0;8
4788;811.055/2009;3989;0.058697720187834465;0;8
4789;811.051/2009;3988;0.058630995663665475;0;8
4790;860.278/2018;1594;0.05852144297342677;0;8
4791;840.325/2014;4083;0.05842209388621125;1;8
4792;803.594/2011;704;0.05827267056760722;0;8
4793;890.186/2017;2179;0.05815762683508795;1;8
4794;803.411/2009;692;0.0579862630693857;1;8
4795;803.311/2012;679;0.05788929033048536;1;8
4796;890.362/2017;2194;0.05757056312759774;1;8
4797;300.099/2020;4284;0.05709040466909933;0;8
4798;861.072/2017;1707;0.056857019738502164;1;8
4799;820.187/2019;977;0.056611559035585256;0;8
4800;890.278/2016;2186;0.056556269900446786;0;8
4801;810.368/2011;3945;0.056337898909272655;0;8
4802;811.441/2011;4428;0.056337898909272655;0;8
4803;803.543/2011;699;0.05594645761580702;1;8
4804;860.584/2017;1644;0.055724612566139343;0;8
4805;300.462/2022;222;0.055140174004115715;1;8
4806;803.378/2008;689;0.054774928489881726;0;8
4807;804.291/2008;719;0.054774928489881726;0;8
4808;804.295/2008;720;0.054774928489881726;0;8
4809;803.039/2011;625;0.05456919935790515;1;8
4810;880.175/2006;4994;0.05436353891504488;0;8
4811;803.414/2011;693;0.05435440311111243;0;8
4812;815.327/2014;2335;0.053257334099770605;0;8
4813;810.288/2011;800;0.05307055621961962;0;8
4814;896.119/2017;4334;0.05291546097024917;1;8
4815;301.051/2016;2328;0.052867251510407956;1;8
4816;815.468/2017;2333;0.05179099801146045;0;8
4817;884.071/2014;2156;0.05161690039283787;1;8
4818;896.243/2014;2252;0.051232520430265605;0;8
4819;804.247/2008;717;0.050376755617367534;0;8
4820;804.309/2008;721;0.050376755617367534;0;8
4821;896.147/2015;2237;0.05025596465396691;1;8
4822;896.138/2015;4348;0.05025596465396691;1;8
4823;803.141/2009;644;0.05007435734952626;1;8
4824;803.178/2009;650;0.05007435734952626;0;8
4825;871.875/2014;4156;0.04954159117246087;0;8
4826;896.096/2016;4187;0.049417169548268434;0;8
4827;820.569/2014;1016;0.04938923261924215;1;8
4828;300.744/2021;307;0.0493813036365748;0;8
4829;804.225/2008;716;0.04916928823604651;0;8
4830;300.777/2017;321;0.04903945573440116;1;8
4831;803.176/2008;649;0.048542491916296955;1;8
4832;803.383/2008;690;0.048542491916296955;0;8
4833;803.759/2008;710;0.048542491916296955;0;8
4834;300.747/2019;309;0.04824566544446722;1;8
4835;804.346/2008;722;0.04814720528582991;0;8
4836;826.492/2017;4549;0.04752241983394658;1;8
4837;810.119/2015;787;0.04732476759519621;0;8
4838;811.049/2015;864;0.04732476759519621;0;8
4839;811.664/2015;892;0.04732476759519621;0;8
4840;811.341/2015;4005;0.04732476759519621;0;8
4841;826.479/2013;4424;0.04718171074366635;0;8
4842;890.316/2015;2190;0.047097192858282184;1;8
4843;810.797/2016;846;0.04653249854043469;0;8
4844;300.203/2016;3841;0.04630854846382333;0;8
4845;890.414/2015;2439;0.046237930319253884;1;8
4846;815.110/2018;903;0.046131230970554604;0;8
4847;810.254/2017;796;0.04584230546343475;0;8
4848;810.098/2019;4328;0.04565305879307128;0;8
4849;300.925/2017;3899;0.044977233245547255;0;8
4850;800.427/2014;2356;0.04474977926112782;0;8
4851;870.644/2017;2006;0.044514964563965295;1;8
4852;803.073/2009;631;0.04376100495112855;0;8
4853;884.050/2015;2150;0.04372931460267053;1;8
4854;810.045/2015;780;0.04301824023753999;0;8
4855;810.348/2015;806;0.04301824023753999;1;8
4856;810.424/2015;813;0.04301824023753999;0;8
4857;810.983/2015;860;0.04301824023753999;0;8
4858;810.984/2015;861;0.04301824023753999;0;8
4859;811.592/2015;889;0.04301824023753999;0;8
4860;811.764/2015;896;0.04301824023753999;0;8
4861;810.807/2015;2392;0.04301824023753999;0;8
4862;810.857/2015;2393;0.04301824023753999;1;8
4863;811.688/2015;2395;0.04301824023753999;1;8
4864;810.835/2015;3978;0.04301824023753999;0;8
4865;811.485/2015;4010;0.04301824023753999;0;8
4866;811.659/2015;4012;0.04301824023753999;1;8
4867;803.768/2008;711;0.0428876582198709;0;8
4868;803.769/2008;712;0.0428876582198709;0;8
4869;803.772/2008;714;0.0428876582198709;0;8
4870;810.086/2016;3937;0.042294866455226246;0;8
4871;810.600/2016;3965;0.042294866455226246;0;8
4872;810.066/2016;4325;0.042294866455226246;0;8
4873;810.019/2016;4438;0.042294866455226246;0;8
4874;810.299/2016;4547;0.042294866455226246;0;8
4875;890.235/2017;2181;0.04183210935292453;1;8
4876;800.200/2019;507;0.04180728246414061;0;8
4877;800.715/2021;588;0.041491153412944;0;8
4878;878.103/2013;4165;0.04110456715354939;0;8
4879;890.420/2016;2201;0.04053260735773363;0;8
4880;880.098/2004;2126;0.03975472592037226;0;8
4881;890.073/2015;2173;0.0396849266367283;0;8
4882;890.324/2015;2375;0.0396849266367283;0;8
4883;811.091/2012;868;0.03961255166610983;0;8
4884;811.324/2012;879;0.03961255166610983;0;8
4885;811.512/2012;4011;0.039384872921821475;1;8
4886;810.648/2012;4331;0.039384872921821475;1;8
4887;810.504/2014;3957;0.03925973456222573;0;8
4888;860.983/2014;4236;0.03925711876433458;1;8
4889;810.181/2019;2300;0.03925412439324442;0;8
4890;810.081/2017;782;0.03920087017653619;0;8
4891;810.758/2017;843;0.03920087017653619;1;8
4892;810.953/2017;859;0.03920087017653619;0;8
4893;811.070/2017;866;0.03920087017653619;0;8
4894;811.184/2017;873;0.03920087017653619;0;8
4895;300.429/2017;2378;0.03920087017653619;0;8
4896;810.472/2017;4517;0.03920087017653619;0;8
4897;810.418/2017;4544;0.03920087017653619;1;8
4898;810.283/2015;798;0.03904538681278761;0;8
4899;810.387/2015;810;0.03904538681278761;0;8
4900;811.023/2014;3984;0.038341816176580126;0;8
4901;811.504/2014;4479;0.038341816176580126;1;8
4902;810.346/2017;805;0.03806882749623227;0;8
4903;860.720/2016;4116;0.037990399277588134;1;8
4904;810.021/2017;4386;0.037811984852163395;0;8
4905;810.091/2018;3938;0.03765458077798041;0;8
4906;810.022/2018;779;0.03714254846714989;0;8
4907;810.058/2018;781;0.03714254846714989;0;8
4908;810.167/2018;3630;0.03714254846714989;0;8
4909;810.251/2019;4393;0.03714254846714989;0;8
4910;810.783/2013;3970;0.03713494615657744;0;8
4911;810.358/2012;808;0.037130963337719786;0;8
4912;811.222/2014;4002;0.037012710440961875;0;8
4913;811.439/2015;885;0.03700515934667838;0;8
4914;810.569/2015;2391;0.03700515934667838;0;8
4915;811.291/2015;4004;0.03700515934667838;0;8
4916;810.337/2019;804;0.036449905325250956;0;8
4917;811.463/2016;4008;0.03637905485673729;1;8
4918;810.293/2017;802;0.03583380271181885;1;8
4919;810.940/2017;4581;0.03583380271181885;0;8
4920;810.331/2020;2460;0.035803522615597196;0;8
4921;810.585/2021;4392;0.035803522615597196;1;8
4922;810.366/2021;4514;0.035803522615597196;0;8
4923;810.457/2021;4538;0.035803522615597196;0;8
4924;810.011/2014;778;0.03568089930025779;0;8
4925;810.610/2014;834;0.03568089930025779;0;8
4926;810.349/2014;2390;0.03568089930025779;0;8
4927;878.001/2016;2435;0.035364793003657156;0;8
4928;878.136/2016;4354;0.035364793003657156;0;8
4929;878.057/2019;2095;0.035333984448973114;0;8
4930;301.031/2019;3908;0.035112127485750745;0;8
4931;811.495/2012;886;0.03493629641061077;0;8
4932;811.111/2012;2394;0.03493629641061077;0;8
4933;811.291/2012;4426;0.03493629641061077;0;8
4934;880.154/2008;4167;0.0347775789388756;1;8
4935;860.027/2018;1548;0.03464820546066451;0;8
4936;860.141/2018;1564;0.03464820546066451;0;8
4937;860.688/2018;1657;0.03464820546066451;1;8
4938;848.253/2017;1463;0.03459963859227612;0;8
4939;810.244/2018;795;0.034306537846777806;0;8
4940;810.675/2014;838;0.03381028995539547;0;8
4941;810.813/2014;848;0.03381028995539547;0;8
4942;810.814/2014;849;0.03381028995539547;0;8
4943;811.327/2014;880;0.03381028995539547;0;8
4944;811.433/2014;884;0.03381028995539547;0;8
4945;811.485/2013;4009;0.033547878242007015;1;8
4946;861.064/2021;1705;0.03339598422743502;0;8
4947;860.494/2021;4539;0.03339598422743502;0;8
4948;860.747/2019;4375;0.0332703078347538;1;8
4949;810.196/2013;792;0.03274120066712389;0;8
4950;861.210/2021;4306;0.03206623104924632;0;8
