processo;area;perfil;rodada
800.277/2011;1;3;8
802.896/1978;2;1;8
807.751/1973;3;1;8
810.121/1994;4;1;8
810.225/2003;5;1;8
810.436/2015;6;3;8
811.409/2016;7;1;8
815.067/2007;8;1;8
815.112/1991;9;1;8
815.146/2007;10;1;8
815.379/1997;11;1;8
820.171/1997;13;1;8
820.198/2014;14;3;8
820.230/2009;15;1;8
820.329/2009;16;1;8
820.465/2008;17;1;8
820.680/1998;19;1;8
820.757/2006;20;1;8
821.024/2010;21;1;8
826.038/1998;22;1;8
826.046/2009;23;1;8
826.087/2007;24;1;8
826.100/2012;25;3;8
826.219/2000;26;1;8
826.259/2009;27;3;8
826.262/2009;28;3;8
826.263/2009;29;3;8
826.264/2009;30;3;8
826.295/1995;31;1;8
826.541/2013;32;1;8
826.631/2009;33;3;8
826.779/2013;34;1;8
830.488/2008;35;1;8
830.880/1993;36;1;8
831.211/2008;37;1;8
831.537/2003;38;1;8
831.582/2005;39;3;8
831.895/1996;40;1;8
832.026/1985;41;1;8
832.128/2005;42;1;8
832.312/2011;43;1;8
832.895/2006;44;1;8
840.207/2010;45;1;8
840.259/1992;46;1;8
848.022/2004;47;1;8
848.126/2006;48;1;8
848.269/2015;49;3;8
848.283/1999;50;1;8
860.153/2007;51;3;8
861.684/2010;52;3;8
864.026/2001;53;1;8
866.127/2006;54;1;8
878.133/2009;55;1;8
880.138/2016;56;3;8
886.441/2007;57;1;8
890.099/1988;58;1;8
890.109/1992;59;1;8
890.118/1989;60;1;8
890.153/2009;61;1;8
890.157/1980;62;1;8
890.167/2017;63;3;8
890.189/2003;64;1;8
890.209/2007;65;1;8
890.290/2009;66;3;8
890.300/1987;67;1;8
890.328/2010;68;1;8
890.363/2009;69;1;8
890.464/1990;70;1;8
890.937/2012;71;1;8
896.035/2002;72;1;8
896.048/1998;73;1;8
896.118/2009;74;1;8
896.312/2002;75;1;8
896.370/2001;76;1;8
896.383/2005;77;1;8
896.425/2001;78;3;8
896.545/2001;79;1;8
896.685/2005;80;1;8
886.047/2010;81;3;8
815.331/2006;82;1;8
815.256/2011;83;3;8
815.607/2004;84;3;8
801.020/2010;85;1;8
815.584/1993;86;1;8
815.624/2005;87;3;8
815.734/2008;88;1;8
820.449/2007;89;3;8
870.923/1988;91;1;8
872.245/1996;92;1;8
872.246/1996;93;1;8
873.006/2005;94;3;8
873.014/2005;95;3;8
890.269/1988;96;1;8
896.083/1999;97;1;8
896.086/1999;98;1;8
810.587/1973;99;1;8
010.099/1967;100;1;8
811.171/2016;101;3;8
820.416/2012;102;3;8
300.008/2013;103;1;8
300.008/2021;104;2;8
300.016/2019;105;1;8
300.025/2020;106;2;8
300.026/2020;107;2;8
300.026/2021;108;2;8
300.028/2022;109;2;8
300.033/2015;110;2;8
300.034/2017;111;2;8
300.041/2020;112;2;8
300.045/2017;113;2;8
300.048/2021;114;2;8
300.053/2021;115;2;8
300.056/2020;116;2;8
300.058/2021;117;2;8
300.082/2017;118;2;8
300.082/2022;119;2;8
300.088/2015;120;2;8
300.092/2009;121;2;8
300.094/2021;122;2;8
300.096/2021;123;2;8
300.101/2020;124;2;8
300.102/2022;125;2;8
300.105/2021;126;2;8
300.106/2018;127;2;8
300.107/2019;128;2;8
300.110/2020;129;2;8
300.111/2020;130;2;8
300.118/2020;131;2;8
300.120/2019;132;2;8
300.120/2020;133;2;8
300.125/2021;134;2;8
300.131/2016;135;1;8
300.132/2009;136;2;8
300.136/2014;137;1;8
300.140/2021;138;2;8
300.146/2018;139;2;8
300.148/2021;140;2;8
300.155/2014;141;1;8
300.161/2021;142;2;8
300.162/2021;143;2;8
300.164/2021;144;2;8
300.167/2021;145;2;8
300.168/2020;146;2;8
300.181/2009;147;2;8
300.202/2021;148;2;8
300.207/2020;149;2;8
300.217/2018;151;2;8
300.217/2022;152;2;8
300.218/2020;153;2;8
300.223/2018;154;2;8
300.225/2018;155;2;8
300.227/2021;156;2;8
300.228/2019;157;2;8
300.229/2021;158;2;8
300.230/2018;159;2;8
300.234/2019;160;2;8
300.235/2020;161;2;8
300.238/2021;162;2;8
300.243/2012;163;2;8
300.244/2018;164;2;8
300.246/2018;165;2;8
300.247/2020;166;2;8
300.256/2020;167;2;8
300.257/2020;168;2;8
300.266/2018;169;2;8
300.270/2017;170;2;8
300.276/2019;171;2;8
300.279/2019;172;2;8
300.289/2011;173;2;8
300.292/2021;174;2;8
300.294/2011;175;2;8
300.298/2011;176;2;8
300.299/2016;177;1;8
300.301/2018;178;2;8
300.305/2017;179;2;8
300.307/2009;180;2;8
300.316/2019;181;2;8
300.318/2019;182;2;8
300.322/2020;183;2;8
300.324/2018;184;2;8
300.329/2021;185;2;8
300.332/2020;186;2;8
300.341/2019;187;2;8
300.345/2017;188;2;8
300.346/2019;189;2;8
300.355/2010;190;2;8
300.357/2018;191;2;8
300.358/2021;192;2;8
300.362/2018;193;2;8
300.376/2022;194;2;8
300.378/2019;195;2;8
300.390/2021;196;2;8
300.392/2012;197;2;8
300.392/2020;198;2;8
300.393/2021;199;2;8
300.397/2019;200;2;8
300.405/2016;201;1;8
300.405/2020;202;2;8
300.406/2017;203;2;8
300.406/2019;204;2;8
300.406/2021;205;2;8
300.411/2020;206;2;8
300.412/2022;207;2;8
300.413/2010;208;2;8
300.418/2021;209;2;8
300.423/2010;210;2;8
300.425/2018;211;2;8
300.429/2020;212;2;8
300.429/2021;213;2;8
300.435/2018;214;2;8
300.436/2018;215;2;8
300.442/2018;216;2;8
300.445/2013;217;1;8
300.446/2009;219;2;8
300.452/2018;220;2;8
300.455/2018;221;2;8
300.462/2022;222;2;8
300.463/2017;223;2;8
300.466/2019;224;2;8
300.466/2021;225;2;8
300.470/2021;226;2;8
300.474/2017;227;2;8
300.486/2020;228;2;8
300.490/2022;229;2;8
300.494/2019;230;2;8
300.496/2017;231;2;8
300.496/2018;232;2;8
300.499/2010;233;2;8
300.500/2017;234;2;8
300.502/2020;235;2;8
300.504/2012;236;1;8
300.510/2021;237;2;8
300.514/2019;238;2;8
300.517/2018;239;2;8
300.522/2017;240;2;8
300.526/2021;241;2;8
300.529/2010;242;2;8
300.534/2018;243;2;8
300.535/2009;244;2;8
300.538/2022;245;2;8
300.539/2017;246;2;8
300.543/2022;247;2;8
300.544/2011;248;1;8
300.544/2017;249;2;8
300.548/2012;250;2;8
300.552/2011;251;1;8
300.553/2016;252;2;8
300.553/2018;253;1;8
300.554/2021;254;2;8
300.567/2018;255;2;8
300.574/2018;256;2;8
300.578/2019;257;2;8
300.579/2019;258;2;8
300.580/2019;259;2;8
300.586/2021;260;2;8
300.588/2021;261;2;8
300.592/2017;262;2;8
300.592/2018;263;2;8
300.599/2010;264;2;8
300.599/2012;265;2;8
300.599/2018;266;2;8
300.605/2022;267;2;8
300.608/2019;268;2;8
300.609/2022;269;2;8
300.621/2021;270;2;8
300.632/2011;271;2;8
300.637/2014;272;2;8
300.638/2021;273;2;8
300.639/2021;274;2;8
300.650/2010;275;2;8
300.650/2019;276;2;8
300.666/2020;277;2;8
300.668/2019;278;2;8
300.669/2016;279;2;8
300.669/2018;280;2;8
300.671/2018;281;2;8
300.677/2021;282;2;8
300.678/2018;283;2;8
300.682/2019;284;2;8
300.682/2022;285;2;8
300.684/2009;286;2;8
300.684/2019;287;2;8
300.686/2021;288;2;8
300.691/2020;289;2;8
300.692/2021;290;2;8
300.695/2017;291;2;8
300.696/2017;292;2;8
300.697/2021;293;2;8
300.698/2011;294;1;8
300.707/2018;295;2;8
300.713/2017;296;2;8
300.714/2017;297;2;8
300.716/2019;298;2;8
300.730/2014;299;1;8
300.730/2020;300;2;8
300.731/2013;301;2;8
300.733/2019;302;2;8
300.737/2020;303;2;8
300.739/2019;304;2;8
300.740/2020;305;2;8
300.743/2021;306;2;8
300.744/2021;307;2;8
300.745/2020;308;2;8
300.747/2019;309;2;8
300.760/2018;310;2;8
300.761/2019;311;2;8
300.762/2013;312;1;8
300.762/2021;313;2;8
300.765/2016;314;2;8
300.769/2021;315;2;8
300.771/2011;316;2;8
300.773/2016;317;1;8
300.774/2018;318;2;8
300.775/2017;319;2;8
300.776/2017;320;1;8
300.777/2017;321;1;8
300.778/2017;322;1;8
300.780/2017;323;1;8
300.782/2012;324;1;8
300.787/2020;325;2;8
300.790/2017;326;2;8
300.795/2021;327;2;8
300.797/2021;328;2;8
300.798/2021;329;2;8
300.800/2018;330;2;8
300.802/2017;331;1;8
300.802/2021;332;2;8
300.803/2017;333;1;8
300.808/2017;334;2;8
300.809/2019;335;2;8
300.813/2018;336;2;8
300.818/2010;337;2;8
300.819/2009;338;2;8
300.823/2009;339;1;8
300.825/2018;340;2;8
300.828/2017;341;2;8
300.830/2017;342;2;8
300.831/2021;343;2;8
300.833/2009;344;2;8
300.835/2009;345;1;8
300.845/2016;346;2;8
300.847/2017;347;2;8
300.848/2020;348;2;8
300.849/2017;349;2;8
300.851/2018;350;2;8
300.853/2011;351;2;8
300.855/2016;352;2;8
300.857/2016;353;2;8
300.858/2017;354;2;8
300.860/2019;355;2;8
300.861/2019;356;2;8
300.865/2019;357;2;8
300.866/2019;358;2;8
300.868/2016;359;2;8
300.868/2018;360;2;8
300.870/2018;361;2;8
300.872/2021;362;2;8
300.880/2010;363;1;8
300.880/2011;364;2;8
300.883/2020;365;2;8
300.886/2020;366;2;8
300.893/2011;367;2;8
300.907/2020;368;2;8
300.914/2020;369;2;8
300.917/2017;370;2;8
300.918/2017;371;2;8
300.921/2019;372;2;8
300.927/2019;373;2;8
300.932/2019;374;2;8
300.941/2016;375;2;8
300.943/2020;376;2;8
300.945/2019;377;2;8
300.948/2016;378;2;8
300.951/2016;379;2;8
300.952/2016;380;2;8
300.953/2016;381;2;8
300.963/2011;382;1;8
300.967/2016;383;1;8
300.967/2021;384;2;8
300.971/2019;385;2;8
300.973/2020;386;2;8
300.975/2009;387;2;8
300.977/2016;388;2;8
300.978/2016;389;2;8
300.989/2020;390;2;8
300.993/2009;391;1;8
300.993/2019;392;2;8
300.994/2013;393;2;8
301.003/2021;394;2;8
301.006/2020;395;2;8
301.009/2020;396;2;8
301.025/2019;397;2;8
301.036/2020;398;2;8
301.038/2016;399;2;8
301.041/2019;400;2;8
301.046/2013;401;2;8
301.054/2013;402;1;8
301.057/2016;403;2;8
301.060/2016;404;2;8
301.063/2019;405;2;8
301.065/2019;406;2;8
301.070/2021;407;2;8
301.072/2020;408;2;8
301.089/2011;409;2;8
301.093/2020;410;2;8
301.095/2020;411;2;8
301.102/2020;412;2;8
301.107/2020;413;2;8
301.112/2021;414;2;8
301.113/2021;415;2;8
301.117/2021;416;2;8
301.123/2021;417;2;8
301.140/2020;418;2;8
301.147/2009;419;2;8
301.156/2021;420;2;8
301.162/2011;421;2;8
301.184/2021;422;2;8
301.197/2010;423;2;8
301.221/2016;424;2;8
301.222/2021;425;2;8
301.229/2013;426;1;8
301.229/2020;427;2;8
301.230/2020;428;2;8
301.236/2020;429;2;8
301.263/2020;430;2;8
301.289/2020;431;2;8
301.296/2021;432;2;8
301.297/2021;433;2;8
301.319/2020;434;2;8
301.324/2020;435;2;8
301.326/2020;436;2;8
301.398/2009;437;2;8
302.239/2015;438;2;8
302.248/2015;439;2;8
302.456/2015;440;1;8
302.494/2015;441;1;8
302.590/2015;442;2;8
302.608/2015;443;2;8
302.645/2015;444;2;8
302.727/2015;445;1;8
302.796/2015;446;2;8
302.902/2015;447;2;8
303.043/2017;448;2;8
303.053/2015;449;2;8
303.055/2017;450;2;8
303.079/2017;451;2;8
303.080/2017;452;2;8
303.093/2017;453;2;8
303.094/2017;454;2;8
303.102/2017;455;2;8
303.114/2017;456;2;8
303.115/2017;457;2;8
303.118/2018;458;2;8
303.125/2018;459;2;8
303.145/2017;460;1;8
303.147/2017;461;2;8
303.190/2017;462;2;8
303.198/2018;463;2;8
303.206/2018;464;2;8
303.220/2018;465;2;8
303.221/2018;466;2;8
303.241/2018;467;2;8
303.286/2018;468;2;8
303.306/2018;469;2;8
303.307/2018;470;2;8
303.359/2018;471;2;8
303.360/2018;472;2;8
303.403/2018;473;2;8
304.101/2017;474;1;8
751.959/1996;475;1;8
800.003/2016;476;3;8
800.004/2012;477;3;8
800.007/2012;478;3;8
800.009/2012;479;3;8
800.010/2012;480;3;8
800.028/2017;481;3;8
800.034/2012;482;3;8
800.038/2015;483;3;8
800.050/2017;484;3;8
800.052/2017;485;3;8
800.055/2017;486;3;8
800.056/2017;487;3;8
800.070/2012;488;3;8
800.075/2010;489;3;8
800.102/2007;490;3;8
800.108/2017;491;3;8
800.109/2009;492;3;8
800.137/2018;493;3;8
800.145/2019;494;3;8
800.146/2011;495;3;8
800.147/2011;496;3;8
800.148/2011;497;3;8
800.149/2011;498;3;8
800.150/2011;499;3;8
800.151/2011;500;3;8
800.154/2011;501;3;8
800.162/1976;502;1;8
800.178/2016;503;3;8
800.181/2019;504;3;8
800.184/2013;505;1;8
800.184/2019;506;3;8
800.200/2019;507;3;8
800.212/2013;508;3;8
800.239/2016;509;3;8
800.242/2017;510;3;8
800.245/2015;511;3;8
800.259/2016;512;3;8
800.264/2012;513;3;8
800.266/2012;514;3;8
800.268/2012;515;3;8
800.285/2019;516;1;8
800.309/2014;517;3;8
800.313/2018;518;3;8
800.314/2017;519;3;8
800.316/2012;520;3;8
800.325/2012;521;3;8
800.332/2014;522;3;8
800.357/2016;523;3;8
800.364/2017;524;3;8
800.367/2016;525;3;8
800.370/2017;526;3;8
800.373/2016;527;3;8
800.374/2016;528;3;8
800.375/2014;529;3;8
800.378/2009;530;3;8
800.386/2015;531;3;8
800.393/2012;532;3;8
800.399/2011;533;3;8
800.401/2012;534;3;8
800.418/2015;535;3;8
800.424/2013;536;3;8
800.427/2011;537;3;8
800.436/2014;538;3;8
800.444/2015;539;3;8
800.444/2017;540;3;8
800.447/2015;541;3;8
800.452/2015;542;1;8
800.454/2015;543;1;8
800.455/2015;544;3;8
800.457/2012;545;3;8
800.467/2007;547;1;8
800.471/2017;550;1;8
800.476/2009;551;3;8
800.477/2017;552;3;8
800.479/2014;553;3;8
800.480/2014;554;3;8
800.483/1994;555;1;8
800.490/2012;556;3;8
800.493/2011;557;3;8
800.506/2014;558;3;8
800.511/2016;559;3;8
800.512/2016;560;3;8
800.545/2017;561;3;8
800.547/2017;562;3;8
800.549/2013;563;3;8
800.551/2011;564;3;8
800.551/2013;565;3;8
800.586/2010;566;3;8
800.586/2011;567;3;8
800.595/2012;568;1;8
800.604/2012;569;3;8
800.605/2017;570;3;8
800.608/2016;571;3;8
800.613/2011;572;3;8
800.614/2011;573;3;8
800.618/2014;574;3;8
800.620/2013;575;1;8
800.625/2017;576;3;8
800.628/2011;577;3;8
800.635/2013;578;3;8
800.650/2016;579;3;8
800.669/2015;580;3;8
800.670/2015;581;3;8
800.672/2016;582;3;8
800.679/2007;583;3;8
800.680/2011;584;3;8
800.687/2016;585;3;8
800.699/2016;586;3;8
800.704/2014;587;3;8
800.715/2021;588;1;8
800.716/2014;589;3;8
800.718/2008;590;3;8
800.761/2012;591;3;8
800.762/2012;592;3;8
800.762/2015;593;3;8
800.778/2011;594;3;8
800.780/2010;595;3;8
800.807/2012;596;3;8
800.856/2012;597;3;8
800.898/2010;598;3;8
800.902/2010;599;3;8
800.925/2012;600;3;8
800.956/2010;601;3;8
801.028/2010;602;3;8
801.028/2012;603;3;8
801.038/2012;604;3;8
801.040/2010;605;3;8
801.071/1976;606;1;8
801.111/2011;607;3;8
801.113/2011;608;3;8
801.115/2011;609;3;8
801.116/2011;610;3;8
802.536/1977;611;1;8
802.686/1977;612;1;8
803.008/2009;613;3;8
803.010/2010;614;3;8
803.010/2018;615;3;8
803.011/2009;616;3;8
803.022/2020;617;1;8
803.024/2020;618;1;8
803.026/2007;619;3;8
803.032/2013;620;3;8
803.033/2013;621;3;8
803.034/2013;622;3;8
803.035/2013;623;3;8
803.037/2017;624;3;8
803.039/2011;625;3;8
803.039/2013;626;3;8
803.041/2017;627;3;8
803.054/2005;628;3;8
803.057/2018;629;3;8
803.070/2015;630;3;8
803.073/2009;631;3;8
803.073/2017;632;3;8
803.077/2009;633;3;8
803.079/2007;634;3;8
803.080/2020;635;1;8
803.081/2011;636;3;8
803.081/2016;637;3;8
803.094/2009;638;3;8
803.103/2014;639;3;8
803.111/2012;640;3;8
803.112/2012;641;3;8
803.113/2014;642;3;8
803.127/1975;643;1;8
803.141/2009;644;3;8
803.143/2009;645;3;8
803.156/2013;646;3;8
803.157/2018;647;3;8
803.164/2018;648;3;8
803.176/2008;649;3;8
803.178/2009;650;3;8
803.178/2015;651;3;8
803.184/2014;652;3;8
803.186/2014;653;3;8
803.187/2014;654;3;8
803.189/2014;655;3;8
803.202/2017;656;3;8
803.207/2013;657;3;8
803.207/2015;658;3;8
803.208/2013;659;3;8
803.209/2013;660;3;8
803.210/2013;661;3;8
803.211/2013;662;3;8
803.212/2013;663;3;8
803.215/2010;664;3;8
803.217/2010;665;3;8
803.218/2010;666;3;8
803.219/2010;667;3;8
803.220/2010;668;3;8
803.239/2011;669;3;8
803.247/2012;670;3;8
803.248/2012;671;3;8
803.249/2012;672;3;8
803.272/2016;673;3;8
803.273/2013;674;3;8
803.284/2010;675;3;8
803.306/2013;676;3;8
803.308/2012;677;3;8
803.308/2013;678;3;8
803.311/2012;679;3;8
803.322/2012;680;3;8
803.346/2010;681;3;8
803.347/2010;682;3;8
803.348/2013;683;1;8
803.349/2010;684;3;8
803.350/2010;685;3;8
803.351/2010;686;3;8
803.352/2010;687;3;8
803.359/2011;688;3;8
803.378/2008;689;3;8
803.383/2008;690;3;8
803.393/2011;691;3;8
803.411/2009;692;3;8
803.414/2011;693;3;8
803.428/2010;694;3;8
803.449/2012;695;1;8
803.486/2009;696;3;8
803.487/2009;697;3;8
803.528/2011;698;3;8
803.543/2011;699;3;8
803.576/2011;700;3;8
803.581/2011;701;3;8
803.591/2011;702;3;8
803.592/2011;703;3;8
803.594/2011;704;3;8
803.608/2011;705;3;8
803.618/2008;706;3;8
803.667/2011;707;3;8
803.754/2008;708;3;8
803.758/2008;709;3;8
803.759/2008;710;3;8
803.768/2008;711;3;8
803.769/2008;712;3;8
803.770/2011;713;3;8
803.772/2008;714;3;8
803.806/2008;715;3;8
804.225/2008;716;3;8
804.247/2008;717;3;8
804.261/2008;718;3;8
804.291/2008;719;3;8
804.295/2008;720;3;8
804.309/2008;721;3;8
804.346/2008;722;3;8
804.451/2008;723;3;8
804.490/2008;724;3;8
804.491/2008;725;3;8
804.492/2008;726;3;8
806.012/2008;727;3;8
806.016/2014;728;3;8
806.017/2014;729;3;8
806.018/2014;730;3;8
806.019/2015;731;3;8
806.022/2015;732;3;8
806.034/2016;733;3;8
806.035/2013;734;3;8
806.038/2015;735;3;8
806.038/2016;736;3;8
806.041/2007;737;3;8
806.043/2017;738;3;8
806.080/2018;739;3;8
806.082/2013;740;3;8
806.092/2017;741;3;8
806.093/2014;742;3;8
806.094/2014;743;3;8
806.114/2014;744;3;8
806.114/2016;745;3;8
806.122/2015;746;3;8
806.125/2017;747;3;8
806.135/2015;748;3;8
806.141/2014;749;3;8
806.189/2013;750;3;8
806.196/2012;751;3;8
806.206/2012;752;3;8
806.216/2009;753;3;8
806.217/2009;754;3;8
806.218/2009;755;3;8
806.219/2009;756;3;8
806.220/2007;757;3;8
806.220/2009;758;3;8
806.221/2009;759;3;8
806.222/2009;760;3;8
806.223/2009;761;3;8
806.228/2012;762;3;8
806.234/2012;763;3;8
806.243/2007;764;3;8
806.244/2007;765;3;8
806.249/2011;766;3;8
806.282/2007;767;3;8
806.283/2007;768;3;8
806.288/2012;769;3;8
806.309/2010;770;1;8
806.324/2012;771;3;8
806.325/2012;772;3;8
806.326/2012;773;3;8
806.460/2011;774;3;8
806.683/2010;775;3;8
807.064/1971;776;1;8
808.574/1975;777;1;8
810.011/2014;778;3;8
810.022/2018;779;3;8
810.045/2015;780;3;8
810.058/2018;781;3;8
810.081/2017;782;3;8
810.088/2016;783;3;8
810.100/1993;784;1;8
810.101/1993;785;1;8
810.117/2018;786;3;8
810.119/2015;787;3;8
810.119/2018;788;3;8
810.122/2002;789;1;8
810.132/2018;790;3;8
810.182/2015;791;3;8
810.196/2013;792;3;8
810.197/2010;793;3;8
810.224/2015;794;3;8
810.244/2018;795;3;8
810.254/2017;796;3;8
810.260/2018;797;3;8
810.283/2015;798;1;8
810.285/2015;799;3;8
810.288/2011;800;3;8
810.291/2014;801;3;8
810.293/2017;802;3;8
810.308/2010;803;3;8
810.337/2019;804;3;8
810.346/2017;805;3;8
810.348/2015;806;3;8
810.352/2017;807;3;8
810.358/2012;808;1;8
810.367/2011;809;1;8
810.387/2015;810;3;8
810.395/2018;811;3;8
810.413/2017;812;3;8
810.424/2015;813;3;8
810.432/1981;814;1;8
810.443/2012;815;1;8
810.451/2011;816;1;8
810.477/1990;817;1;8
810.480/2010;818;3;8
810.487/2017;819;3;8
810.499/2013;820;1;8
810.502/2017;821;3;8
810.516/2012;822;3;8
810.518/2012;823;3;8
810.522/2017;824;3;8
810.531/2011;825;1;8
810.533/2013;826;3;8
810.534/2009;827;3;8
810.569/2006;828;3;8
810.571/2004;829;1;8
810.578/2018;830;3;8
810.581/2016;831;3;8
810.587/2020;832;2;8
810.596/2014;833;3;8
810.610/2014;834;3;8
810.628/2006;835;3;8
810.652/2017;836;3;8
810.655/2013;837;3;8
810.675/2014;838;3;8
810.676/2010;839;3;8
810.679/2017;840;3;8
810.694/2015;841;3;8
810.699/2007;842;3;8
810.758/2017;843;3;8
810.786/2016;844;3;8
810.789/2018;845;3;8
810.797/2016;846;3;8
810.806/2021;847;1;8
810.813/2014;848;3;8
810.814/2014;849;3;8
810.818/2006;850;1;8
810.818/2015;851;1;8
810.840/2006;852;3;8
810.878/2010;853;3;8
810.880/2017;854;3;8
810.907/2009;855;3;8
810.932/2011;856;1;8
810.941/2011;857;1;8
810.944/2017;858;3;8
810.953/2017;859;3;8
810.983/2015;860;3;8
810.984/2015;861;3;8
811.035/2012;862;3;8
811.043/2016;863;3;8
811.049/2015;864;3;8
811.058/2017;865;3;8
811.070/2017;866;3;8
811.075/2012;867;3;8
811.091/2012;868;3;8
811.102/2014;869;3;8
811.123/2015;870;3;8
811.152/2017;871;3;8
811.162/2016;872;3;8
811.184/2017;873;3;8
811.185/2017;874;3;8
811.187/2010;875;3;8
811.196/2016;876;3;8
811.212/2011;877;3;8
811.279/2011;878;3;8
811.324/2012;879;3;8
811.327/2014;880;3;8
811.361/1995;881;1;8
811.423/2013;882;3;8
811.430/2014;883;3;8
811.433/2014;884;3;8
811.439/2015;885;3;8
811.495/2012;886;3;8
811.511/2013;887;1;8
811.575/2015;888;3;8
811.592/2015;889;3;8
811.653/2015;890;3;8
811.654/2015;891;3;8
811.664/2015;892;3;8
811.674/2014;893;3;8
811.715/2015;894;3;8
811.722/2015;895;3;8
811.764/2015;896;3;8
812.594/1968;897;1;8
815.009/2012;898;3;8
815.011/2017;899;3;8
815.023/2008;900;3;8
815.024/2008;901;3;8
815.037/2017;902;3;8
815.110/2018;903;3;8
815.115/2016;904;3;8
815.177/2011;905;3;8
815.192/2015;906;3;8
815.219/2013;907;3;8
815.220/2018;908;3;8
815.229/2009;909;3;8
815.230/2013;910;3;8
815.232/2013;911;3;8
815.344/2016;912;1;8
815.350/2008;913;3;8
815.368/2017;914;3;8
815.370/2018;915;3;8
815.372/2018;916;3;8
815.404/2016;917;1;8
815.411/2017;918;3;8
815.426/2010;919;3;8
815.427/2015;920;3;8
815.483/2015;921;3;8
815.492/2015;922;3;8
815.497/2015;923;3;8
815.502/2015;924;3;8
815.503/2013;925;3;8
815.506/2011;926;3;8
815.509/2012;927;3;8
815.531/2015;928;3;8
815.536/2011;929;3;8
815.565/2008;930;3;8
815.579/2014;931;3;8
815.581/2016;932;3;8
815.608/2010;933;3;8
815.620/2010;934;3;8
815.642/2015;935;3;8
815.661/2011;936;3;8
815.694/2016;937;3;8
815.705/2004;938;3;8
815.722/2016;939;3;8
815.726/2010;940;3;8
815.741/2016;941;3;8
815.742/2016;942;3;8
815.749/2012;943;3;8
815.750/2012;944;3;8
815.751/2007;945;3;8
815.758/2010;946;3;8
815.760/2016;947;3;8
815.763/2017;948;3;8
815.773/2015;949;3;8
815.775/2017;950;3;8
815.819/2011;951;3;8
815.846/2010;952;3;8
815.850/2010;953;3;8
815.852/2011;954;3;8
815.857/2016;955;3;8
815.891/2016;956;3;8
815.945/2010;957;3;8
816.077/2013;958;3;8
816.114/2013;959;3;8
820.010/2010;960;3;8
820.016/2005;961;3;8
820.035/2015;962;3;8
820.066/2012;963;3;8
820.067/2012;964;3;8
820.078/2014;965;3;8
820.079/2014;966;3;8
820.081/2014;967;3;8
820.085/2016;968;3;8
820.086/2006;969;3;8
820.099/2015;970;3;8
820.103/2016;971;3;8
820.138/2017;972;3;8
820.146/2018;973;3;8
820.154/2002;974;1;8
820.154/2011;975;3;8
820.181/2020;976;1;8
820.187/2019;977;3;8
820.193/2018;978;3;8
820.195/2017;979;1;8
820.205/2011;980;3;8
820.207/2018;981;3;8
820.209/2017;982;1;8
820.212/2017;983;3;8
820.238/2010;984;3;8
820.252/2018;985;3;8
820.273/2004;986;3;8
820.306/2011;987;3;8
820.311/1980;988;1;8
820.313/2009;989;3;8
820.318/2008;990;3;8
820.319/2008;991;3;8
820.320/2008;992;3;8
820.332/2016;993;3;8
820.351/2013;994;3;8
820.366/2017;995;3;8
820.381/2010;996;3;8
820.400/2015;997;3;8
820.408/2006;998;3;8
820.416/2021;999;1;8
820.438/2012;1000;3;8
820.438/2016;1001;3;8
820.439/1990;1002;1;8
820.439/2011;1003;1;8
820.441/2012;1004;3;8
820.452/2012;1005;3;8
820.458/2006;1006;1;8
820.468/2006;1007;3;8
820.478/2015;1008;1;8
820.481/2010;1009;3;8
820.534/2014;1010;3;8
820.542/2016;1011;3;8
820.543/2010;1012;3;8
820.547/2008;1013;3;8
820.553/2013;1014;3;8
820.554/2010;1015;3;8
820.569/2014;1016;3;8
820.588/2017;1017;3;8
820.598/2018;1018;3;8
820.612/2004;1019;3;8
820.636/2018;1020;3;8
820.656/2016;1021;3;8
820.670/2011;1022;3;8
820.675/1984;1023;1;8
820.682/2012;1024;3;8
820.723/2003;1025;3;8
820.724/2007;1026;3;8
820.738/2016;1027;3;8
820.743/2015;1028;3;8
820.748/2016;1029;3;8
820.757/2007;1030;3;8
820.796/2015;1031;3;8
820.806/2015;1032;3;8
820.829/2016;1033;3;8
820.837/2016;1034;3;8
820.841/2011;1035;3;8
820.848/2016;1036;3;8
820.851/2015;1037;3;8
820.855/2011;1038;3;8
820.855/2012;1039;3;8
820.856/2011;1040;3;8
820.858/2011;1041;3;8
820.869/2011;1042;3;8
820.870/2011;1043;3;8
820.872/2013;1044;3;8
820.874/2013;1045;3;8
820.892/2016;1046;3;8
820.896/2015;1047;3;8
820.899/2001;1048;1;8
820.909/2009;1049;3;8
820.910/2010;1050;1;8
820.922/2012;1051;3;8
820.923/2012;1052;3;8
820.924/2012;1053;3;8
820.944/2008;1054;3;8
820.967/2008;1055;3;8
820.988/2014;1056;1;8
820.992/2011;1057;3;8
820.996/2000;1058;1;8
821.085/2010;1059;3;8
821.107/2014;1060;3;8
821.149/2002;1061;1;8
821.150/2014;1062;3;8
821.172/2012;1063;3;8
821.174/2013;1064;3;8
821.186/2014;1065;3;8
821.216/2014;1066;3;8
821.263/2014;1067;3;8
821.282/2014;1068;3;8
821.307/2014;1069;3;8
821.332/2013;1070;3;8
821.353/2014;1071;3;8
821.521/2013;1072;3;8
826.008/2016;1073;3;8
826.022/2016;1074;3;8
826.065/2018;1075;3;8
826.177/2018;1076;3;8
826.181/2015;1077;1;8
826.182/2016;1078;3;8
826.183/2013;1079;3;8
826.184/2013;1080;3;8
826.186/2013;1081;3;8
826.203/2011;1082;3;8
826.208/2018;1083;3;8
826.224/2013;1084;3;8
826.238/2013;1085;3;8
826.262/2014;1086;3;8
826.265/2017;1087;3;8
826.281/2015;1088;3;8
826.292/2017;1089;3;8
826.314/2014;1090;3;8
826.357/2016;1091;3;8
826.360/2015;1092;3;8
826.365/2015;1093;3;8
826.379/2016;1094;3;8
826.393/2017;1095;3;8
826.394/2016;1096;3;8
826.417/2019;1097;2;8
826.419/2005;1098;3;8
826.431/2013;1099;3;8
826.442/2017;1100;3;8
826.466/2017;1101;3;8
826.467/2016;1102;3;8
826.476/2010;1103;3;8
826.481/2016;1104;3;8
826.485/2014;1105;3;8
826.485/2016;1106;3;8
826.486/2016;1107;3;8
826.487/2016;1108;3;8
826.491/2017;1109;3;8
826.497/2014;1110;3;8
826.515/2017;1111;3;8
826.518/2002;1112;3;8
826.525/2016;1113;3;8
826.526/2011;1114;3;8
826.544/2016;1115;3;8
826.553/2017;1116;3;8
826.554/2016;1117;3;8
826.554/2017;1118;3;8
826.592/2006;1119;3;8
826.607/2017;1120;3;8
826.623/2013;1121;3;8
826.635/2016;1122;3;8
826.647/2016;1123;3;8
826.671/2014;1124;3;8
826.672/2014;1125;3;8
826.697/2021;1126;2;8
826.776/2016;1127;3;8
830.008/2004;1128;3;8
830.015/2015;1129;3;8
830.027/2019;1130;3;8
830.031/2014;1131;3;8
830.034/2019;1132;3;8
830.093/2011;1133;3;8
830.101/2017;1134;1;8
830.108/2004;1135;1;8
830.115/2019;1136;3;8
830.122/2016;1137;3;8
830.144/2018;1138;3;8
830.147/2011;1139;3;8
830.185/2018;1140;3;8
830.186/2018;1141;3;8
830.189/2016;1142;3;8
830.229/1999;1143;1;8
830.249/2018;1144;3;8
830.254/2010;1145;3;8
830.270/2007;1146;3;8
830.271/2002;1147;3;8
830.280/2005;1148;1;8
830.332/2007;1149;3;8
830.367/2020;1150;1;8
830.379/2020;1151;1;8
830.415/2013;1152;3;8
830.442/2015;1153;3;8
830.443/2009;1154;3;8
830.451/2008;1155;3;8
830.470/2021;1156;2;8
830.493/2015;1157;3;8
830.507/2008;1158;3;8
830.519/2017;1159;3;8
830.520/2017;1160;3;8
830.523/2017;1161;3;8
830.539/2016;1162;3;8
830.557/2011;1163;3;8
830.600/2013;1164;3;8
830.601/2014;1165;3;8
830.644/2018;1166;3;8
830.647/2018;1167;3;8
830.652/2018;1168;3;8
830.666/2016;1169;3;8
830.680/2011;1170;3;8
830.686/2016;1171;3;8
830.690/2016;1172;3;8
830.709/2005;1173;3;8
830.714/2016;1174;3;8
830.737/2020;1175;1;8
830.775/2021;1176;1;8
830.780/2017;1177;3;8
830.800/2018;1178;3;8
830.810/2021;1179;2;8
830.819/2017;1180;3;8
830.824/2021;1181;2;8
830.847/2011;1182;3;8
830.857/2019;1183;3;8
830.871/2012;1184;1;8
830.875/2019;1185;3;8
830.882/2017;1186;3;8
830.918/1984;1187;1;8
830.924/1990;1188;1;8
830.933/2013;1189;3;8
830.939/2008;1190;3;8
830.964/2010;1191;3;8
830.971/2011;1192;3;8
830.994/2006;1193;3;8
831.015/2010;1194;3;8
831.018/2011;1195;3;8
831.073/2006;1196;3;8
831.084/2019;1197;3;8
831.087/2011;1198;3;8
831.091/2004;1199;3;8
831.106/2015;1200;3;8
831.120/2019;1201;3;8
831.130/2009;1202;3;8
831.133/2000;1203;3;8
831.134/2019;1204;3;8
831.136/2020;1205;1;8
831.148/2016;1206;3;8
831.157/2012;1207;3;8
831.161/2010;1208;3;8
831.161/2018;1209;3;8
831.165/2015;1210;3;8
831.173/2021;1211;2;8
831.207/1996;1212;1;8
831.255/2016;1213;3;8
831.276/2015;1214;3;8
831.293/2016;1215;3;8
831.299/2017;1216;3;8
831.300/2015;1217;3;8
831.301/2017;1218;3;8
831.319/2020;1219;1;8
831.320/2020;1220;1;8
831.330/2011;1221;3;8
831.365/2016;1222;3;8
831.380/2016;1223;3;8
831.415/2000;1224;1;8
831.421/2011;1225;3;8
831.429/1989;1226;1;8
831.442/2016;1227;3;8
831.451/2015;1228;3;8
831.484/2005;1229;1;8
831.550/2016;1230;3;8
831.556/2018;1231;3;8
831.565/2016;1232;3;8
831.578/2014;1233;3;8
831.580/1989;1234;1;8
831.610/2013;1235;3;8
831.661/2002;1236;1;8
831.691/2016;1237;3;8
831.704/2001;1238;3;8
831.725/2014;1239;3;8
831.726/2016;1240;3;8
831.729/2014;1241;3;8
831.752/2007;1242;3;8
831.785/2015;1243;3;8
831.794/2003;1244;3;8
831.822/2012;1245;3;8
831.847/2014;1246;3;8
831.849/2017;1247;3;8
831.859/2014;1248;3;8
831.862/2016;1249;3;8
831.925/2013;1250;3;8
831.977/2016;1251;3;8
831.988/2013;1252;3;8
832.021/2016;1253;3;8
832.024/2011;1254;1;8
832.045/2017;1255;3;8
832.059/2013;1256;3;8
832.070/2016;1257;3;8
832.082/2016;1258;3;8
832.152/2016;1259;3;8
832.155/2009;1260;3;8
832.181/2016;1261;3;8
832.186/2014;1262;3;8
832.202/2014;1263;3;8
832.207/2015;1264;3;8
832.215/2014;1265;3;8
832.226/2015;1266;3;8
832.239/2014;1267;3;8
832.257/2016;1268;3;8
832.308/2018;1269;3;8
832.312/2014;1270;3;8
832.312/2016;1271;3;8
832.321/2016;1272;3;8
832.335/2014;1273;3;8
832.378/2008;1274;3;8
832.378/2016;1275;3;8
832.392/2016;1276;3;8
832.422/2015;1277;3;8
832.442/2013;1278;3;8
832.456/2014;1279;3;8
832.507/2007;1280;3;8
832.511/2015;1281;3;8
832.513/2015;1282;3;8
832.514/2015;1283;3;8
832.520/2015;1284;3;8
832.526/2008;1285;3;8
832.573/2016;1286;3;8
832.582/2015;1287;3;8
832.626/2010;1288;3;8
832.645/2012;1289;3;8
832.646/2012;1290;3;8
832.647/2012;1291;3;8
832.650/2016;1292;3;8
832.657/2014;1293;1;8
832.669/2016;1294;3;8
832.701/2016;1295;3;8
832.705/2016;1296;3;8
832.706/2015;1297;3;8
832.726/2012;1298;3;8
832.741/2011;1299;3;8
832.751/2016;1300;1;8
832.821/2004;1301;1;8
832.844/2016;1302;3;8
832.898/2013;1303;3;8
832.936/2015;1304;3;8
832.957/2012;1305;3;8
832.995/2013;1306;3;8
832.999/2005;1307;3;8
833.021/2015;1308;3;8
833.026/2014;1309;3;8
833.034/2015;1310;3;8
833.036/2015;1311;3;8
833.037/2014;1312;3;8
833.065/2014;1313;3;8
833.124/2012;1314;3;8
833.127/2015;1315;3;8
833.158/2013;1316;3;8
833.189/2015;1317;3;8
833.256/2012;1318;3;8
833.270/2012;1319;3;8
833.273/2014;1320;3;8
833.287/2015;1321;3;8
833.289/2012;1322;3;8
833.298/2006;1323;3;8
833.321/2013;1324;3;8
833.331/2014;1325;3;8
833.340/2012;1326;1;8
833.388/2004;1327;3;8
833.399/2010;1328;3;8
833.402/2014;1329;3;8
833.429/2013;1330;3;8
833.434/2013;1331;3;8
833.499/2014;1332;3;8
833.562/2014;1333;3;8
833.565/2012;1334;3;8
833.608/2013;1335;3;8
833.617/2007;1336;3;8
833.630/2012;1337;3;8
833.662/2012;1338;3;8
833.712/2012;1339;3;8
833.717/2011;1340;3;8
833.718/2011;1341;3;8
833.747/2012;1342;3;8
833.748/2012;1343;3;8
833.770/2013;1344;3;8
833.771/2008;1345;3;8
833.912/2013;1346;3;8
833.979/2013;1347;3;8
833.990/2013;1348;3;8
834.026/2013;1349;3;8
834.027/2013;1350;3;8
834.028/2013;1351;3;8
834.193/2011;1352;3;8
834.214/2010;1353;3;8
834.223/2011;1354;3;8
834.305/2008;1355;3;8
834.351/2011;1356;3;8
834.367/2012;1357;3;8
834.390/2010;1358;3;8
834.399/2008;1359;3;8
834.435/2011;1360;3;8
834.453/2011;1361;3;8
834.505/2010;1362;3;8
834.525/2008;1363;3;8
834.601/2008;1364;3;8
834.611/2007;1365;3;8
834.697/2007;1366;3;8
834.723/2010;1367;3;8
834.873/2008;1368;3;8
834.880/2008;1369;3;8
834.973/2010;1370;3;8
840.010/2018;1371;3;8
840.025/2011;1372;3;8
840.030/2015;1373;1;8
840.031/2011;1374;1;8
840.112/2015;1375;1;8
840.119/2017;1376;3;8
840.126/2015;1377;3;8
840.130/2017;1378;3;8
840.154/2017;1379;3;8
840.199/2013;1380;3;8
840.200/2013;1381;3;8
840.277/2012;1382;3;8
840.281/2016;1383;3;8
840.300/2016;1384;3;8
840.308/2016;1385;3;8
840.331/2014;1386;3;8
840.340/2016;1387;3;8
840.365/2012;1388;3;8
840.366/2012;1389;3;8
840.441/2011;1390;3;8
840.535/2017;1391;3;8
840.741/2012;1392;3;8
841.144/2011;1393;3;8
844.012/2013;1394;3;8
844.042/2018;1395;3;8
844.050/2016;1396;3;8
844.070/2015;1397;3;8
844.093/2013;1398;3;8
844.094/2013;1399;3;8
844.095/2013;1400;3;8
844.112/2014;1401;3;8
844.137/2013;1402;3;8
846.006/2019;1403;3;8
846.018/2007;1404;3;8
846.095/2020;1405;1;8
846.101/2020;1406;1;8
846.199/2017;1407;3;8
846.579/2011;1408;3;8
846.580/2011;1409;3;8
848.006/2012;1410;3;8
848.008/2017;1411;3;8
848.009/2019;1412;3;8
848.015/2015;1413;3;8
848.020/2013;1414;3;8
848.025/2017;1415;3;8
848.046/2018;1416;3;8
848.059/2013;1417;3;8
848.065/2016;1418;3;8
848.070/2015;1419;3;8
848.071/2013;1420;3;8
848.071/2017;1421;3;8
848.084/2019;1422;3;8
848.085/2016;1423;3;8
848.097/2016;1424;3;8
848.113/2017;1425;3;8
848.114/2017;1426;3;8
848.114/2018;1427;3;8
848.115/2017;1428;3;8
848.116/2018;1429;3;8
848.128/2016;1430;3;8
848.129/2006;1431;1;8
848.135/2009;1432;3;8
848.151/2014;1433;3;8
848.156/2015;1434;3;8
848.158/2010;1435;3;8
848.161/2012;1436;3;8
848.162/2018;1437;3;8
848.164/2011;1438;3;8
848.184/2015;1439;3;8
848.189/2014;1440;3;8
848.189/2017;1441;3;8
848.190/2017;1442;3;8
848.191/2017;1443;3;8
848.192/2017;1444;3;8
848.195/2012;1445;1;8
848.197/2017;1446;3;8
848.203/2011;1447;3;8
848.204/2018;1448;3;8
848.207/2016;1449;3;8
848.207/2017;1450;3;8
848.208/2017;1451;3;8
848.212/2017;1452;3;8
848.215/2013;1453;3;8
848.215/2015;1454;3;8
848.218/2017;1455;3;8
848.220/2017;1456;3;8
848.223/2013;1457;3;8
848.223/2016;1458;3;8
848.230/2015;1459;3;8
848.239/2018;1460;3;8
848.246/2018;1461;3;8
848.248/2018;1462;3;8
848.253/2017;1463;3;8
848.255/2019;1464;2;8
848.268/2014;1465;3;8
848.268/2016;1466;3;8
848.269/2017;1467;3;8
848.270/2017;1468;3;8
848.274/2017;1469;3;8
848.279/2018;1470;3;8
848.281/2010;1471;3;8
848.286/2016;1472;3;8
848.300/2018;1473;3;8
848.301/2012;1474;3;8
848.314/2016;1475;3;8
848.319/2016;1476;3;8
848.327/2015;1477;3;8
848.353/2011;1478;3;8
848.355/2011;1479;3;8
848.360/2010;1480;3;8
848.382/2012;1481;3;8
848.401/2013;1482;3;8
848.456/2011;1483;3;8
848.459/2008;1484;1;8
848.469/2011;1485;3;8
848.476/2011;1486;3;8
848.535/2008;1487;3;8
848.541/2008;1488;3;8
848.553/2008;1489;3;8
848.553/2010;1490;1;8
848.586/2007;1491;3;8
848.661/2010;1492;3;8
848.818/2011;1493;3;8
850.017/2012;1494;3;8
850.018/2015;1495;3;8
850.068/2015;1497;3;8
850.108/2015;1498;3;8
850.138/2018;1499;3;8
850.180/2015;1500;3;8
850.202/2016;1501;3;8
850.222/2002;1502;1;8
850.223/1988;1503;1;8
850.236/2018;1504;3;8
850.328/2000;1505;1;8
850.365/2010;1506;3;8
850.375/2015;1507;3;8
850.390/2014;1508;3;8
850.395/2015;1509;3;8
850.396/2012;1510;3;8
850.517/2019;1511;3;8
850.520/2012;1512;3;8
850.554/2016;1513;3;8
850.565/2016;1514;3;8
850.583/2017;1515;3;8
850.640/2015;1516;3;8
850.701/2012;1517;3;8
850.728/2015;1518;3;8
850.731/2016;1519;3;8
850.748/2017;1520;3;8
850.782/2017;1521;3;8
850.889/2010;1522;3;8
850.903/2012;1523;3;8
850.960/2010;1524;3;8
850.962/2011;1525;3;8
851.001/2016;1526;3;8
851.053/2013;1527;3;8
851.080/2013;1528;3;8
851.081/2013;1529;3;8
851.094/2005;1530;3;8
851.108/2014;1531;3;8
851.134/2013;1532;3;8
851.134/2017;1533;3;8
851.135/2013;1534;3;8
851.255/2013;1535;3;8
851.257/2008;1536;3;8
851.259/2008;1537;3;8
851.263/2008;1538;3;8
851.297/2017;1539;3;8
851.722/2013;1540;3;8
851.988/2013;1541;3;8
851.989/2013;1542;3;8
855.763/1994;1543;1;8
858.116/2012;1544;3;8
860.009/2020;1545;1;8
860.012/2015;1546;3;8
860.019/2019;1547;3;8
860.027/2018;1548;3;8
860.034/2016;1549;1;8
860.039/2004;1550;1;8
860.046/2017;1551;3;8
860.055/2020;1552;1;8
860.057/2018;1553;3;8
860.076/2013;1554;3;8
860.096/2010;1555;3;8
860.101/2018;1556;3;8
860.101/2019;1557;3;8
860.105/2016;1558;3;8
860.117/2016;1559;3;8
860.119/2014;1560;3;8
860.127/2018;1561;3;8
860.128/2013;1562;3;8
860.131/2017;1563;3;8
860.141/2018;1564;3;8
860.145/2017;1565;3;8
860.148/2014;1566;3;8
860.150/2016;1567;3;8
860.152/2018;1568;3;8
860.161/2015;1569;3;8
860.162/2013;1570;1;8
860.186/2012;1571;3;8
860.187/2015;1572;3;8
860.188/2016;1573;3;8
860.189/2016;1574;3;8
860.197/2015;1575;3;8
860.199/2007;1576;3;8
860.199/2018;1577;3;8
860.200/2015;1578;3;8
860.206/2013;1579;3;8
860.207/2013;1580;3;8
860.209/2018;1581;3;8
860.227/2018;1583;3;8
860.232/2019;1584;3;8
860.234/2017;1585;3;8
860.235/2016;1586;3;8
860.244/2016;1587;3;8
860.245/2016;1588;3;8
860.252/2013;1589;3;8
860.260/2016;1590;3;8
860.271/2012;1591;3;8
860.271/2019;1592;3;8
860.274/2017;1593;3;8
860.278/2018;1594;3;8
860.282/2018;1595;3;8
860.283/2018;1596;3;8
860.292/2015;1597;3;8
860.293/2015;1598;3;8
860.293/2016;1599;3;8
860.297/2017;1600;3;8
860.304/2014;1601;1;8
860.315/2019;1602;3;8
860.320/2021;1603;1;8
860.325/2015;1604;3;8
860.325/2018;1605;3;8
860.338/2020;1606;1;8
860.343/2019;1607;3;8
860.348/2017;1608;3;8
860.353/2003;1609;1;8
860.376/2012;1610;3;8
860.376/2016;1611;3;8
860.377/2012;1612;1;8
860.384/2016;1613;3;8
860.389/2013;1614;3;8
860.405/2016;1615;3;8
860.406/2016;1616;3;8
860.410/2014;1617;1;8
860.412/2019;1618;3;8
860.434/2013;1619;3;8
860.445/2018;1620;3;8
860.457/2020;1621;1;8
860.459/2015;1622;3;8
860.463/2016;1623;3;8
860.467/2015;1624;3;8
860.471/2018;1625;3;8
860.477/2018;1626;3;8
860.478/2019;1627;3;8
860.481/2017;1628;3;8
860.484/2019;1629;3;8
860.503/2016;1630;3;8
860.508/2019;1631;3;8
860.509/2019;1632;3;8
860.510/2019;1633;3;8
860.527/2016;1634;3;8
860.528/2014;1635;3;8
860.552/2014;1636;3;8
860.552/2017;1637;3;8
860.559/2020;1638;1;8
860.562/2017;1639;3;8
860.569/2014;1640;3;8
860.571/2015;1641;3;8
860.576/2016;1642;3;8
860.576/2018;1643;3;8
860.584/2017;1644;3;8
860.590/2012;1645;3;8
860.590/2014;1646;3;8
860.593/2017;1647;3;8
860.594/2017;1648;3;8
860.600/2011;1649;3;8
860.611/2016;1650;3;8
860.613/2010;1651;3;8
860.623/2016;1652;3;8
860.627/2010;1653;1;8
860.628/2012;1654;3;8
860.661/2020;1655;1;8
860.663/2016;1656;3;8
860.688/2018;1657;3;8
860.692/2018;1658;3;8
860.720/2017;1659;3;8
860.740/2009;1660;3;8
860.749/2018;1661;3;8
860.750/2006;1662;3;8
860.760/2018;1663;3;8
860.766/2005;1664;1;8
860.777/2020;1665;1;8
860.781/2017;1666;1;8
860.783/2019;1667;1;8
860.784/2017;1668;3;8
860.785/2013;1669;3;8
860.796/2017;1670;3;8
860.801/2017;1671;3;8
860.808/2010;1672;3;8
860.810/2018;1673;3;8
860.822/2017;1674;3;8
860.842/2017;1675;3;8
860.853/2019;1677;1;8
860.856/2012;1678;3;8
860.865/2015;1680;3;8
860.867/2015;1681;3;8
860.872/2016;1682;3;8
860.873/2016;1683;3;8
860.875/2018;1684;3;8
860.876/2011;1685;3;8
860.881/2011;1686;3;8
860.881/2016;1687;3;8
860.882/2011;1688;3;8
860.883/2011;1689;3;8
860.885/2011;1690;3;8
860.887/2011;1691;3;8
860.888/2011;1692;3;8
860.910/2008;1693;3;8
860.914/2013;1694;3;8
860.914/2015;1695;3;8
860.918/2013;1696;3;8
860.953/2009;1697;3;8
860.970/2009;1699;3;8
860.981/2015;1700;3;8
860.986/2014;1701;3;8
860.988/2016;1702;3;8
860.991/2012;1703;3;8
860.996/2017;1704;3;8
861.064/2021;1705;1;8
861.072/2015;1706;3;8
861.072/2017;1707;3;8
861.073/2017;1708;3;8
861.092/2016;1709;3;8
861.098/2015;1710;3;8
861.103/2013;1711;3;8
861.104/2016;1712;3;8
861.133/2016;1713;3;8
861.150/2011;1714;3;8
861.150/2014;1715;3;8
861.153/2010;1716;3;8
861.159/2016;1717;3;8
861.160/2016;1718;3;8
861.164/2012;1719;3;8
861.184/2016;1720;3;8
861.196/2011;1721;1;8
861.200/2015;1722;3;8
861.204/2015;1723;3;8
861.212/2013;1724;3;8
861.229/2016;1725;3;8
861.232/2016;1726;3;8
861.233/2016;1727;3;8
861.234/2016;1728;3;8
861.235/2016;1729;3;8
861.236/2016;1730;3;8
861.251/2012;1731;3;8
861.259/2010;1732;3;8
861.264/2012;1733;3;8
861.266/2013;1734;1;8
861.279/2012;1735;3;8
861.281/2016;1736;3;8
861.294/2015;1737;3;8
861.297/2015;1738;3;8
861.301/2010;1739;3;8
861.302/2011;1740;3;8
861.305/2014;1741;3;8
861.309/2016;1742;3;8
861.332/2014;1743;3;8
861.333/2015;1744;3;8
861.356/2015;1745;3;8
861.379/2013;1746;3;8
861.380/2013;1747;3;8
861.405/2009;1748;3;8
861.413/2013;1749;3;8
861.415/2014;1750;3;8
861.416/2014;1751;3;8
861.424/2015;1752;3;8
861.429/2016;1753;3;8
861.434/2012;1754;3;8
861.436/2011;1755;3;8
861.448/2014;1756;3;8
861.457/2016;1757;3;8
861.494/2011;1758;1;8
861.497/2014;1759;3;8
861.514/2011;1760;1;8
861.515/2010;1761;3;8
861.521/2008;1762;3;8
861.546/2014;1763;3;8
861.551/2012;1764;3;8
861.556/2014;1765;3;8
861.594/2013;1766;3;8
861.602/2013;1767;3;8
861.621/2012;1768;3;8
861.629/2013;1769;3;8
861.796/2010;1770;3;8
861.861/2010;1771;3;8
861.868/2012;1772;3;8
861.869/2010;1773;3;8
861.870/2010;1774;3;8
861.883/2010;1775;3;8
861.950/2013;1776;3;8
861.963/2013;1777;3;8
861.970/2013;1778;3;8
861.971/2008;1779;3;8
862.105/2013;1780;3;8
862.163/2011;1781;3;8
862.185/2007;1782;1;8
862.208/2007;1783;1;8
862.310/2011;1784;3;8
862.311/2011;1785;3;8
862.517/2011;1786;3;8
862.554/2011;1787;1;8
862.575/2011;1788;3;8
862.658/2011;1789;3;8
862.682/2011;1790;3;8
862.845/2011;1791;3;8
862.871/2008;1792;1;8
862.905/2011;1793;3;8
862.908/2011;1794;3;8
862.909/2011;1795;3;8
862.912/2011;1796;3;8
862.936/2011;1797;3;8
864.001/2000;1798;3;8
864.016/2010;1799;3;8
864.018/2017;1800;1;8
864.022/2013;1801;3;8
864.034/2018;1802;3;8
864.035/2018;1803;3;8
864.041/2016;1804;3;8
864.045/2017;1805;3;8
864.053/2016;1806;3;8
864.055/2010;1807;3;8
864.058/2018;1808;3;8
864.059/2013;1809;3;8
864.062/2015;1810;3;8
864.064/2019;1811;3;8
864.067/2010;1812;3;8
864.075/2018;1813;3;8
864.082/2019;1814;3;8
864.085/2019;1815;3;8
864.088/2017;1816;3;8
864.089/2017;1817;3;8
864.093/2020;1818;1;8
864.097/2017;1819;3;8
864.128/2015;1820;3;8
864.131/2013;1821;3;8
864.132/1999;1822;1;8
864.132/2013;1823;3;8
864.137/2019;1824;3;8
864.144/2016;1825;3;8
864.149/2012;1826;3;8
864.167/2014;1827;3;8
864.174/2016;1828;3;8
864.185/2021;1829;2;8
864.186/2006;1830;3;8
864.195/2019;1831;1;8
864.199/2015;1832;3;8
864.215/2014;1833;3;8
864.216/2016;1834;3;8
864.222/2013;1835;3;8
864.222/2014;1836;3;8
864.223/2013;1837;3;8
864.224/2013;1838;3;8
864.229/2015;1839;3;8
864.231/2013;1840;3;8
864.232/2012;1841;3;8
864.234/2012;1842;3;8
864.235/2020;1843;2;8
864.236/2010;1844;1;8
864.237/2010;1845;1;8
864.237/2016;1846;3;8
864.248/2018;1847;3;8
864.255/2015;1848;3;8
864.257/2013;1849;3;8
864.258/2013;1850;3;8
864.261/2015;1851;3;8
864.264/2015;1852;3;8
864.269/2013;1853;3;8
864.277/2013;1854;3;8
864.296/2016;1855;3;8
864.302/2015;1856;3;8
864.306/2008;1857;3;8
864.310/2016;1858;3;8
864.321/2015;1859;3;8
864.322/2012;1860;3;8
864.323/2012;1861;3;8
864.324/2012;1862;3;8
864.325/2013;1863;3;8
864.326/2013;1864;3;8
864.328/2012;1865;3;8
864.329/2012;1866;3;8
864.360/2014;1867;3;8
864.400/2014;1868;3;8
864.455/2021;1869;2;8
864.513/2012;1870;3;8
864.528/2005;1871;1;8
864.528/2011;1872;3;8
864.532/2007;1873;3;8
864.536/2006;1874;3;8
864.544/2005;1875;3;8
864.586/2007;1876;1;8
864.590/2010;1877;3;8
864.611/2008;1878;3;8
864.615/2008;1879;1;8
864.621/2010;1880;3;8
864.622/2007;1881;3;8
864.638/2011;1882;3;8
864.643/2011;1883;3;8
864.654/2011;1884;3;8
864.745/2011;1885;3;8
864.783/2011;1886;3;8
864.805/2008;1887;3;8
864.831/2008;1888;3;8
864.918/2008;1889;1;8
864.920/2008;1890;3;8
866.030/2016;1891;3;8
866.085/2020;1892;2;8
866.087/2019;1893;3;8
866.134/2009;1894;3;8
866.169/2015;1895;3;8
866.187/1994;1896;1;8
866.192/1994;1897;1;8
866.194/1994;1898;1;8
866.215/2019;1899;3;8
866.216/2017;1900;3;8
866.217/2017;1901;3;8
866.223/2016;1902;3;8
866.224/2016;1903;3;8
866.225/2016;1904;3;8
866.263/2014;1905;3;8
866.264/2018;1906;3;8
866.277/2016;1907;3;8
866.342/2016;1908;3;8
866.370/2016;1909;3;8
866.415/2016;1910;3;8
866.434/2012;1911;3;8
866.444/2015;1912;3;8
866.467/2012;1913;1;8
866.487/2008;1914;3;8
866.525/2015;1915;3;8
866.531/2015;1916;3;8
866.532/2015;1917;3;8
866.554/2015;1918;3;8
866.557/2015;1919;3;8
866.602/2017;1920;3;8
866.603/2017;1921;3;8
866.606/2017;1922;3;8
866.625/2018;1923;3;8
866.647/2011;1924;3;8
866.666/2020;1925;2;8
866.679/2013;1926;3;8
866.717/2016;1927;3;8
866.736/2020;1928;1;8
866.758/2016;1929;3;8
866.829/2016;1930;3;8
866.844/2020;1931;1;8
866.858/2016;1932;3;8
866.861/2016;1933;1;8
866.918/2012;1934;3;8
866.946/2014;1935;3;8
866.954/2018;1936;3;8
866.955/2020;1937;1;8
866.956/2020;1938;2;8
866.957/2020;1939;2;8
867.035/2018;1940;3;8
867.036/2018;1941;3;8
867.040/2018;1942;3;8
867.041/2018;1943;3;8
867.056/2018;1944;3;8
867.081/2019;1945;1;8
867.095/2019;1946;1;8
867.180/2010;1947;3;8
867.278/2020;1948;1;8
867.339/2020;1949;1;8
867.417/2013;1950;3;8
868.010/2018;1951;3;8
868.041/2021;1952;2;8
868.061/2017;1953;3;8
868.087/2015;1954;3;8
868.099/2017;1955;3;8
868.144/2016;1956;3;8
868.157/2017;1957;3;8
868.280/2015;1958;3;8
870.053/2017;1959;3;8
870.066/2012;1960;3;8
870.077/2019;1961;3;8
870.095/2015;1962;3;8
870.126/2009;1963;3;8
870.130/2019;1964;3;8
870.131/2016;1965;3;8
870.142/2017;1966;3;8
870.147/2017;1967;3;8
870.149/2017;1968;3;8
870.150/2017;1969;3;8
870.154/2017;1970;3;8
870.161/2016;1971;3;8
870.168/2017;1972;3;8
870.169/2017;1973;3;8
870.170/2017;1974;3;8
870.171/2017;1975;3;8
870.173/2013;1976;3;8
870.201/2017;1977;3;8
870.202/2017;1978;3;8
870.207/2017;1979;3;8
870.208/2017;1980;3;8
870.213/2017;1981;3;8
870.220/2017;1982;3;8
870.221/2017;1983;3;8
870.222/2017;1984;3;8
870.225/2017;1985;3;8
870.226/2020;1986;1;8
870.246/2017;1987;3;8
870.303/2018;1988;3;8
870.304/2012;1989;3;8
870.322/2018;1990;3;8
870.385/2016;1991;3;8
870.434/2020;1992;1;8
870.435/2020;1993;1;8
870.440/2018;1994;3;8
870.445/2020;1995;1;8
870.446/2020;1996;1;8
870.516/2015;1997;3;8
870.518/2015;1998;3;8
870.519/2015;1999;3;8
870.520/2015;2000;3;8
870.522/2015;2001;3;8
870.547/2016;2002;3;8
870.624/2016;2003;3;8
870.626/2016;2004;3;8
870.629/2016;2005;3;8
870.644/2017;2006;2;8
870.645/2011;2007;3;8
870.645/2016;2008;3;8
870.654/2019;2009;3;8
870.656/2019;2010;3;8
870.686/2016;2011;3;8
870.689/2018;2012;3;8
870.706/2019;2013;3;8
870.752/2016;2014;3;8
870.761/2016;2015;3;8
870.777/2010;2016;3;8
870.800/2018;2017;3;8
870.833/2016;2018;3;8
870.855/2011;2019;3;8
870.856/2019;2020;3;8
870.857/2019;2021;3;8
870.865/2011;2022;3;8
870.867/2011;2023;3;8
870.875/2019;2024;3;8
870.901/2015;2025;3;8
870.917/2017;2026;3;8
870.965/2014;2027;3;8
870.977/2019;2028;3;8
871.024/2017;2029;3;8
871.033/2019;2030;3;8
871.077/2016;2031;3;8
871.089/2016;2032;3;8
871.122/2016;2033;3;8
871.184/2017;2034;3;8
871.202/2002;2035;1;8
871.268/2020;2036;1;8
871.280/2016;2037;3;8
871.299/2021;2038;2;8
871.307/2015;2039;3;8
871.333/2017;2040;3;8
871.338/2015;2041;1;8
871.342/2015;2042;3;8
871.373/2016;2043;3;8
871.421/2016;2044;3;8
871.432/2020;2045;1;8
871.591/2014;2046;3;8
871.598/2019;2047;1;8
871.603/2019;2048;1;8
871.615/2017;2049;3;8
871.670/2012;2050;3;8
871.684/2019;2051;1;8
871.769/2018;2052;3;8
871.792/2016;2054;3;8
871.877/2018;2055;3;8
871.944/2014;2056;3;8
872.018/2011;2057;3;8
872.048/2017;2058;3;8
872.203/2016;2059;3;8
872.212/2014;2060;3;8
872.270/2008;2061;3;8
872.316/2016;2062;3;8
872.342/2011;2063;3;8
872.343/2011;2064;3;8
872.368/2012;2065;3;8
872.371/2021;2066;1;8
872.394/2016;2067;3;8
872.431/2013;2068;3;8
872.457/2015;2069;3;8
872.478/2016;2070;3;8
872.483/2011;2071;3;8
872.518/2013;2072;3;8
872.521/2013;2073;3;8
872.766/2016;2074;3;8
872.769/2016;2075;3;8
872.771/2016;2076;3;8
872.774/2016;2077;3;8
872.775/2016;2078;3;8
872.814/2016;2079;3;8
872.838/2016;2080;3;8
872.851/2016;2081;3;8
872.923/2011;2082;3;8
872.939/2015;2083;3;8
873.161/2006;2084;1;8
873.465/2011;2085;3;8
873.510/2005;2086;3;8
873.518/2011;2087;3;8
873.607/2011;2088;3;8
873.608/2011;2089;3;8
873.609/2011;2090;3;8
873.610/2011;2091;3;8
873.611/2011;2092;3;8
878.001/2015;2093;3;8
878.045/2019;2094;3;8
878.057/2019;2095;3;8
878.084/2016;2096;3;8
878.101/2015;2097;3;8
878.121/2013;2098;3;8
878.125/2007;2099;3;8
878.147/2011;2100;3;8
878.153/2011;2101;3;8
878.155/2011;2102;3;8
878.156/2011;2103;3;8
878.158/2011;2104;3;8
878.159/2011;2105;3;8
880.001/2015;2106;3;8
880.007/2012;2107;3;8
880.012/2019;2108;3;8
880.016/2017;2109;3;8
880.021/2002;2110;3;8
880.021/2016;2111;3;8
880.040/2018;2112;3;8
880.044/2010;2113;3;8
880.047/2011;2114;3;8
880.048/2017;2115;3;8
880.053/2018;2116;3;8
880.054/2018;2117;3;8
880.061/2013;2118;3;8
880.065/2014;2119;3;8
880.067/2018;2120;3;8
880.078/2011;2121;3;8
880.083/2016;2122;3;8
880.084/2011;2123;3;8
880.085/2017;2124;3;8
880.091/2013;2125;3;8
880.098/2004;2126;1;8
880.111/2011;2127;3;8
880.111/2012;2128;3;8
880.121/2014;2129;3;8
880.137/2014;2130;3;8
880.148/2014;2131;3;8
880.153/2014;2132;3;8
880.195/2007;2133;3;8
880.220/2013;2134;3;8
880.224/2012;2135;3;8
880.233/2011;2136;3;8
880.241/2011;2137;3;8
880.284/2013;2138;3;8
880.286/2007;2139;3;8
880.308/1994;2140;1;8
880.356/2010;2141;3;8
880.376/2010;2142;3;8
880.418/2008;2143;3;8
880.440/2009;2144;3;8
880.458/2011;2145;3;8
880.505/2011;2146;3;8
884.042/2016;2147;3;8
884.044/2009;2148;3;8
884.048/2014;2149;3;8
884.050/2015;2150;3;8
884.052/2014;2151;3;8
884.059/2005;2152;3;8
884.061/2005;2153;3;8
884.066/2005;2154;3;8
884.067/2005;2155;3;8
884.071/2014;2156;3;8
884.072/2005;2157;3;8
884.074/2005;2158;3;8
884.122/2019;2159;1;8
884.123/2019;2160;1;8
884.126/2019;2161;1;8
886.009/2017;2162;3;8
886.053/2004;2163;3;8
886.073/2011;2164;3;8
886.073/2017;2165;3;8
886.490/2004;2166;3;8
890.007/1992;2167;1;8
890.008/1992;2168;1;8
890.011/2022;2169;1;8
890.027/2016;2170;3;8
890.028/2016;2171;3;8
890.071/2013;2172;3;8
890.073/2015;2173;3;8
890.089/2003;2174;1;8
890.106/2017;2175;3;8
890.107/2015;2176;3;8
890.108/2015;2177;3;8
890.186/2017;2179;3;8
890.209/2016;2180;3;8
890.235/2017;2181;3;8
890.255/2018;2182;3;8
890.259/2018;2183;3;8
890.263/2013;2184;3;8
890.272/2018;2185;3;8
890.278/2016;2186;3;8
890.289/2015;2187;3;8
890.293/2012;2188;3;8
890.301/2016;2189;3;8
890.316/2015;2190;1;8
890.324/2014;2191;3;8
890.327/2015;2192;1;8
890.334/2006;2193;1;8
890.362/2017;2194;3;8
890.371/2012;2195;3;8
890.373/1990;2196;1;8
890.384/2014;2197;3;8
890.390/1998;2198;1;8
890.395/2015;2199;3;8
890.420/2016;2201;3;8
890.422/2015;2202;3;8
890.427/1985;2203;1;8
890.436/2008;2204;1;8
890.450/1989;2205;1;8
890.524/2011;2206;3;8
890.602/2014;2207;3;8
890.698/2014;2208;3;8
890.726/2010;2209;3;8
890.726/2012;2210;3;8
890.727/2010;2211;3;8
890.731/2012;2212;3;8
890.735/2014;2213;3;8
890.808/2013;2214;3;8
890.832/2012;2215;3;8
890.933/1994;2216;1;8
890.964/2014;2217;3;8
890.984/2011;2218;3;8
891.045/2013;2219;3;8
891.081/1994;2220;1;8
896.016/2003;2221;3;8
896.018/2011;2222;1;8
896.018/2018;2223;3;8
896.044/2014;2224;3;8
896.046/2014;2225;3;8
896.047/2011;2226;3;8
896.059/1999;2227;1;8
896.059/2010;2228;3;8
896.064/2011;2229;3;8
896.064/2014;2230;1;8
896.075/2011;2231;3;8
896.084/2007;2232;1;8
896.097/2010;2233;3;8
896.102/2009;2234;1;8
896.109/1999;2235;1;8
896.136/2013;2236;1;8
896.147/2015;2237;3;8
896.152/2015;2238;1;8
896.166/2014;2239;3;8
896.167/2016;2240;3;8
896.168/2016;2241;3;8
896.169/2016;2242;3;8
896.171/2009;2243;3;8
896.174/1995;2244;1;8
896.196/2009;2245;3;8
896.215/2015;2246;3;8
896.216/2012;2247;3;8
896.223/2001;2248;3;8
896.227/2007;2249;3;8
896.235/2016;2250;3;8
896.238/2016;2251;3;8
896.243/2014;2252;3;8
896.253/2016;2253;3;8
896.260/2015;2254;3;8
896.279/2012;2255;3;8
896.281/2001;2256;1;8
896.284/2012;2257;3;8
896.285/2016;2258;3;8
896.296/2011;2259;3;8
896.338/2012;2260;3;8
896.354/2015;2261;3;8
896.378/2010;2262;3;8
896.383/2010;2263;3;8
896.397/2014;2264;3;8
896.409/2007;2265;3;8
896.409/2008;2266;3;8
896.425/1996;2267;1;8
896.454/2002;2268;1;8
896.506/2008;2269;3;8
896.539/2011;2270;3;8
896.541/2012;2271;3;8
896.547/2014;2272;3;8
896.599/2011;2273;3;8
896.639/2006;2274;3;8
896.662/2001;2275;3;8
896.664/2011;2276;3;8
896.687/2011;2277;3;8
896.733/2011;2278;3;8
896.751/2011;2279;3;8
896.788/2009;2280;1;8
896.793/2011;2281;3;8
896.863/2008;2282;3;8
896.901/2006;2283;3;8
897.036/2007;2284;3;8
803.241/2013;2285;3;8
862.405/2011;2286;3;8
800.256/2004;2287;3;8
815.129/2016;2288;1;8
803.420/2009;2289;3;8
840.196/2018;2290;3;8
300.742/2019;2291;2;8
826.441/2017;2292;3;8
826.299/2019;2293;3;8
800.279/2014;2294;3;8
820.627/2010;2295;3;8
801.080/2010;2296;3;8
810.509/2017;2297;3;8
810.468/2018;2298;3;8
810.216/1994;2299;1;8
810.181/2019;2300;3;8
864.222/2015;2301;3;8
864.040/2019;2302;3;8
844.092/2014;2303;3;8
810.799/2014;2304;3;8
815.244/2012;2305;3;8
826.512/2016;2306;3;8
300.664/2022;2307;2;8
806.003/2008;2308;3;8
806.106/2018;2309;3;8
806.108/2018;2310;3;8
806.105/2018;2311;3;8
300.169/2020;2312;2;8
815.047/2018;2313;3;8
896.654/2013;2314;3;8
860.939/2017;2315;3;8
815.754/2001;2316;1;8
300.160/2019;2317;2;8
832.141/2007;2318;3;8
864.919/2008;2319;3;8
864.220/2013;2320;3;8
896.178/2014;2321;3;8
844.001/2019;2322;3;8
810.669/2018;2323;3;8
810.278/2009;2324;3;8
864.230/2016;2325;3;8
870.939/2020;2326;1;8
815.854/2016;2327;3;8
301.051/2016;2328;2;8
815.250/2011;2329;1;8
815.763/2015;2330;3;8
815.537/2007;2331;3;8
815.678/2016;2332;3;8
815.468/2017;2333;3;8
815.694/2011;2334;3;8
815.327/2014;2335;3;8
815.462/2010;2336;3;8
300.608/2010;2337;2;8
300.330/2009;2338;1;8
815.560/2016;2339;3;8
815.078/1999;2340;1;8
802.941/1970;2341;1;8
800.599/2009;2342;3;8
800.416/2009;2343;3;8
800.462/2013;2344;3;8
848.279/2012;2345;3;8
810.120/2018;2346;3;8
844.064/2017;2347;3;8
844.036/2019;2348;3;8
301.273/2020;2349;2;8
864.449/2013;2350;3;8
872.457/2016;2351;3;8
860.231/2018;2352;3;8
300.567/2021;2353;2;8
864.172/2019;2354;1;8
864.171/2019;2355;1;8
800.427/2014;2356;3;8
304.118/2017;2357;1;8
300.744/2016;2358;2;8
800.551/2014;2359;3;8
878.042/2018;2360;3;8
878.100/2017;2361;3;8
860.112/2015;2362;3;8
860.985/2015;2363;3;8
860.133/2017;2364;3;8
861.029/2012;2365;3;8
820.367/2013;2366;3;8
878.050/2019;2367;3;8
840.512/2013;2368;3;8
890.096/2018;2369;3;8
890.138/2017;2370;3;8
890.107/2017;2371;3;8
890.085/2017;2372;3;8
890.001/2007;2373;3;8
890.238/2016;2374;3;8
890.324/2015;2375;3;8
890.105/2017;2376;3;8
890.108/2017;2377;3;8
300.429/2017;2378;2;8
300.430/2017;2379;2;8
300.447/2014;2380;1;8
301.190/2013;2381;1;8
800.335/2016;2382;3;8
800.447/2016;2383;3;8
800.631/2011;2384;3;8
800.691/2011;2385;3;8
801.177/2011;2386;3;8
802.511/1975;2387;1;8
810.088/2017;2388;3;8
810.286/2019;2389;3;8
810.349/2014;2390;3;8
810.569/2015;2391;3;8
810.807/2015;2392;3;8
810.857/2015;2393;3;8
811.111/2012;2394;3;8
811.688/2015;2395;3;8
815.447/2015;2396;3;8
815.637/2002;2397;1;8
815.780/2016;2398;3;8
820.479/2012;2399;3;8
820.496/2015;2400;3;8
820.830/2010;2401;3;8
820.831/2010;2402;3;8
820.832/2010;2403;3;8
826.375/2009;2404;3;8
840.235/2017;2405;3;8
848.078/2017;2406;3;8
848.123/2017;2407;1;8
860.243/2021;2408;1;8
860.451/2016;2409;3;8
860.568/2014;2410;3;8
860.635/2007;2411;3;8
860.827/2016;2412;3;8
861.175/2014;2413;3;8
861.299/2015;2414;3;8
861.350/2012;2415;3;8
861.378/2009;2416;3;8
861.554/2012;2417;3;8
861.556/2012;2418;3;8
861.557/2012;2419;3;8
861.588/2009;2420;3;8
861.649/2011;2421;3;8
862.035/2011;2422;3;8
862.124/2011;2423;3;8
864.055/2014;2424;3;8
864.290/2014;2425;3;8
864.400/2012;2426;3;8
870.239/2012;2427;3;8
870.433/2017;2428;3;8
871.519/2012;2429;3;8
871.520/2012;2430;3;8
872.333/2011;2431;3;8
872.340/2011;2432;3;8
872.834/2011;2433;3;8
873.454/2011;2434;3;8
878.001/2016;2435;3;8
878.155/2007;2436;1;8
880.126/2011;2437;3;8
880.135/2012;2438;3;8
890.414/2015;2439;3;8
890.668/2013;2440;3;8
890.896/2014;2441;3;8
896.003/2013;2442;3;8
896.005/1998;2443;1;8
896.191/2013;2444;3;8
896.334/2014;2445;3;8
860.758/2019;2446;1;8
840.998/2011;2447;3;8
870.415/2018;2448;3;8
861.321/2012;2449;1;8
861.426/2016;2450;3;8
860.850/2013;2451;3;8
300.618/2020;2452;2;8
815.815/2009;2453;3;8
864.027/2015;2454;3;8
848.103/2013;2455;3;8
896.117/2009;2456;1;8
860.919/2016;2457;3;8
861.306/2015;2458;3;8
861.510/2016;2459;3;8
810.331/2020;2460;1;8
860.490/2012;2461;3;8
860.484/2012;2462;3;8
864.191/2018;2463;3;8
300.316/2020;2464;2;8
300.113/2019;2465;2;8
300.557/2019;2466;2;8
820.690/2018;2467;3;8
300.462/2020;2468;2;8
880.155/2014;2469;3;8
800.668/2011;2470;3;8
860.934/2017;2471;1;8
871.169/2019;2472;3;8
871.712/2018;2473;3;8
846.102/2015;2474;3;8
864.263/2015;2475;3;8
810.483/2016;2476;3;8
800.018/2020;2477;1;8
848.041/2015;2478;3;8
848.651/2010;2479;3;8
848.032/2022;2480;2;8
848.085/2000;2481;1;8
870.605/2010;2482;3;8
864.451/2013;2483;3;8
820.275/2019;2484;3;8
870.111/2018;2485;3;8
810.282/2019;2486;3;8
864.186/2016;2487;3;8
871.016/2003;2488;1;8
871.018/2003;2489;1;8
871.019/2003;2490;1;8
871.021/2003;2491;1;8
871.022/2003;2492;1;8
871.023/2003;2493;1;8
871.024/2003;2494;1;8
871.025/2003;2495;1;8
871.027/2003;2496;1;8
848.065/2009;2497;3;8
834.099/2010;2498;1;8
846.074/1995;2499;1;8
821.412/1971;2500;1;8
830.328/2012;2501;3;8
860.923/2009;2502;1;8
870.346/2014;2503;3;8
873.194/2006;2504;1;8
835.022/2011;2506;1;8
800.751/2012;2507;3;8
801.001/2012;2508;3;8
803.153/2011;2509;3;8
826.880/2016;2510;3;8
830.635/2014;2511;3;8
830.644/2013;2512;3;8
830.951/2011;2513;3;8
831.071/2010;2514;3;8
831.082/2010;2515;3;8
831.544/2012;2517;3;8
831.937/2008;2518;3;8
832.371/2009;2519;3;8
832.619/2009;2520;3;8
832.666/2011;2521;3;8
832.936/2007;2522;3;8
833.324/2010;2523;3;8
840.001/2012;2524;3;8
840.079/2016;2525;3;8
840.081/2017;2526;3;8
840.121/2019;2527;1;8
840.160/2015;2528;3;8
840.163/2015;2529;3;8
840.192/2009;2530;3;8
840.353/2016;2531;3;8
840.359/2016;2532;3;8
840.377/2016;2533;3;8
840.380/2016;2534;3;8
840.883/2011;2535;3;8
840.924/2011;2536;3;8
840.925/2011;2537;3;8
846.007/2012;2538;3;8
846.010/2012;2539;3;8
846.016/2007;2540;3;8
846.030/2012;2541;3;8
846.060/2010;2542;3;8
846.064/2011;2543;3;8
846.083/2009;2544;3;8
846.085/2017;2545;3;8
846.094/2012;2546;3;8
846.103/2015;2547;3;8
846.112/2012;2548;3;8
846.117/2016;2549;3;8
846.123/2014;2550;3;8
846.154/2015;2551;3;8
846.155/2015;2552;3;8
846.158/2015;2553;3;8
846.162/2012;2554;3;8
846.164/2012;2555;3;8
846.164/2015;2556;3;8
846.168/2012;2557;3;8
846.170/2012;2558;3;8
846.183/2013;2559;3;8
846.196/2009;2560;3;8
846.217/2011;2561;3;8
846.220/2011;2562;3;8
846.221/2014;2563;3;8
846.224/2011;2564;3;8
846.231/2012;2565;3;8
846.233/2011;2566;3;8
846.235/2014;2567;3;8
846.243/2012;2568;3;8
846.267/2012;2569;3;8
846.276/2012;2570;3;8
846.279/2012;2571;3;8
846.288/2012;2572;3;8
846.311/2013;2573;3;8
846.314/2013;2574;3;8
846.315/2013;2575;3;8
846.323/2012;2576;3;8
846.325/2012;2577;3;8
846.326/2012;2578;3;8
846.328/2012;2579;3;8
846.329/2012;2580;3;8
846.330/2012;2581;3;8
846.333/2013;2582;3;8
846.337/2014;2583;3;8
846.461/2012;2584;3;8
846.528/2011;2585;3;8
846.533/2012;2586;3;8
846.615/2011;2587;3;8
846.626/2011;2588;3;8
846.681/2011;2589;3;8
846.700/2011;2590;3;8
848.018/2018;2591;3;8
848.447/2011;2592;3;8
850.056/2011;2593;3;8
850.057/2011;2594;3;8
850.059/2011;2595;3;8
850.072/2010;2596;3;8
850.073/2011;2597;3;8
850.113/2019;2598;3;8
850.114/2015;2599;3;8
850.120/2015;2600;3;8
850.237/2014;2601;3;8
850.258/2009;2602;3;8
850.268/2010;2603;3;8
850.285/2005;2604;3;8
850.297/2009;2605;3;8
850.313/2016;2606;3;8
850.317/2007;2607;3;8
850.323/2018;2608;3;8
850.325/2018;2609;3;8
850.340/2018;2610;3;8
850.352/2014;2611;3;8
850.426/2006;2612;3;8
850.453/2016;2613;3;8
850.454/2016;2614;3;8
850.463/2004;2615;1;8
850.542/2016;2616;3;8
850.563/2016;2617;3;8
850.597/2018;2618;3;8
850.674/2017;2619;3;8
850.853/2017;2620;3;8
850.947/2017;2621;3;8
850.982/2011;2622;3;8
850.987/2016;2623;3;8
851.000/2017;2624;3;8
851.011/2017;2625;3;8
851.019/2011;2626;3;8
851.180/2011;2627;3;8
860.022/2019;2628;3;8
860.062/2012;2629;3;8
860.067/2012;2630;3;8
860.071/2012;2631;3;8
860.137/2018;2632;3;8
860.240/2019;2633;3;8
860.892/2011;2634;3;8
860.894/2002;2635;1;8
861.143/2015;2636;3;8
861.144/2015;2637;3;8
861.151/2011;2638;3;8
861.210/2013;2639;3;8
861.211/2013;2640;3;8
861.327/2015;2641;3;8
861.411/2016;2642;3;8
862.898/2011;2643;3;8
862.957/2011;2644;3;8
864.133/2012;2645;3;8
866.043/2017;2646;3;8
866.049/2017;2647;3;8
866.065/2017;2648;3;8
866.075/2019;2649;3;8
866.092/2018;2650;3;8
866.093/2018;2651;3;8
866.094/2018;2652;3;8
866.095/2018;2653;3;8
866.096/2018;2654;3;8
866.099/2018;2655;3;8
866.101/2018;2656;3;8
866.102/2018;2657;3;8
866.104/2018;2658;3;8
866.106/2018;2659;3;8
866.107/2018;2660;3;8
866.108/2018;2661;3;8
866.109/2018;2662;3;8
866.110/2018;2663;3;8
866.111/2018;2664;3;8
866.112/2018;2665;3;8
866.155/2015;2666;3;8
866.261/2018;2667;3;8
866.263/2013;2668;3;8
866.263/2018;2669;3;8
866.265/2018;2670;3;8
866.266/2018;2671;3;8
866.268/2018;2672;3;8
866.292/2012;2673;3;8
866.302/2018;2674;3;8
866.303/2018;2675;3;8
866.461/2018;2676;3;8
866.462/2008;2677;3;8
866.462/2018;2678;3;8
866.463/2018;2679;3;8
866.464/2018;2680;3;8
866.465/2018;2681;3;8
866.466/2018;2682;3;8
866.540/2018;2683;3;8
866.552/2018;2684;3;8
866.563/2006;2685;3;8
866.582/2014;2686;3;8
866.607/2017;2687;3;8
866.695/2018;2688;3;8
866.696/2018;2689;3;8
866.697/2018;2690;3;8
866.698/2018;2691;3;8
866.712/2017;2692;3;8
866.814/2017;2693;3;8
866.824/2017;2694;3;8
866.825/2017;2695;3;8
866.826/2017;2696;3;8
866.827/2017;2697;3;8
866.834/2017;2698;3;8
866.839/2017;2699;3;8
866.840/2017;2700;3;8
866.841/2017;2701;3;8
866.842/2017;2702;3;8
866.847/2017;2703;3;8
866.848/2017;2704;3;8
866.849/2017;2705;3;8
866.851/2017;2706;3;8
866.852/2017;2707;3;8
866.855/2017;2708;3;8
866.856/2017;2709;3;8
866.857/2017;2710;3;8
866.858/2017;2711;3;8
866.859/2017;2712;3;8
866.860/2017;2713;3;8
866.861/2017;2714;3;8
866.863/2017;2715;3;8
866.864/2017;2716;3;8
866.866/2017;2717;3;8
866.867/2017;2718;3;8
866.868/2017;2719;3;8
866.869/2017;2720;3;8
866.870/2017;2721;3;8
866.871/2017;2722;3;8
866.872/2017;2723;3;8
866.873/2017;2724;3;8
866.874/2017;2725;3;8
866.875/2017;2726;3;8
866.876/2017;2727;3;8
866.877/2017;2728;3;8
866.878/2017;2729;3;8
866.880/2017;2730;3;8
866.885/2017;2731;3;8
866.886/2017;2732;3;8
866.887/2017;2733;3;8
866.889/2017;2734;3;8
866.890/2017;2735;3;8
866.890/2018;2736;3;8
866.891/2017;2737;3;8
866.893/2017;2738;3;8
866.894/2017;2739;3;8
866.895/2017;2740;3;8
866.896/2017;2741;3;8
866.897/2017;2742;3;8
866.898/2017;2743;3;8
866.900/2017;2744;3;8
866.901/2017;2745;3;8
866.902/2017;2746;3;8
866.903/2017;2747;3;8
866.904/2017;2748;3;8
866.905/2017;2749;3;8
866.906/2017;2750;3;8
866.907/2017;2751;3;8
866.908/2017;2752;3;8
866.909/2017;2753;3;8
866.910/2017;2754;3;8
866.911/2017;2755;3;8
866.912/2017;2756;3;8
866.913/2017;2757;3;8
866.914/2017;2758;3;8
866.915/2017;2759;3;8
866.916/2017;2760;3;8
866.917/2017;2761;3;8
866.918/2017;2762;3;8
866.919/2017;2763;3;8
866.920/2017;2764;3;8
866.921/2017;2765;3;8
866.922/2017;2766;3;8
866.923/2017;2767;3;8
866.924/2017;2768;3;8
866.925/2017;2769;3;8
866.926/2017;2770;3;8
866.927/2017;2771;3;8
866.928/2017;2772;3;8
866.929/2017;2773;3;8
866.930/2017;2774;3;8
866.931/2017;2775;3;8
866.932/2011;2776;3;8
866.932/2017;2777;3;8
866.933/2017;2778;3;8
866.934/2017;2779;3;8
866.935/2017;2780;3;8
866.940/2017;2781;3;8
866.941/2017;2782;3;8
866.943/2017;2783;3;8
866.949/2017;2784;3;8
866.950/2017;2785;3;8
866.951/2017;2786;3;8
866.953/2017;2787;3;8
866.954/2017;2788;3;8
866.955/2017;2789;3;8
866.956/2017;2790;3;8
866.959/2017;2791;3;8
866.962/2017;2792;3;8
866.963/2017;2793;3;8
866.965/2017;2794;3;8
866.968/2017;2795;3;8
866.969/2017;2796;3;8
866.970/2017;2797;3;8
866.971/2017;2798;3;8
866.972/2017;2799;3;8
866.975/2017;2800;3;8
866.976/2017;2801;3;8
866.977/2017;2802;3;8
866.978/2017;2803;3;8
866.979/2017;2804;3;8
866.980/2017;2805;3;8
866.981/2017;2806;3;8
866.984/2017;2807;3;8
866.985/2014;2808;3;8
866.986/2017;2809;3;8
866.987/2017;2810;3;8
866.988/2017;2811;3;8
866.992/2017;2812;3;8
866.993/2017;2813;3;8
866.994/2017;2814;3;8
866.995/2017;2815;3;8
866.997/2017;2816;3;8
866.998/2017;2817;3;8
866.999/2017;2818;3;8
867.002/2017;2819;3;8
867.007/2017;2820;3;8
867.008/2017;2821;3;8
867.009/2017;2822;3;8
867.010/2017;2823;3;8
867.011/2017;2824;3;8
867.012/2017;2825;3;8
867.013/2017;2826;3;8
867.014/2017;2827;3;8
867.015/2017;2828;3;8
867.016/2017;2829;3;8
867.017/2017;2830;3;8
867.018/2017;2831;3;8
867.019/2017;2832;3;8
867.020/2017;2833;3;8
867.023/2018;2834;3;8
867.024/2018;2835;3;8
867.025/2018;2836;3;8
867.026/2018;2837;3;8
867.029/2018;2838;3;8
867.030/2018;2839;3;8
867.031/2017;2840;3;8
867.031/2018;2841;3;8
867.032/2017;2842;3;8
867.033/2017;2843;3;8
867.034/2017;2844;3;8
867.037/2018;2845;3;8
867.038/2018;2846;3;8
867.039/2017;2847;3;8
867.040/2017;2848;3;8
867.043/2017;2849;3;8
867.044/2017;2850;3;8
867.044/2018;2851;3;8
867.045/2017;2852;3;8
867.045/2018;2853;3;8
867.046/2018;2854;3;8
867.047/2018;2855;3;8
867.048/2017;2856;3;8
867.049/2017;2857;3;8
867.050/2018;2858;3;8
867.051/2018;2859;3;8
867.052/2017;2860;3;8
867.052/2018;2861;3;8
867.053/2017;2862;3;8
867.053/2018;2863;3;8
867.054/2017;2864;3;8
867.054/2018;2865;3;8
867.055/2017;2866;3;8
867.055/2018;2867;3;8
867.056/2017;2868;3;8
867.057/2017;2869;3;8
867.057/2018;2870;3;8
867.058/2017;2871;3;8
867.058/2018;2872;3;8
867.059/2018;2873;3;8
867.060/2018;2874;3;8
867.061/2018;2875;3;8
867.062/2018;2876;3;8
867.079/2018;2877;3;8
867.233/2017;2878;3;8
867.392/2017;2879;3;8
867.407/2017;2880;3;8
870.314/2012;2881;3;8
870.668/2014;2882;3;8
870.748/2013;2883;3;8
870.892/2017;2884;3;8
871.139/2011;2885;3;8
871.332/2017;2886;3;8
871.527/2016;2887;3;8
871.541/2015;2888;3;8
871.590/2008;2889;3;8
872.939/2009;2890;3;8
872.966/2010;2891;3;8
873.595/2009;2892;3;8
873.611/2009;2893;3;8
880.035/2017;2894;3;8
880.055/1993;2895;1;8
880.057/2016;2896;3;8
880.091/2019;2897;3;8
880.112/2010;2898;3;8
880.120/2016;2899;3;8
880.219/2005;2900;3;8
880.262/2012;2901;3;8
880.265/2013;2902;3;8
880.478/2011;2903;3;8
880.710/1993;2904;1;8
880.711/1993;2905;1;8
880.951/1994;2906;1;8
880.973/2008;2907;3;8
884.001/2016;2908;3;8
884.006/2015;2909;3;8
884.007/2015;2910;3;8
884.008/2015;2911;3;8
884.009/2015;2912;3;8
884.018/2005;2913;3;8
884.037/2010;2914;3;8
884.037/2013;2915;3;8
884.056/2021;2916;2;8
884.059/2009;2917;3;8
884.063/2005;2918;3;8
884.064/2005;2919;3;8
884.071/2011;2920;3;8
884.082/2014;2921;3;8
884.094/2016;2922;3;8
884.123/2012;2923;3;8
884.128/2019;2924;2;8
884.167/2015;2925;3;8
884.174/2021;2926;2;8
886.053/1995;2927;1;8
886.055/2011;2928;1;8
886.108/2010;2929;3;8
886.115/2015;2930;3;8
886.151/2012;2931;3;8
886.216/2013;2932;3;8
886.222/2012;2933;3;8
886.232/2013;2934;3;8
886.249/2010;2935;3;8
886.300/2016;2936;3;8
886.319/2009;2937;3;8
886.330/2012;2938;3;8
886.462/2011;2939;3;8
890.231/2018;2940;3;8
896.568/2013;2941;3;8
896.575/2011;2942;3;8
896.576/2011;2943;3;8
896.648/2011;2944;3;8
896.667/2003;2945;1;8
896.726/2003;2946;3;8
896.728/2003;2947;3;8
800.551/2009;2948;3;8
861.490/2014;2949;3;8
866.448/2015;2950;3;8
833.290/2012;2951;3;8
810.389/2017;2952;3;8
800.354/2012;2953;3;8
806.076/2007;2954;3;8
806.413/2012;2955;3;8
810.050/1992;2956;1;8
810.083/2008;2957;3;8
810.087/2008;2958;3;8
810.185/1991;2959;1;8
810.186/1991;2960;1;8
810.194/2004;2961;1;8
810.294/2011;2962;3;8
810.344/2004;2963;3;8
810.390/2017;2964;3;8
810.391/2017;2965;3;8
810.395/1994;2966;1;8
810.546/2019;2967;2;8
810.547/2019;2968;2;8
810.551/2019;2969;2;8
810.553/2019;2970;2;8
810.556/2019;2971;2;8
810.559/2019;2972;2;8
810.560/2019;2973;2;8
810.561/2019;2974;2;8
810.563/2019;2975;2;8
810.564/2019;2976;2;8
810.565/2019;2977;1;8
810.566/2019;2978;2;8
810.616/2018;2979;3;8
810.624/2018;2980;3;8
810.627/2018;2981;3;8
810.628/2018;2982;3;8
810.629/2018;2983;3;8
810.631/2014;2984;3;8
810.730/2005;2985;1;8
810.802/2014;2986;3;8
810.892/2011;2987;3;8
810.897/2016;2988;3;8
820.172/1999;2989;1;8
826.135/2016;2990;3;8
826.511/2018;2991;3;8
826.512/2018;2992;3;8
827.067/2013;2993;3;8
831.776/2011;2994;3;8
834.001/2012;2995;3;8
834.671/2011;2996;3;8
840.330/2010;2997;3;8
840.385/2017;2998;3;8
846.077/2020;2999;1;8
846.102/2020;3000;1;8
846.203/2011;3001;3;8
846.215/2011;3002;3;8
846.216/2011;3003;3;8
846.218/2011;3004;3;8
846.219/2011;3005;3;8
846.221/2011;3006;3;8
846.222/2011;3007;3;8
846.223/2011;3008;3;8
846.228/2011;3009;3;8
846.229/2011;3010;3;8
848.081/2017;3011;3;8
848.123/2014;3012;3;8
848.124/2014;3013;3;8
848.171/2016;3014;3;8
848.194/2015;3015;3;8
848.319/2014;3016;3;8
850.012/2015;3017;3;8
850.442/2006;3018;3;8
850.445/2016;3019;3;8
850.446/2016;3020;3;8
850.448/2016;3021;3;8
850.544/2007;3022;3;8
850.991/2011;3023;3;8
851.023/2016;3024;3;8
860.019/2012;3025;1;8
860.043/2012;3026;3;8
860.044/2012;3027;3;8
860.117/2013;3028;3;8
860.199/2015;3029;3;8
860.211/2015;3030;3;8
860.216/2015;3031;3;8
860.303/2009;3032;3;8
860.309/2016;3033;3;8
860.313/2016;3034;3;8
860.344/2014;3035;3;8
860.357/2010;3036;3;8
860.381/2016;3037;3;8
860.393/2016;3038;3;8
860.408/2009;3039;3;8
860.412/2009;3040;3;8
860.430/2009;3041;3;8
860.431/2014;3042;3;8
860.453/2016;3043;3;8
860.562/2020;3044;1;8
860.574/2010;3045;3;8
860.643/2015;3046;3;8
860.644/2015;3047;3;8
860.685/2014;3048;3;8
860.804/2016;3049;3;8
860.855/2015;3050;3;8
860.859/2015;3051;3;8
860.902/2014;3052;3;8
860.904/2014;3053;3;8
860.934/2009;3054;3;8
860.951/2012;3055;1;8
860.998/2016;3056;3;8
861.039/2015;3057;3;8
861.041/2015;3058;3;8
861.118/2016;3059;3;8
861.123/2015;3060;3;8
861.124/2015;3061;3;8
861.125/2015;3062;3;8
861.152/2015;3063;3;8
861.154/2014;3064;3;8
861.155/2013;3065;3;8
861.169/2009;3066;3;8
861.184/2012;3067;3;8
861.234/2011;3068;1;8
861.304/2010;3069;3;8
861.309/2015;3070;3;8
861.329/2011;3071;3;8
861.394/2009;3072;3;8
861.427/2015;3073;3;8
861.430/2016;3074;3;8
861.431/2016;3075;3;8
861.432/2016;3076;3;8
861.476/2010;3077;3;8
861.552/2012;3078;3;8
861.553/2012;3079;3;8
861.615/2012;3080;3;8
861.634/2013;3081;3;8
861.882/2012;3082;3;8
861.912/2012;3083;3;8
861.975/2008;3084;3;8
862.175/2012;3085;3;8
862.179/2012;3086;3;8
862.713/2011;3087;3;8
864.075/2016;3088;3;8
864.079/2016;3089;3;8
864.201/2019;3090;2;8
864.223/2015;3091;3;8
864.274/2015;3092;3;8
864.285/2015;3093;3;8
864.295/2012;3094;3;8
864.320/2015;3095;3;8
864.399/2012;3096;3;8
864.442/2013;3097;3;8
864.623/2010;3098;3;8
866.076/2019;3099;3;8
866.578/2018;3100;3;8
866.581/2018;3101;3;8
866.582/2018;3102;3;8
866.583/2018;3103;3;8
866.584/2018;3104;3;8
866.585/2018;3105;3;8
866.921/2016;3106;3;8
867.117/2017;3107;3;8
867.122/2017;3108;3;8
867.208/2017;3109;3;8
870.235/2017;3110;3;8
870.239/2017;3111;3;8
870.920/2021;3112;2;8
871.104/2017;3113;3;8
871.309/2011;3114;3;8
871.313/2011;3115;3;8
871.595/2021;3116;2;8
872.336/2011;3117;3;8
872.351/2010;3118;3;8
880.243/2012;3119;3;8
884.040/2016;3120;3;8
884.049/2014;3121;3;8
884.095/2016;3122;3;8
884.127/2019;3123;2;8
896.109/2008;3124;1;8
896.238/2012;3125;3;8
896.678/2011;3126;3;8
884.191/2021;3127;2;8
896.127/2005;3128;1;8
860.423/2016;3129;3;8
860.876/2016;3130;3;8
848.119/2017;3131;3;8
860.330/2017;3132;3;8
861.171/2016;3133;3;8
860.126/2018;3134;3;8
851.048/2016;3135;3;8
886.299/2016;3136;3;8
884.075/2005;3137;3;8
860.915/2017;3138;3;8
848.182/2016;3139;3;8
848.117/2017;3140;3;8
880.105/2014;3141;3;8
830.555/2018;3142;3;8
884.073/2005;3143;3;8
830.658/2011;3144;3;8
860.162/2019;3145;3;8
848.221/2015;3146;1;8
868.018/2018;3147;3;8
886.587/2011;3148;3;8
830.726/2018;3149;3;8
880.154/2014;3150;3;8
861.006/2012;3151;3;8
871.442/2010;3152;1;8
851.013/2011;3153;3;8
880.017/2017;3154;3;8
810.383/2017;3155;3;8
810.384/2017;3156;3;8
810.386/2017;3157;3;8
810.387/2017;3158;3;8
820.125/2018;3159;3;8
864.051/2018;3160;3;8
864.063/2018;3161;3;8
864.063/2019;3162;3;8
864.160/2011;3163;3;8
870.412/1986;3164;1;8
870.795/1988;3165;1;8
870.974/2012;3166;3;8
871.592/2008;3167;3;8
873.293/2007;3168;3;8
873.702/2007;3169;3;8
840.254/2013;3171;3;8
840.327/2009;3172;3;8
846.155/2012;3173;3;8
846.160/2012;3174;3;8
846.165/2012;3175;3;8
864.084/2009;3176;3;8
866.861/2018;3177;3;8
832.052/2006;3178;1;8
810.790/2014;3179;3;8
871.698/2010;3180;1;8
880.034/2018;3181;3;8
750.201/1942;3182;1;8
860.701/2017;3183;3;8
860.361/2019;3184;3;8
872.860/2016;3185;3;8
860.485/2018;3186;3;8
861.279/2016;3187;3;8
860.862/2018;3188;3;8
846.291/2012;3189;3;8
862.527/2011;3190;3;8
810.120/2015;3191;3;8
871.494/2016;3192;3;8
840.474/2012;3193;3;8
840.476/2012;3194;3;8
861.707/2013;3195;3;8
864.218/2021;3196;1;8
860.868/2018;3197;3;8
872.323/2016;3198;3;8
861.997/2013;3199;3;8
860.065/2012;3200;3;8
872.395/2021;3201;2;8
860.296/2016;3202;3;8
860.324/2019;3203;3;8
861.794/2007;3204;3;8
846.552/2011;3205;3;8
870.297/2012;3206;3;8
862.913/2011;3207;3;8
862.907/2011;3208;3;8
860.143/2012;3209;3;8
860.059/2016;3210;3;8
860.060/2016;3211;3;8
848.253/2016;3212;3;8
848.413/2011;3213;3;8
850.987/2011;3214;3;8
810.131/2015;3215;3;8
810.132/2015;3216;3;8
826.228/2017;3217;3;8
826.227/2017;3218;3;8
861.458/2016;3219;3;8
870.653/2019;3220;3;8
860.225/2012;3221;3;8
832.688/2008;3222;3;8
871.372/2019;3223;2;8
871.373/2019;3224;2;8
871.063/2019;3225;3;8
870.752/2014;3226;3;8
861.729/2011;3227;3;8
861.079/2017;3228;3;8
860.115/2019;3229;3;8
860.194/2019;3230;1;8
860.010/2020;3231;1;8
826.185/2013;3232;3;8
826.050/2023;3233;2;8
810.550/2008;3234;3;8
810.873/2013;3235;3;8
810.857/2012;3236;3;8
810.843/2012;3237;3;8
810.856/2012;3238;3;8
810.490/2012;3239;3;8
811.566/2015;3240;3;8
811.624/2015;3241;3;8
810.698/2009;3242;3;8
810.312/2011;3243;3;8
810.624/1994;3244;1;8
810.623/1994;3245;1;8
810.375/2010;3246;3;8
810.376/2010;3247;3;8
811.453/2016;3248;3;8
810.127/2018;3249;3;8
848.231/2019;3250;1;8
850.748/1996;3251;1;8
880.076/2014;3252;3;8
810.519/2011;3253;3;8
810.005/2016;3254;3;8
860.990/2014;3256;3;8
860.768/2015;3257;3;8
860.440/2012;3258;3;8
860.143/2017;3259;1;8
860.555/2012;3260;3;8
862.093/2007;3261;1;8
831.403/2021;3262;1;8
826.289/2016;3263;3;8
860.854/2019;3264;1;8
846.150/2014;3265;3;8
861.018/2016;3266;3;8
846.154/2009;3267;3;8
810.264/2010;3268;1;8
810.844/2012;3269;3;8
810.847/2012;3270;3;8
811.700/2012;3271;3;8
862.813/2011;3272;3;8
840.476/2013;3273;3;8
848.072/2008;3274;3;8
871.762/2008;3275;3;8
860.629/2018;3276;3;8
848.207/2011;3277;3;8
884.091/2020;3278;2;8
846.213/2011;3279;3;8
860.428/2018;3280;3;8
866.568/2018;3281;3;8
866.590/2018;3282;3;8
866.587/2018;3283;3;8
866.580/2018;3284;3;8
866.579/2018;3285;3;8
866.567/2018;3286;3;8
866.566/2018;3287;3;8
866.565/2018;3288;3;8
866.835/2017;3289;3;8
860.497/2012;3290;3;8
860.499/2012;3291;1;8
862.125/2011;3292;1;8
866.066/2017;3293;3;8
860.683/2009;3294;3;8
860.684/2009;3295;3;8
861.618/2009;3296;3;8
826.283/2020;3297;2;8
850.040/2012;3298;3;8
880.018/2017;3299;3;8
866.537/2018;3300;3;8
866.538/2018;3301;3;8
866.175/2010;3302;3;8
866.551/2018;3303;3;8
866.553/2018;3304;3;8
866.550/2018;3305;3;8
866.539/2018;3306;3;8
867.099/2017;3307;3;8
850.302/2009;3308;3;8
866.048/2017;3309;3;8
866.070/2017;3310;3;8
866.072/2017;3311;3;8
866.603/2018;3312;3;8
866.606/2018;3313;3;8
866.046/2017;3314;3;8
815.141/2009;3315;3;8
848.030/2017;3316;3;8
866.092/2019;3317;3;8
872.211/2014;3318;3;8
860.584/2019;3319;3;8
866.514/2018;3320;3;8
867.162/2017;3321;3;8
846.013/2016;3322;1;8
860.933/2012;3323;3;8
830.846/2019;3324;3;8
860.511/2019;3325;3;8
826.563/2017;3326;3;8
861.283/2016;3327;3;8
861.285/2016;3328;3;8
871.106/2019;3329;3;8
871.105/2019;3330;3;8
860.128/2018;3331;3;8
860.129/2018;3332;3;8
860.892/2017;3333;3;8
871.138/2011;3334;3;8
871.527/2021;3335;1;8
870.219/2012;3336;3;8
870.224/2012;3337;3;8
871.092/2019;3338;3;8
860.189/2021;3339;1;8
871.132/2010;3340;3;8
860.016/2019;3341;3;8
870.517/2022;3342;2;8
870.518/2022;3343;2;8
870.519/2022;3344;2;8
870.520/2022;3345;2;8
860.339/2020;3346;1;8
810.429/2010;3347;3;8
861.186/2022;3348;2;8
860.205/2015;3349;3;8
860.658/2022;3350;2;8
861.095/2016;3351;3;8
871.687/2018;3352;3;8
840.014/2019;3353;3;8
871.714/2018;3354;3;8
860.239/2018;3355;3;8
870.794/2010;3356;3;8
870.959/2017;3357;3;8
870.021/2019;3358;3;8
872.655/2011;3359;3;8
867.035/2017;3360;3;8
826.122/2019;3361;3;8
840.309/2017;3362;3;8
866.615/2018;3363;3;8
866.010/2017;3364;3;8
860.935/2019;3365;2;8
861.477/2021;3366;2;8
826.096/2018;3367;3;8
826.095/2018;3368;3;8
826.236/2020;3369;1;8
826.069/2018;3370;3;8
826.117/2019;3371;3;8
826.119/2019;3372;3;8
826.225/2020;3373;1;8
861.040/2017;3374;3;8
870.627/2016;3375;3;8
860.496/2020;3376;1;8
872.095/2021;3377;2;8
880.222/2013;3378;3;8
860.506/2022;3379;2;8
861.080/2017;3380;3;8
861.114/2016;3381;3;8
886.117/2021;3382;2;8
886.005/2018;3383;1;8
880.405/2022;3384;2;8
860.627/2017;3385;3;8
861.003/2016;3386;3;8
850.571/2007;3387;3;8
860.235/2011;3388;1;8
866.052/2018;3389;3;8
848.387/2013;3390;3;8
870.931/2019;3391;3;8
870.381/2012;3392;3;8
848.031/2017;3393;3;8
840.130/2012;3394;3;8
870.731/2013;3395;3;8
860.057/2016;3396;3;8
848.444/2011;3397;3;8
820.844/2011;3398;3;8
820.846/2011;3399;3;8
858.062/2007;3400;3;8
851.117/2008;3401;3;8
872.680/2009;3402;3;8
871.375/2010;3403;3;8
871.558/2013;3404;3;8
866.112/2016;3405;3;8
866.557/2017;3406;3;8
871.156/2018;3407;3;8
830.359/2012;3408;3;8
831.794/2021;3409;2;8
850.018/2007;3412;3;8
850.902/2007;3413;3;8
850.128/2008;3414;3;8
850.446/2008;3415;3;8
851.151/2008;3416;3;8
851.230/2008;3417;3;8
851.266/2008;3418;3;8
850.435/2010;3419;3;8
850.142/2012;3420;3;8
851.313/2013;3421;3;8
850.508/2016;3422;3;8
864.223/2017;3423;3;8
850.084/2018;3424;3;8
850.314/2018;3425;3;8
850.301/2019;3426;3;8
880.549/2008;3427;3;8
866.083/2019;3429;3;8
866.082/2019;3430;3;8
866.081/2019;3431;3;8
760.107/1996;3432;1;8
801.453/1976;3433;1;8
810.480/2016;3434;3;8
811.287/2013;3435;3;8
830.273/1999;3436;1;8
830.438/1999;3437;1;8
830.672/2005;3438;3;8
830.754/2008;3439;3;8
830.853/2009;3440;3;8
830.974/2010;3441;1;8
830.982/2000;3442;1;8
831.114/2014;3443;1;8
831.334/2008;3444;3;8
831.347/2005;3445;1;8
831.560/2012;3446;1;8
831.718/2009;3447;1;8
832.121/2000;3449;3;8
832.510/2005;3451;1;8
832.668/2005;3452;3;8
832.837/2010;3453;3;8
833.076/2012;3454;3;8
833.112/2011;3455;1;8
833.175/2003;3456;1;8
833.456/2006;3457;1;8
833.629/2011;3458;1;8
833.631/2007;3459;1;8
834.038/2011;3460;3;8
834.039/2011;3461;3;8
834.290/2008;3462;1;8
834.390/1993;3463;1;8
846.013/2009;3464;3;8
846.043/2006;3465;3;8
846.064/2003;3466;1;8
846.185/2007;3467;1;8
846.213/2000;3468;3;8
846.229/2003;3469;1;8
846.242/2002;3470;3;8
846.326/2002;3471;1;8
846.327/2002;3472;1;8
848.211/2015;3473;3;8
860.168/2004;3474;1;8
860.378/2005;3475;1;8
860.669/2010;3476;1;8
860.722/2015;3477;1;8
860.869/2014;3478;1;8
860.882/2008;3479;1;8
861.204/2014;3480;3;8
861.338/2007;3481;1;8
870.431/2009;3482;1;8
878.059/2006;3483;1;8
890.090/1980;3484;1;8
811.020/2015;3485;3;8
800.936/1976;3486;1;8
815.686/2006;3487;1;8
820.576/2010;3488;3;8
820.642/2007;3489;1;8
820.941/2014;3490;1;8
826.007/1989;3491;1;8
826.016/2016;3492;1;8
826.037/2001;3493;1;8
826.070/1999;3495;1;8
826.071/2002;3496;1;8
826.094/2004;3497;1;8
826.128/2017;3498;1;8
826.147/2000;3499;1;8
826.170/2002;3500;1;8
826.199/2000;3501;1;8
826.199/2009;3502;1;8
826.239/1998;3503;1;8
826.270/2000;3504;1;8
826.313/1999;3505;1;8
826.317/2008;3506;3;8
826.336/2000;3507;1;8
826.361/2010;3508;1;8
826.433/2003;3509;1;8
826.510/2006;3510;1;8
826.511/2004;3511;1;8
826.517/2011;3512;1;8
826.527/2005;3513;1;8
826.591/2013;3514;1;8
826.705/2001;3515;1;8
826.717/2015;3516;3;8
826.737/2009;3517;1;8
826.753/2005;3518;1;8
826.755/2011;3519;3;8
830.191/2006;3520;1;8
830.730/2009;3521;1;8
830.815/2008;3522;3;8
831.000/2000;3523;1;8
831.341/2001;3524;1;8
831.710/2012;3525;1;8
832.331/2008;3526;1;8
832.400/2007;3527;3;8
832.548/2009;3528;3;8
832.549/2009;3529;3;8
832.630/2008;3530;1;8
833.930/2013;3531;1;8
846.010/2011;3532;1;8
846.028/2002;3533;3;8
846.076/1997;3534;1;8
846.204/2007;3535;1;8
846.211/2003;3536;1;8
846.224/2007;3537;1;8
846.243/2007;3538;3;8
848.033/2014;3539;3;8
860.240/2014;3540;1;8
860.241/2014;3541;1;8
860.358/2018;3542;3;8
860.428/2000;3543;1;8
860.553/2010;3544;1;8
860.557/2014;3545;1;8
860.605/2014;3546;1;8
860.704/2010;3547;1;8
860.720/2008;3548;1;8
860.797/2011;3549;1;8
860.848/2015;3550;1;8
861.419/2015;3552;3;8
862.082/2013;3553;1;8
862.175/2005;3554;1;8
870.848/2013;3555;1;8
871.264/2011;3556;1;8
871.714/2013;3557;1;8
890.101/1994;3558;1;8
890.157/1992;3559;1;8
890.203/2005;3560;3;8
890.249/1994;3562;1;8
890.397/1992;3563;1;8
890.436/1991;3564;1;8
890.641/2006;3565;1;8
890.663/2010;3566;1;8
896.044/2001;3567;3;8
896.276/1998;3568;1;8
896.278/1998;3569;1;8
896.280/1998;3570;1;8
896.322/2000;3571;1;8
896.781/1995;3572;1;8
834.162/2011;3574;3;8
834.273/2011;3575;1;8
831.239/2009;3576;1;8
831.443/2010;3577;1;8
840.133/2014;3578;3;8
826.741/2011;3579;3;8
861.145/2015;3580;1;8
826.030/2013;3581;1;8
860.112/2019;3583;3;8
830.349/2009;3584;1;8
831.372/2009;3585;1;8
831.388/2012;3586;1;8
810.178/1988;3587;1;8
810.235/1993;3588;1;8
861.276/2021;3589;2;8
811.035/2010;3590;3;8
811.036/2010;3591;3;8
834.406/2011;3592;3;8
861.046/2017;3593;1;8
826.422/2018;3594;3;8
826.136/2019;3595;1;8
830.212/2001;3596;1;8
846.089/2006;3597;1;8
300.091/2020;3598;2;8
300.019/2019;3599;2;8
300.076/2017;3600;2;8
300.119/2018;3601;2;8
300.129/2020;3602;2;8
300.136/2013;3603;2;8
300.142/2018;3604;2;8
300.183/2016;3605;2;8
300.239/2019;3606;2;8
300.348/2020;3607;2;8
300.441/2020;3608;2;8
300.604/2018;3609;2;8
300.628/2021;3610;2;8
300.655/2017;3611;2;8
300.718/2019;3612;2;8
300.782/2016;3613;2;8
300.869/2019;3614;2;8
301.021/2021;3615;2;8
301.056/2020;3616;2;8
301.104/2011;3617;2;8
301.135/2020;3618;2;8
303.010/2017;3619;2;8
303.378/2018;3620;2;8
800.088/2016;3621;3;8
800.432/2016;3622;3;8
800.464/2017;3623;3;8
800.588/2017;3624;3;8
800.606/2016;3625;3;8
801.086/2012;3626;3;8
803.234/2012;3627;3;8
806.029/2017;3628;3;8
810.077/2018;3629;3;8
810.167/2018;3630;3;8
810.244/2016;3631;3;8
810.352/2006;3632;1;8
810.668/2006;3633;3;8
810.740/2018;3634;3;8
810.800/2018;3635;3;8
810.802/2021;3636;2;8
810.868/2014;3637;3;8
811.429/2014;3638;3;8
815.341/2015;3639;3;8
815.351/2003;3640;3;8
815.585/2014;3641;3;8
815.606/2006;3642;3;8
820.105/2015;3643;3;8
820.423/1996;3644;1;8
820.729/2021;3645;1;8
826.569/2017;3646;3;8
826.638/2017;3647;3;8
826.808/2016;3648;3;8
826.837/2016;3649;3;8
830.131/2014;3650;3;8
830.408/2010;3651;3;8
830.545/2017;3652;3;8
830.588/2016;3653;3;8
831.014/1990;3654;1;8
831.552/2014;3655;3;8
832.122/2012;3656;3;8
832.291/2013;3657;3;8
833.085/2015;3658;3;8
833.425/2011;3659;3;8
834.294/2008;3660;3;8
840.010/2017;3661;3;8
840.036/2017;3662;3;8
840.039/2017;3663;3;8
840.064/2008;3664;3;8
840.139/2015;3665;3;8
840.534/2017;3666;3;8
846.018/2013;3667;3;8
846.019/2016;3668;3;8
846.021/2017;3669;3;8
846.025/2015;3670;3;8
846.028/2018;3671;3;8
846.042/2016;3672;1;8
846.043/2016;3673;1;8
846.044/2016;3674;1;8
846.053/2016;3675;3;8
846.058/2008;3676;3;8
846.060/2018;3677;3;8
846.061/2014;3678;3;8
846.066/2009;3679;3;8
846.070/2016;3680;3;8
846.073/2019;3681;3;8
846.091/2017;3682;3;8
846.099/2009;3683;3;8
846.103/2016;3684;3;8
846.110/2013;3685;3;8
846.119/2015;3686;3;8
846.129/2016;3687;1;8
846.143/2018;3688;3;8
846.144/2017;3689;3;8
846.144/2018;3690;3;8
846.145/2018;3691;3;8
846.146/2014;3692;3;8
846.146/2018;3693;3;8
846.148/2018;3694;3;8
846.155/2016;3695;1;8
846.156/2015;3696;3;8
846.158/2016;3697;1;8
846.159/2016;3698;1;8
846.174/2016;3699;3;8
846.178/2016;3700;3;8
846.181/2012;3701;3;8
846.182/2010;3702;3;8
846.183/2011;3703;1;8
846.185/2015;3704;3;8
846.188/2011;3705;3;8
846.229/2017;3706;3;8
846.233/2013;3707;3;8
846.246/2013;3708;3;8
846.280/2004;3709;1;8
846.298/2015;3710;3;8
846.383/2012;3711;3;8
846.449/2007;3712;3;8
846.450/2007;3713;3;8
846.500/2008;3714;3;8
846.520/2012;3715;3;8
846.524/2012;3716;3;8
846.567/2008;3717;3;8
850.076/2013;3718;3;8
850.142/2016;3719;3;8
850.155/2015;3720;3;8
850.485/2014;3721;3;8
850.498/2015;3722;3;8
850.607/2017;3723;3;8
850.752/2015;3724;3;8
850.791/2015;3725;3;8
851.039/2011;3726;3;8
851.040/2011;3727;3;8
851.041/2011;3728;3;8
860.280/2016;3729;3;8
860.406/2015;3730;3;8
860.423/2017;3731;3;8
860.682/2017;3733;3;8
860.982/2015;3734;3;8
868.244/2016;3735;3;8
870.133/2019;3736;3;8
870.496/2011;3737;3;8
870.754/2017;3738;3;8
870.894/2019;3739;3;8
870.919/2017;3740;3;8
870.929/2017;3741;3;8
871.123/2010;3742;3;8
871.324/2016;3743;1;8
872.126/2006;3744;3;8
872.204/2016;3745;3;8
872.647/2015;3746;3;8
872.795/2016;3747;1;8
878.019/2010;3748;3;8
878.049/2019;3749;3;8
878.060/2018;3750;3;8
878.071/2016;3751;3;8
878.074/2017;3752;3;8
878.078/2017;3753;3;8
880.111/2019;3754;3;8
884.003/2016;3755;3;8
884.013/2009;3756;3;8
884.016/2016;3757;3;8
884.019/2004;3758;1;8
884.024/2016;3759;3;8
884.063/2016;3760;3;8
884.078/2010;3761;1;8
884.084/2014;3762;3;8
884.085/2011;3763;3;8
884.120/2011;3764;3;8
884.147/2014;3765;3;8
884.165/2015;3766;3;8
884.166/2014;3767;1;8
886.061/2013;3768;3;8
886.078/2017;3769;3;8
890.457/2012;3770;3;8
890.848/2012;3771;3;8
896.017/2018;3772;3;8
896.041/2016;3773;3;8
896.046/2002;3774;3;8
896.078/2020;3775;1;8
896.219/2004;3777;3;8
896.236/2013;3778;3;8
896.340/2002;3779;3;8
896.456/2010;3780;3;8
896.490/2014;3781;3;8
896.513/2007;3782;3;8
896.548/2008;3783;3;8
896.553/2003;3784;3;8
896.582/2011;3785;3;8
896.603/2013;3786;3;8
896.617/2013;3787;3;8
896.624/2009;3788;1;8
896.631/2011;3789;1;8
896.653/2013;3790;3;8
896.658/2008;3791;3;8
896.906/2006;3792;3;8
800.124/2017;3793;3;8
896.724/2008;3794;3;8
896.320/2012;3795;3;8
868.009/2018;3796;3;8
300.264/2014;3797;2;8
846.014/2017;3798;3;8
866.308/2016;3799;3;8
810.388/1983;3800;1;8
810.024/2009;3801;3;8
811.250/1996;3802;1;8
811.117/2009;3803;3;8
810.026/2009;3804;3;8
810.050/2015;3805;3;8
810.065/2014;3806;1;8
810.509/2004;3807;1;8
810.674/2016;3808;3;8
810.675/2016;3809;3;8
810.473/2017;3810;3;8
810.199/1983;3811;1;8
802.527/1977;3812;1;8
811.687/2015;3813;3;8
810.574/2017;3814;3;8
810.146/1987;3815;1;8
810.557/2003;3816;1;8
810.359/1984;3817;1;8
810.089/2005;3818;3;8
810.095/1985;3819;1;8
810.405/2014;3820;3;8
810.219/1990;3821;1;8
810.856/1995;3822;1;8
810.288/2016;3823;3;8
810.646/2006;3824;3;8
811.153/2017;3825;3;8
810.083/2016;3826;3;8
810.537/2018;3827;3;8
810.040/2019;3828;3;8
810.058/1985;3829;1;8
810.535/2018;3830;3;8
303.138/2018;3831;2;8
810.567/2015;3832;3;8
840.306/2016;3833;3;8
300.034/2020;3834;2;8
300.081/2022;3835;2;8
300.093/2018;3836;2;8
300.122/2017;3837;2;8
300.139/2018;3838;2;8
300.187/2016;3839;2;8
300.188/2021;3840;2;8
300.203/2016;3841;2;8
300.208/2021;3842;2;8
300.209/2021;3843;2;8
300.250/2022;3844;2;8
300.251/2021;3845;2;8
300.251/2022;3846;2;8
300.285/2018;3847;2;8
300.303/2019;3848;2;8
300.309/2021;3849;2;8
300.314/2016;3850;2;8
300.319/2020;3851;2;8
300.321/2018;3852;2;8
300.346/2021;3853;2;8
300.349/2021;3854;2;8
300.367/2022;3855;2;8
300.407/2021;3856;2;8
300.409/2021;3857;2;8
300.423/2021;3858;2;8
300.438/2021;3859;2;8
300.438/2022;3860;2;8
300.474/2022;3861;2;8
300.503/2017;3862;2;8
300.523/2020;3863;2;8
300.536/2020;3864;2;8
300.572/2022;3865;2;8
300.575/2021;3866;2;8
300.578/2016;3867;2;8
300.587/2021;3868;2;8
300.610/2018;3869;2;8
300.612/2018;3870;2;8
300.653/2021;3871;2;8
300.667/2018;3872;2;8
300.670/2022;3873;2;8
300.672/2022;3874;2;8
300.675/2016;3875;2;8
300.675/2022;3876;2;8
300.725/2022;3877;2;8
300.735/2018;3878;2;8
300.743/2020;3879;2;8
300.744/2022;3880;2;8
300.753/2022;3881;2;8
300.775/2021;3882;2;8
300.801/2021;3883;2;8
300.804/2021;3884;2;8
300.813/2019;3885;2;8
300.826/2021;3886;2;8
300.829/2021;3887;2;8
300.833/2020;3888;2;8
300.839/2020;3889;2;8
300.843/2018;3890;2;8
300.851/2020;3891;2;8
300.859/2016;3892;2;8
300.865/2021;3893;2;8
300.876/2021;3894;2;8
300.886/2017;3895;2;8
300.898/2014;3896;2;8
300.913/2021;3897;2;8
300.923/2020;3898;2;8
300.925/2017;3899;2;8
300.939/2019;3900;2;8
300.948/2020;3901;2;8
300.962/2021;3902;2;8
300.976/2016;3903;2;8
300.989/2016;3904;2;8
300.990/2021;3905;2;8
301.011/2020;3906;2;8
301.029/2021;3907;2;8
301.031/2019;3908;2;8
301.124/2016;3909;2;8
301.128/2016;3910;2;8
301.129/2021;3911;2;8
301.159/2021;3912;2;8
301.172/2021;3913;2;8
301.220/2021;3914;2;8
301.221/2021;3915;2;8
301.247/2021;3916;2;8
301.254/2021;3917;2;8
301.283/2020;3918;2;8
302.609/2015;3919;2;8
303.084/2017;3920;2;8
303.123/2017;3921;2;8
303.196/2018;3922;2;8
303.402/2018;3923;2;8
304.103/2017;3924;2;8
800.334/2017;3925;3;8
800.395/2015;3926;3;8
800.396/2015;3927;3;8
800.514/2016;3928;3;8
800.962/1972;3929;1;8
810.005/1985;3930;1;8
810.006/1985;3931;1;8
810.019/2009;3932;3;8
810.027/2009;3933;3;8
810.032/2014;3934;3;8
810.044/2002;3935;3;8
810.058/2011;3936;2;8
810.086/2016;3937;3;8
810.091/2018;3938;3;8
810.134/2008;3939;1;8
810.148/1998;3940;1;8
810.186/1983;3941;1;8
810.263/2016;3942;3;8
810.267/2010;3943;3;8
810.301/2009;3944;3;8
810.368/2011;3945;3;8
810.370/2016;3946;3;8
810.389/2015;3947;3;8
810.407/1984;3948;1;8
810.414/2017;3949;3;8
810.444/1984;3950;1;8
810.448/2012;3951;3;8
810.449/2012;3952;3;8
810.456/2008;3953;3;8
810.477/2008;3954;3;8
810.485/2015;3955;3;8
810.501/2008;3956;3;8
810.504/2014;3957;3;8
810.524/2006;3958;3;8
810.540/2021;3959;2;8
810.558/2015;3960;3;8
810.561/2010;3961;3;8
810.565/2010;3962;3;8
810.596/2015;3963;1;8
810.597/2010;3964;3;8
810.600/2016;3965;3;8
810.644/2020;3966;1;8
810.669/2014;3967;3;8
810.672/2012;3968;3;8
810.720/2021;3969;2;8
810.783/2013;3970;1;8
810.792/2009;3971;3;8
810.795/2016;3972;3;8
810.814/2020;3973;2;8
810.815/2020;3974;2;8
810.816/2020;3975;2;8
810.817/2020;3976;2;8
810.820/2017;3977;3;8
810.835/2015;3978;3;8
810.916/2011;3979;1;8
810.941/2006;3980;3;8
810.945/2017;3981;3;8
811.014/2009;3982;3;8
811.021/2009;3983;3;8
811.023/2014;3984;3;8
811.025/2009;3985;3;8
811.028/2009;3986;3;8
811.034/2009;3987;3;8
811.051/2009;3988;3;8
811.055/2009;3989;3;8
811.058/2009;3990;3;8
811.059/2009;3991;3;8
811.060/2009;3992;3;8
811.061/2009;3993;3;8
811.062/2009;3994;3;8
811.063/2009;3995;3;8
811.064/2009;3996;3;8
811.065/2009;3997;3;8
811.066/2009;3998;3;8
811.083/2016;3999;3;8
811.096/2013;4000;3;8
811.164/2016;4001;3;8
811.222/2014;4002;3;8
811.261/2013;4003;3;8
811.291/2015;4004;3;8
811.341/2015;4005;3;8
811.382/2013;4006;3;8
811.393/2011;4007;3;8
811.463/2016;4008;3;8
811.485/2013;4009;3;8
811.485/2015;4010;3;8
811.512/2012;4011;3;8
811.659/2015;4012;3;8
812.325/1974;4013;1;8
815.434/2017;4014;3;8
820.046/2001;4015;3;8
820.153/2015;4016;3;8
820.158/2012;4017;3;8
820.161/2012;4018;3;8
820.376/2015;4019;3;8
820.378/2015;4020;3;8
820.454/2001;4021;1;8
820.468/2010;4022;3;8
820.569/2008;4023;3;8
820.571/2008;4024;3;8
820.572/2008;4025;3;8
820.716/2013;4026;3;8
820.873/2013;4027;3;8
820.901/2014;4028;3;8
820.962/2014;4029;3;8
821.049/2012;4030;3;8
821.063/2015;4031;3;8
826.055/2009;4032;3;8
826.078/2017;4033;3;8
826.083/2017;4034;3;8
826.161/2017;4035;3;8
826.211/2017;4036;3;8
826.246/2017;4037;3;8
826.251/2017;4038;3;8
826.321/2017;4039;3;8
826.401/2015;4040;3;8
826.419/2016;4041;3;8
826.445/2014;4042;3;8
826.446/2017;4043;3;8
826.475/2013;4044;1;8
826.476/2017;4045;3;8
826.479/2016;4046;3;8
826.486/2017;4047;3;8
826.493/2016;4048;3;8
826.549/2017;4049;3;8
826.550/2017;4050;3;8
826.562/2016;4051;3;8
826.616/2016;4052;3;8
826.623/2016;4053;1;8
826.630/2016;4054;3;8
826.635/2017;4055;1;8
826.640/2014;4056;3;8
826.640/2017;4057;3;8
826.641/2016;4058;3;8
826.642/2016;4059;3;8
826.673/2016;4060;3;8
826.752/2016;4061;3;8
826.805/2016;4062;3;8
826.850/2016;4063;3;8
826.885/2016;4064;3;8
827.012/2014;4065;3;8
830.527/2014;4066;3;8
831.820/2016;4067;3;8
832.281/2015;4068;3;8
832.295/2014;4069;3;8
832.452/2016;4070;3;8
833.655/2007;4071;3;8
833.954/2012;4072;3;8
840.107/2018;4073;3;8
840.134/2014;4074;3;8
840.140/2017;4075;3;8
840.152/2009;4076;3;8
840.153/2017;4077;3;8
840.229/2014;4078;3;8
840.230/2014;4079;3;8
840.234/2013;4080;3;8
840.318/2018;4081;3;8
840.324/2014;4082;3;8
840.325/2014;4083;3;8
846.098/2016;4084;3;8
846.132/2017;4085;3;8
846.133/2017;4086;3;8
846.168/2017;4087;3;8
846.205/2018;4088;3;8
848.100/2015;4089;3;8
848.210/2016;4090;1;8
848.267/2016;4091;3;8
848.268/2015;4092;3;8
848.294/2016;4093;3;8
848.310/2014;4094;3;8
848.327/2013;4095;3;8
850.099/2015;4096;3;8
850.816/2009;4097;3;8
851.163/2011;4098;3;8
851.230/2013;4099;3;8
860.066/2016;4100;3;8
860.067/2016;4101;3;8
860.070/2016;4102;3;8
860.091/2012;4103;3;8
860.225/2018;4104;3;8
860.230/2015;4105;3;8
860.231/2014;4106;3;8
860.285/2015;4107;3;8
860.306/2013;4108;3;8
860.352/2017;4109;3;8
860.374/2013;4110;3;8
860.375/2018;4111;3;8
860.376/2009;4112;3;8
860.429/2016;4113;1;8
860.512/2017;4114;3;8
860.515/2016;4115;3;8
860.720/2016;4116;3;8
860.801/2016;4117;3;8
860.859/2013;4118;3;8
860.950/2015;4119;3;8
860.984/2015;4120;3;8
861.083/2017;4121;3;8
861.108/2016;4122;3;8
861.158/2015;4123;3;8
861.353/2008;4124;3;8
861.416/2013;4125;3;8
861.466/2015;4126;3;8
861.568/2013;4127;1;8
861.635/2012;4128;3;8
861.660/2013;4129;3;8
861.735/2010;4130;3;8
861.936/2005;4131;3;8
861.972/2013;4132;3;8
862.073/2013;4133;3;8
864.031/2016;4134;3;8
864.087/2016;4135;3;8
864.088/2016;4136;3;8
864.119/2015;4137;3;8
864.143/2017;4138;3;8
864.174/2005;4139;3;8
864.266/2010;4140;3;8
864.289/2016;4141;3;8
864.329/2016;4142;3;8
864.335/2015;4143;3;8
864.596/2007;4144;3;8
866.305/2016;4145;3;8
866.612/2017;4146;3;8
866.826/2014;4147;3;8
868.287/2015;4148;3;8
870.366/2020;4149;2;8
870.509/2002;4150;3;8
870.673/2020;4151;2;8
870.934/2018;4152;3;8
871.083/2015;4153;3;8
871.214/2013;4154;3;8
871.232/2016;4155;3;8
871.875/2014;4156;3;8
871.914/2016;4157;3;8
872.101/2014;4158;3;8
872.145/2014;4159;3;8
872.272/2016;4160;3;8
872.441/2013;4161;3;8
872.507/2009;4162;3;8
878.028/2001;4163;3;8
878.095/2015;4164;3;8
878.103/2013;4165;3;8
878.123/2007;4166;3;8
880.154/2008;4167;3;8
884.062/2012;4168;3;8
886.429/2013;4169;3;8
890.003/2013;4170;3;8
890.216/2016;4171;3;8
890.236/2009;4172;3;8
890.255/2003;4173;1;8
890.335/2015;4174;3;8
890.432/2016;4175;3;8
890.454/2016;4176;3;8
890.479/2006;4177;1;8
890.598/2010;4178;1;8
890.723/2012;4179;3;8
890.851/2012;4180;3;8
890.899/2014;4181;3;8
891.363/1994;4182;1;8
896.041/2017;4183;3;8
896.058/2008;4184;3;8
896.075/2016;4185;3;8
896.084/1999;4186;1;8
896.096/2016;4187;3;8
896.097/2013;4188;3;8
896.098/2013;4189;3;8
896.149/2013;4190;3;8
896.187/2015;4191;3;8
896.258/2011;4192;3;8
896.356/2014;4193;3;8
896.370/2006;4194;3;8
896.488/2000;4195;3;8
896.503/2007;4196;3;8
896.520/2011;4197;3;8
896.832/2009;4198;1;8
884.162/2021;4199;2;8
810.450/2021;4200;1;8
878.069/2018;4201;3;8
300.785/2019;4202;2;8
303.182/2017;4203;2;8
300.424/2018;4204;2;8
300.128/2018;4205;2;8
300.384/2020;4206;2;8
864.273/2015;4207;3;8
300.484/2017;4208;2;8
300.189/2019;4209;2;8
300.433/2019;4210;2;8
300.790/2019;4211;2;8
300.210/2017;4212;2;8
300.282/2019;4213;2;8
300.156/2019;4214;2;8
300.014/2019;4215;2;8
300.341/2018;4216;2;8
300.069/2018;4217;2;8
300.115/2019;4218;2;8
830.489/2016;4219;3;8
303.176/2018;4220;2;8
300.630/2018;4221;2;8
831.883/2014;4222;3;8
300.299/2018;4223;2;8
300.164/2018;4224;2;8
831.474/2016;4225;3;8
300.485/2018;4226;2;8
300.697/2018;4227;2;8
860.733/2011;4228;3;8
300.323/2020;4229;2;8
300.587/2020;4230;2;8
300.583/2018;4231;2;8
303.275/2018;4232;2;8
300.570/2018;4233;2;8
300.070/2018;4234;2;8
300.379/2018;4235;2;8
860.983/2014;4236;3;8
300.784/2019;4237;2;8
300.123/2018;4238;2;8
303.303/2018;4239;2;8
831.508/2015;4240;3;8
806.063/2016;4241;3;8
300.766/2018;4242;2;8
806.344/2012;4243;3;8
300.061/2018;4244;2;8
300.312/2019;4245;2;8
300.504/2019;4246;2;8
300.402/2019;4247;2;8
300.789/2019;4248;2;8
300.786/2019;4249;2;8
300.293/2020;4250;2;8
300.666/2019;4251;2;8
300.340/2018;4252;2;8
300.251/2019;4253;2;8
300.445/2019;4254;2;8
300.769/2019;4255;2;8
300.110/2018;4256;2;8
300.297/2018;4257;2;8
300.773/2019;4258;2;8
300.600/2018;4259;2;8
300.116/2020;4260;2;8
300.787/2019;4261;2;8
303.105/2017;4262;2;8
832.722/2016;4263;3;8
832.374/2015;4264;3;8
300.775/2019;4265;2;8
300.204/2020;4266;2;8
300.136/2018;4267;2;8
303.337/2018;4268;2;8
831.816/2016;4269;3;8
300.463/2018;4270;2;8
300.384/2018;4271;2;8
300.776/2019;4272;2;8
300.779/2019;4273;2;8
806.105/2017;4274;3;8
300.545/2017;4275;2;8
300.764/2019;4276;2;8
300.791/2019;4277;2;8
303.340/2018;4278;2;8
300.530/2019;4279;2;8
300.670/2018;4280;2;8
300.788/2019;4281;2;8
300.060/2018;4282;2;8
300.671/2020;4283;2;8
300.099/2020;4284;2;8
300.144/2018;4285;2;8
300.778/2019;4286;2;8
300.432/2019;4287;2;8
830.727/2018;4288;3;8
300.728/2018;4289;2;8
300.772/2019;4290;2;8
300.612/2017;4291;2;8
300.315/2019;4292;2;8
806.073/2014;4293;3;8
300.187/2019;4294;2;8
300.666/2018;4295;2;8
300.818/2019;4296;2;8
300.774/2019;4297;2;8
300.485/2017;4298;2;8
300.766/2019;4299;2;8
300.295/2018;4300;2;8
303.341/2018;4301;2;8
300.307/2019;4302;2;8
300.339/2019;4303;2;8
300.782/2019;4304;2;8
830.082/2014;4305;3;8
861.210/2021;4306;2;8
860.598/2016;4307;1;8
846.034/2011;4308;3;8
300.756/2022;4309;2;8
826.238/2010;4310;3;8
300.363/2014;4311;1;8
810.724/2019;4313;1;8
810.725/2019;4314;1;8
820.506/2016;4315;3;8
864.125/2015;4316;3;8
871.351/2011;4317;3;8
872.382/2006;4318;3;8
872.964/2010;4319;3;8
860.736/2014;4320;3;8
826.360/2018;4321;3;8
864.181/2018;4322;3;8
860.408/2018;4323;3;8
826.187/2018;4324;3;8
810.066/2016;4325;3;8
890.301/2014;4326;3;8
848.062/2020;4327;1;8
810.098/2019;4328;3;8
810.078/2006;4329;3;8
810.144/2010;4330;3;8
810.648/2012;4331;3;8
858.057/2009;4332;3;8
870.531/2018;4333;3;8
896.119/2017;4334;3;8
861.214/2013;4335;3;8
810.978/2018;4337;3;8
826.049/2017;4338;3;8
826.664/2012;4339;3;8
826.424/2018;4340;3;8
860.592/2013;4341;3;8
810.989/2010;4342;3;8
810.291/2018;4343;3;8
860.189/2018;4344;1;8
810.410/2015;4345;3;8
860.364/2016;4346;3;8
896.367/2000;4347;1;8
896.138/2015;4348;3;8
860.422/2018;4349;1;8
871.024/2016;4350;3;8
872.105/2014;4351;3;8
848.038/2022;4352;2;8
826.661/2013;4353;3;8
878.136/2016;4354;3;8
300.760/2022;4355;2;8
860.281/2017;4356;3;8
831.268/2018;4357;3;8
840.012/2016;4358;3;8
826.231/2013;4359;3;8
800.281/2017;4360;3;8
301.403/2022;4361;2;8
860.586/2016;4362;3;8
860.846/2018;4363;3;8
844.053/2014;4364;3;8
827.106/2013;4365;3;8
826.276/2018;4366;3;8
860.748/2019;4367;1;8
860.039/2018;4368;3;8
826.084/2020;4369;1;8
890.018/2007;4370;1;8
870.438/2019;4371;3;8
810.233/2011;4372;3;8
840.311/2016;4373;3;8
878.094/2012;4374;3;8
860.747/2019;4375;1;8
896.555/1995;4376;1;8
860.182/2019;4377;3;8
810.405/2018;4378;3;8
810.696/2018;4379;3;8
826.226/2018;4380;3;8
810.477/2009;4381;3;8
810.695/2018;4382;3;8
810.262/2018;4383;3;8
810.235/1999;4384;1;8
861.015/2021;4385;2;8
810.021/2017;4386;1;8
826.820/2016;4387;3;8
870.594/2017;4388;3;8
871.299/2017;4389;3;8
871.754/2015;4390;3;8
861.474/2009;4391;3;8
810.585/2021;4392;1;8
810.251/2019;4393;3;8
870.135/2018;4394;3;8
886.136/2019;4395;3;8
810.028/2009;4396;3;8
810.043/2009;4397;3;8
811.122/2011;4398;3;8
810.867/2009;4399;3;8
810.106/2009;4400;3;8
300.410/2023;4401;2;8
811.297/2013;4402;3;8
810.834/2008;4403;3;8
301.197/2022;4404;2;8
810.076/2018;4405;3;8
301.405/2022;4406;2;8
810.046/2014;4407;3;8
811.072/2008;4408;3;8
861.266/2015;4409;3;8
810.033/2009;4410;3;8
810.030/2009;4411;3;8
810.032/2009;4412;3;8
810.031/2009;4413;3;8
860.052/2020;4414;2;8
896.140/2018;4415;3;8
848.238/2022;4416;2;8
840.181/2013;4417;3;8
810.038/2009;4418;3;8
810.036/2009;4419;3;8
810.035/2009;4420;3;8
810.308/2019;4421;3;8
878.008/2021;4422;1;8
872.208/2016;4423;3;8
826.479/2013;4424;3;8
840.028/2023;4425;2;8
811.291/2012;4426;3;8
826.601/2015;4427;3;8
811.441/2011;4428;3;8
826.200/2018;4429;3;8
872.969/2016;4430;3;8
872.966/2016;4431;3;8
872.958/2016;4432;3;8
848.130/2018;4433;3;8
871.742/2016;4435;3;8
871.794/2018;4436;3;8
810.406/2003;4437;3;8
810.019/2016;4438;3;8
300.434/2022;4439;2;8
871.004/2021;4440;2;8
860.375/2021;4441;1;8
810.888/2014;4442;3;8
005.700/1948;4443;1;8
860.413/2014;4444;3;8
860.219/2018;4445;3;8
301.376/2022;4446;2;8
301.375/2022;4447;2;8
810.968/2013;4448;3;8
810.066/2004;4449;1;8
826.259/2020;4450;1;8
826.002/2018;4451;3;8
300.912/2019;4452;2;8
871.503/2019;4453;2;8
300.885/2022;4454;2;8
300.105/2023;4455;2;8
896.428/2003;4456;3;8
860.635/2020;4457;1;8
860.732/2021;4458;1;8
860.811/2021;4459;1;8
860.388/2014;4460;1;8
301.022/2022;4461;2;8
826.201/2018;4462;3;8
811.284/2011;4463;3;8
810.181/2021;4464;1;8
830.032/2009;4465;3;8
867.306/2017;4466;3;8
867.307/2017;4467;3;8
867.309/2017;4468;3;8
867.310/2017;4469;3;8
867.308/2017;4470;3;8
300.849/2009;4471;2;8
300.687/2009;4472;2;8
826.143/2015;4473;1;8
300.954/2022;4474;2;8
300.034/2019;4475;2;8
300.721/2022;4476;2;8
861.165/2015;4477;1;8
860.096/2018;4478;3;8
811.504/2014;4479;2;8
810.954/2008;4480;1;8
300.592/2023;4481;2;8
810.697/2018;4483;3;8
810.716/2021;4484;1;8
301.105/2022;4485;2;8
810.726/2019;4486;1;8
861.325/2015;4487;3;8
810.360/2021;4488;1;8
840.240/2018;4489;3;8
870.839/2019;4490;3;8
300.399/2020;4491;2;8
871.857/2022;4492;2;8
810.738/2021;4493;1;8
832.603/2007;4494;3;8
300.732/2023;4495;2;8
300.731/2023;4496;2;8
851.645/2011;4497;3;8
811.065/2016;4498;1;8
300.192/2023;4499;2;8
860.722/2021;4500;1;8
810.922/2022;4501;2;8
860.607/2017;4502;3;8
861.695/2021;4503;1;8
860.454/2018;4504;3;8
301.245/2022;4505;2;8
811.024/2015;4506;3;8
811.085/2010;4507;3;8
826.171/2019;4508;3;8
860.165/2018;4509;3;8
860.304/2018;4510;3;8
810.054/2020;4511;1;8
810.107/2013;4512;3;8
826.485/2017;4513;3;8
810.366/2021;4514;2;8
830.290/2021;4515;2;8
871.657/2021;4516;1;8
810.472/2017;4517;3;8
848.141/2020;4518;2;8
826.539/2018;4519;3;8
826.490/2018;4520;3;8
826.607/2014;4521;3;8
848.602/2011;4522;3;8
872.146/2017;4523;3;8
830.076/2017;4524;3;8
840.074/2015;4525;1;8
896.004/2019;4526;3;8
896.119/1996;4527;1;8
810.032/2022;4528;2;8
848.140/2015;4529;3;8
861.225/2016;4530;3;8
870.847/2019;4531;3;8
870.437/2019;4532;3;8
832.312/2005;4533;3;8
878.066/2017;4534;3;8
861.639/2013;4535;3;8
861.648/2021;4536;2;8
860.904/2017;4537;3;8
810.457/2021;4538;2;8
860.494/2021;4539;2;8
860.497/2021;4540;1;8
860.922/2016;4541;3;8
860.018/2017;4542;3;8
860.354/2017;4543;3;8
810.418/2017;4544;1;8
860.698/2010;4545;3;8
826.064/2019;4546;3;8
810.299/2016;4547;3;8
810.165/2018;4548;3;8
826.492/2017;4549;3;8
826.635/2015;4550;3;8
300.505/2019;4551;2;8
302.906/2015;4552;2;8
300.508/2018;4553;2;8
872.363/2010;4554;3;8
844.030/2017;4555;3;8
300.428/2019;4556;2;8
820.598/2010;4557;3;8
820.064/2016;4558;3;8
806.115/2017;4559;3;8
864.004/1996;4560;1;8
806.228/2014;4561;1;8
878.095/2011;4562;3;8
826.020/2016;4563;3;8
303.146/2017;4564;2;8
866.344/2017;4565;3;8
866.343/2017;4566;3;8
866.346/2017;4567;3;8
866.347/2017;4568;3;8
871.667/2021;4569;1;8
850.348/2012;4570;1;8
300.575/2019;4571;2;8
832.066/2012;4572;3;8
832.067/2012;4573;2;8
832.068/2012;4574;2;8
872.957/2016;4575;3;8
833.044/2011;4576;3;8
844.072/2010;4577;1;8
884.047/2012;4578;3;8
840.281/2010;4579;3;8
300.132/2019;4580;2;8
810.940/2017;4581;3;8
800.691/1972;4582;1;8
820.149/1980;4583;1;8
810.333/1980;4584;1;8
830.421/1980;4585;1;8
830.571/1986;4586;1;8
890.239/1986;4587;1;8
830.001/1993;4588;1;8
890.449/1992;4589;1;8
815.177/1999;4590;1;8
896.013/2000;4591;1;8
890.129/2001;4592;3;8
840.136/1991;4593;1;8
890.197/1989;4594;1;8
815.171/1999;4595;1;8
815.175/1999;4596;1;8
815.182/1999;4597;1;8
890.382/1993;4598;1;8
890.383/1993;4599;1;8
890.388/1993;4600;1;8
821.665/1999;4601;1;8
896.244/1997;4602;1;8
896.495/2002;4604;1;8
815.454/1999;4605;1;8
870.348/1989;4606;1;8
890.282/2004;4607;3;8
831.985/1988;4608;1;8
815.086/2007;4609;3;8
891.091/1989;4610;1;8
826.091/2000;4611;1;8
815.234/2002;4612;1;8
890.181/1981;4613;1;8
870.331/2007;4614;3;8
820.071/2007;4615;3;8
834.323/2008;4616;1;8
890.169/1992;4617;1;8
815.634/2007;4618;1;8
832.077/2003;4619;1;8
831.745/2005;4620;1;8
820.057/2004;4621;1;8
830.098/1995;4622;1;8
830.841/2005;4623;1;8
815.371/2009;4624;3;8
833.822/2004;4625;1;8
821.201/2001;4626;1;8
886.124/2002;4627;1;8
886.298/2010;4628;1;8
886.440/2011;4629;1;8
860.607/2010;4630;1;8
861.550/2013;4631;1;8
861.562/2013;4632;1;8
826.697/2012;4633;3;8
840.444/2011;4634;3;8
815.495/2010;4635;1;8
890.580/1987;4636;1;8
820.059/2009;4637;3;8
874.112/2011;4638;3;8
840.175/2008;4639;1;8
878.037/2005;4640;1;8
830.030/2002;4641;3;8
840.575/2010;4642;3;8
886.417/2010;4643;3;8
826.448/2001;4644;3;8
896.617/2005;4645;3;8
890.908/1993;4646;1;8
896.127/2003;4647;3;8
896.793/2007;4648;3;8
826.009/2010;4649;3;8
896.479/2004;4650;3;8
820.165/1998;4651;1;8
896.872/2006;4652;3;8
896.433/2008;4653;3;8
820.728/1997;4654;1;8
896.575/2009;4655;3;8
871.981/2003;4656;1;8
870.031/1998;4657;1;8
826.723/2011;4658;3;8
840.411/2008;4659;3;8
890.253/1991;4660;1;8
832.347/2005;4661;3;8
840.042/2014;4662;3;8
840.125/2013;4663;3;8
840.133/2013;4664;3;8
820.944/1998;4665;1;8
818.362/1970;4666;1;8
804.514/1975;4667;1;8
808.915/1973;4668;1;8
805.010/1974;4670;1;8
807.026/1977;4671;1;8
870.072/1978;4672;1;8
840.073/1983;4673;1;8
830.277/1984;4675;1;8
810.283/1985;4677;1;8
840.167/1990;4678;1;8
826.004/1992;4679;1;8
826.301/1992;4680;1;8
831.925/1990;4681;1;8
861.247/1986;4682;1;8
810.253/1992;4683;1;8
830.419/1987;4684;1;8
890.464/1988;4685;1;8
826.514/1995;4687;1;8
846.013/1998;4688;1;8
846.014/1998;4689;1;8
890.073/1989;4690;1;8
830.636/1988;4691;1;8
830.168/1989;4692;1;8
835.212/1993;4693;1;8
836.166/1993;4694;1;8
830.158/1985;4695;1;8
890.173/1988;4696;1;8
890.170/1988;4697;1;8
890.174/1988;4698;1;8
890.177/1988;4699;1;8
890.966/1994;4700;1;8
890.175/1988;4701;1;8
890.176/1988;4702;1;8
890.385/1993;4703;1;8
896.133/1999;4704;1;8
826.445/2000;4705;1;8
830.637/1999;4706;1;8
896.551/2001;4707;1;8
896.661/2001;4708;1;8
891.550/1994;4709;1;8
832.185/1994;4710;1;8
810.193/2003;4711;3;8
820.438/1997;4712;1;8
831.466/2004;4713;1;8
830.050/2002;4714;1;8
815.675/2003;4715;3;8
840.177/1983;4716;1;8
890.280/2004;4717;1;8
890.283/2004;4718;3;8
830.636/1992;4719;1;8
831.368/2006;4720;3;8
826.072/2002;4721;1;8
896.483/2003;4722;1;8
830.463/1990;4723;1;8
830.768/1982;4724;1;8
832.982/2007;4725;3;8
832.983/2007;4726;3;8
846.079/1994;4727;1;8
808.916/1973;4728;1;8
830.574/1994;4729;1;8
896.449/1998;4731;1;8
860.853/2010;4732;1;8
835.051/2007;4733;3;8
831.135/2007;4734;3;8
848.005/2010;4736;1;8
815.658/2005;4737;3;8
848.005/2007;4738;3;8
890.279/2004;4739;1;8
821.083/2011;4740;3;8
861.559/2013;4741;1;8
830.886/2009;4742;3;8
833.470/2010;4743;3;8
890.133/2008;4744;3;8
890.010/2011;4745;3;8
815.043/2013;4746;1;8
861.796/2012;4747;3;8
831.199/2002;4748;1;8
820.714/2002;4749;3;8
861.517/2010;4750;1;8
874.227/2011;4751;3;8
820.251/2008;4752;3;8
820.252/2008;4753;3;8
820.253/2008;4754;3;8
820.254/2008;4755;3;8
820.255/2008;4756;3;8
820.256/2008;4757;3;8
820.250/2008;4758;3;8
886.036/2012;4759;3;8
820.313/2002;4760;1;8
840.074/1992;4761;1;8
820.188/2010;4762;1;8
896.587/2007;4763;3;8
890.263/1994;4764;1;8
846.004/1996;4765;1;8
896.543/1998;4766;1;8
896.620/2011;4767;3;8
814.553/1974;4768;1;8
810.301/2000;4769;1;8
820.144/2009;4770;3;8
890.179/2008;4771;3;8
833.177/2006;4772;1;8
810.049/2001;4773;1;8
826.315/2013;4774;1;8
831.024/1988;4775;1;8
890.266/1993;4776;1;8
896.505/2012;4777;3;8
810.202/2007;4779;3;8
846.008/2002;4780;3;8
846.024/2001;4781;3;8
846.033/2008;4782;1;8
846.010/2008;4783;1;8
862.067/2013;4784;3;8
826.556/2011;4785;3;8
820.291/2001;4789;1;8
890.098/2008;4790;3;8
848.018/2015;4791;3;8
840.049/2011;4792;1;8
820.289/2008;4793;3;8
810.078/1991;4794;1;8
891.140/1994;4795;1;8
820.946/2009;4797;3;8
831.295/2014;4798;3;8
896.162/2000;4799;1;8
826.272/2016;4800;1;8
870.830/2015;4801;1;8
826.062/2014;4802;3;8
810.269/2004;4803;1;8
896.275/2005;4804;1;8
896.318/1998;4805;1;8
830.009/2006;4806;1;8
830.529/1987;4807;1;8
831.360/2006;4808;3;8
831.498/2003;4809;1;8
826.915/2011;4811;3;8
820.601/2008;4812;3;8
820.602/2008;4813;3;8
820.604/2008;4814;3;8
820.606/2008;4815;3;8
820.607/2008;4816;3;8
820.608/2008;4817;3;8
820.610/2008;4818;3;8
820.611/2008;4819;3;8
820.615/2008;4820;3;8
820.617/2008;4821;3;8
820.618/2008;4822;3;8
820.619/2008;4823;3;8
820.620/2008;4824;3;8
832.849/2009;4825;3;8
890.191/1985;4826;1;8
820.613/2008;4827;3;8
820.614/2008;4828;3;8
830.202/2003;4829;1;8
862.272/2011;4830;1;8
826.117/2007;4831;3;8
826.321/2008;4832;3;8
835.452/1994;4833;1;8
826.408/2013;4834;1;8
826.101/2009;4835;3;8
826.789/2011;4836;1;8
886.233/2012;4837;3;8
815.996/1973;4838;1;8
832.057/1989;4839;1;8
896.489/1996;4840;1;8
810.478/2000;4841;3;8
840.169/2013;4842;3;8
831.819/2012;4843;3;8
826.588/2010;4844;3;8
826.329/1999;4845;1;8
826.329/2010;4846;3;8
826.618/2009;4847;3;8
826.632/2010;4848;3;8
832.432/2007;4849;1;8
890.371/1989;4850;1;8
810.004/2005;4851;1;8
831.958/1999;4852;1;8
830.661/2013;4853;3;8
831.911/2013;4854;3;8
832.445/2012;4855;3;8
820.736/2011;4856;3;8
896.614/2002;4857;3;8
890.621/2007;4858;1;8
830.254/2006;4859;1;8
821.382/2013;4860;3;8
896.738/1995;4861;1;8
832.063/2014;4862;1;8
890.477/2006;4863;1;8
820.146/2010;4864;3;8
832.290/2013;4865;3;8
820.440/2011;4866;3;8
840.389/2016;4867;3;8
890.499/2000;4868;1;8
826.867/2016;4869;1;8
831.712/2015;4870;1;8
831.714/2015;4871;1;8
890.460/2004;4872;1;8
890.005/1999;4873;1;8
830.867/2015;4874;1;8
830.466/2014;4875;3;8
840.672/2012;4876;1;8
830.528/1987;4877;1;8
834.284/1995;4878;1;8
831.329/2015;4879;3;8
830.235/2016;4880;1;8
831.313/2015;4881;1;8
890.061/2004;4882;1;8
821.098/2001;4883;1;8
846.005/1999;4884;1;8
896.574/2007;4885;1;8
832.793/2003;4886;1;8
833.482/2010;4887;1;8
830.825/2017;4888;1;8
831.768/2015;4889;3;8
820.372/2012;4890;3;8
820.671/2008;4891;3;8
820.488/2006;4892;3;8
806.091/1975;4893;1;8
830.008/1989;4894;1;8
826.745/2007;4896;1;8
830.551/1980;4897;1;8
831.450/2013;4898;3;8
820.243/2008;4899;1;8
820.032/2001;4900;1;8
840.034/1997;4901;1;8
890.169/2017;4902;3;8
890.197/1999;4903;1;8
831.297/2008;4904;1;8
833.663/1993;4905;1;8
830.108/2011;4906;1;8
810.039/1991;4907;1;8
896.458/2005;4908;1;8
806.879/1973;4909;1;8
805.495/1976;4910;1;8
820.351/1989;4911;1;8
804.143/1977;4912;1;8
800.820/1977;4913;1;8
831.431/2002;4914;1;8
832.744/2002;4915;1;8
830.483/2004;4916;3;8
820.315/1979;4917;1;8
896.687/2003;4918;3;8
860.454/2006;4919;1;8
820.836/2002;4920;3;8
826.391/2004;4921;3;8
800.357/2008;4922;3;8
820.672/2005;4923;1;8
820.409/2005;4924;1;8
820.640/1993;4925;1;8
815.161/2003;4926;1;8
815.162/2003;4927;1;8
815.163/2003;4928;1;8
815.164/2003;4929;1;8
815.165/2003;4930;1;8
815.167/2003;4931;1;8
815.168/2003;4932;1;8
815.169/2003;4933;1;8
815.170/2003;4934;1;8
815.171/2003;4935;1;8
815.173/2003;4936;1;8
815.174/2003;4937;1;8
815.175/2003;4938;1;8
815.176/2003;4939;1;8
815.177/2003;4940;1;8
800.682/2008;4941;3;8
801.069/2008;4942;3;8
880.077/2009;4943;3;8
896.706/2005;4944;1;8
800.836/2008;4945;3;8
878.045/2005;4946;3;8
800.109/2010;4947;3;8
800.110/2010;4948;3;8
800.113/2010;4949;3;8
800.144/2010;4950;3;8
821.446/2001;4951;3;8
800.061/2010;4952;3;8
800.076/2010;4953;3;8
800.221/2005;4954;3;8
873.217/2009;4955;3;8
873.218/2009;4956;3;8
820.768/2006;4957;3;8
872.039/2010;4958;3;8
820.680/2007;4959;1;8
800.196/2011;4960;3;8
800.199/2011;4961;3;8
800.202/2011;4962;3;8
800.203/2011;4963;3;8
800.206/2011;4964;3;8
800.550/2011;4965;3;8
800.553/2011;4966;3;8
800.549/2011;4967;3;8
800.552/2011;4968;3;8
800.560/2011;4969;3;8
800.556/2011;4970;3;8
800.557/2011;4971;3;8
800.562/2011;4972;3;8
800.564/2011;4973;3;8
800.565/2011;4974;3;8
800.566/2011;4975;3;8
800.567/2011;4976;3;8
800.568/2011;4977;3;8
800.570/2011;4978;3;8
800.571/2011;4979;3;8
800.572/2011;4980;3;8
800.573/2011;4981;3;8
800.574/2011;4982;3;8
800.452/2010;4983;3;8
800.916/2010;4984;3;8
800.392/2010;4985;3;8
800.789/2010;4986;3;8
801.032/2010;4987;3;8
800.117/2011;4988;3;8
800.118/2011;4989;3;8
800.120/2011;4990;3;8
800.158/2011;4991;3;8
896.857/2006;4992;3;8
896.848/2008;4993;3;8
880.175/2006;4994;1;8
896.389/2010;4995;3;8
801.095/2011;4996;3;8
820.761/2007;4997;3;8
880.119/2010;4998;3;8
821.313/2001;4999;3;8
831.997/2007;5000;3;8
